Postcode,Subcluster
WN5 7HA,2.2
WN5 7HB,2.2
WN5 7HD,2.2
WN5 7HE,2.2
WN5 7HF,2.2
WN5 7HQ,2.2
WN5 7HR,2.2
WN5 7HS,2.2
WN5 7HT,2.2
WN5 7HU,2.2
WN5 7HY,2.2
WN5 7JA,2.2
WN5 7LA,2.2
WN5 7LB,2.2
WN5 7LD,2.2
WN5 7LE,2.2
WN5 7LF,2.2
WN5 7LG,2.2
WN5 7LH,2.2
WN5 7LJ,2.2
WN5 7LL,2.2
WN5 7LN,2.2
WN5 7LP,2.2
WN5 7LQ,2.2
WN5 7LR,2.2
WN5 7LS,2.2
WN5 7LT,2.2
WN5 7LU,2.2
WN5 7LX,2.2
WN5 7LY,2.2
WN5 7LZ,2.2
WN5 7NB,2.2
WN5 7ND,2.2
WN5 7NE,2.2
WN5 7NF,2.2
WN5 7NG,2.2
WN5 7NH,2.2
WN5 7NJ,2.2
WN5 7NL,2.2
WN5 7NN,2.2
WN5 7NP,2.2
WN5 7NR,2.2
WN5 7NS,2.2
WN5 7NT,2.2
WN5 7NU,2.2
WN5 7NW,2.2
WN5 7NX,2.2
WN5 7NY,2.2
WN5 7NZ,2.1
WN5 7PA,2.2
WN5 7PB,2.1
WN5 7PD,2.2
WN5 7PE,2.2
WN5 7PF,2.1
WN5 7PG,2.2
WN5 7PJ,2.1
WN5 7PL,2.1
WN5 7PN,2.2
WN5 7PP,2.1
WN5 7PQ,2.1
WN5 7PR,2.1
WN5 7PS,2.2
WN5 7PT,2.1
WN5 7PU,2.2
WN5 7PW,2.2
WN5 7PX,2.2
WN5 7PY,2.2
WN5 7PZ,2.2
WN5 7QA,2.1
WN5 7QD,2.1
WN5 7QE,2.1
WN5 7QF,2.1
WN5 7QG,2.1
WN5 7QH,2.1
WN5 7QJ,2.1
WN5 7QL,2.1
WN5 7QN,2.1
WN5 7QP,2.1
WN5 7QQ,2.1
WN5 7QR,2.1
WN5 7QS,2.1
WN5 7QT,2.1
WN5 7QU,2.1
WN5 7QW,2.1
WN5 7QX,2.1
WN5 7QY,2.1
WN5 7QZ,2.1
WN5 7RX,2.1
WN5 7RY,2.1
WN5 7RZ,2.1
WN5 7SA,2.1
WN5 7SB,2.1
WN5 7SD,2.1
WN5 7SE,2.1
WN5 7SF,2.1
WN5 7TA,2.2
WN5 7TB,2.2
WN5 7TD,2.2
WN5 7TE,2.1
WN5 7TF,2.1
WN5 7TG,2.1
WN5 7TH,2.1
WN5 7TJ,2.2
WN5 7TL,2.1
WN5 7TN,2.1
WN5 7TP,2.1
WN5 7TQ,2.1
WN5 7TR,2.1
WN5 7TS,2.1
WN5 7TT,2.1
WN5 7TU,2.1
WN5 7TW,2.1
WN5 7TX,2.1
WN5 7TY,2.1
WN5 7TZ,2.1
WN5 7UA,2.2
WN5 7UB,2.1
WN5 7UD,2.1
WN5 7UE,2.1
WN5 7XR,2.2
WN5 7BW,2.2
WN4 9PH,1.2
WN4 0PA,3.2
WN4 0PW,3.2
WN4 0PX,3.2
WN4 0PY,3.2
WN4 0PZ,3.2
WN4 0QA,3.2
WN4 0QB,3.2
WN4 0QD,3.2
WN4 0QF,3.2
WN4 0QG,3.2
WN4 0QJ,3.2
WN4 0QL,3.2
WN4 0QN,3.2
WN4 0QP,3.2
WN4 0QR,3.2
WN4 0QS,3.2
WN4 0QT,3.2
WN4 0QU,3.2
WN4 0QW,3.2
WN4 0QX,3.2
WN4 0QY,3.2
WN4 0QZ,3.2
WN4 0RB,3.2
WN4 0RD,3.2
WN4 0RE,3.2
WN4 0RF,3.2
WN4 0RG,3.2
WN4 0RH,3.3
WN4 0RJ,3.3
WN4 0RL,3.3
WN4 0RN,3.3
WN4 0RP,3.3
WN4 0RQ,3.3
WN4 0RR,3.2
WN4 0RS,3.2
WN4 0RT,3.2
WN4 0RU,3.3
WN4 0RW,3.3
WN4 0RX,3.3
WN4 0RY,3.3
WN4 0SA,3.2
WN4 0SB,3.2
WN4 0SD,3.2
WN4 0SE,3.2
WN4 0SF,3.2
WN4 0SG,3.2
WN4 0SH,3.2
WN4 0SJ,3.2
WN4 0SL,3.2
WN4 0SN,3.2
WN4 0SP,3.2
WN4 0SQ,3.2
WN4 0SR,3.2
WN4 0SS,3.2
WN4 0ST,3.2
WN4 0SU,3.3
WN4 0SW,3.2
WN4 0SY,3.2
WN4 0SZ,3.3
WN4 0TA,3.2
WN4 0TB,3.2
WN4 0TT,3.2
WN4 0TU,3.2
WN4 0TX,3.2
WN4 0TY,3.2
WN4 0TZ,3.2
WN4 0UA,3.2
WN4 0UB,3.2
WN4 0UD,3.2
WN4 0UE,3.3
WN4 0UF,3.3
WN4 0UG,3.2
WN4 0UH,3.3
WN4 0UQ,3.2
WN4 0UT,3.2
WN4 0UU,3.2
WN4 0XA,3.2
WN4 0XD,3.2
WN4 0XH,3.2
WN4 0XJ,3.2
WN4 0XL,3.2
WN4 0XR,3.2
WN4 0XS,3.2
WN4 0XU,3.2
WN4 0YA,3.2
WN4 0YB,3.2
WN4 0YD,3.2
WN4 0YF,3.2
WN4 0YT,3.2
WN4 0YU,3.2
WN4 0YX,3.2
WA9 5LQ,0.1
WA9 5LR,1.1
WA9 5LS,1.1
WA9 5LT,1.1
WA9 5LU,1.1
WA9 5LW,0.1
WA9 5LX,1.1
WA9 5LY,1.1
WA9 5LZ,1.1
WA9 5NA,1.1
WA9 5NB,1.1
WA9 5ND,1.1
WA9 5NF,1.2
WA9 5NH,1.1
WA9 5NJ,1.1
WA9 5NL,1.1
WA9 5NN,1.1
WA9 5NP,0.1
WA9 5NQ,1.1
WA9 5NR,0.1
WA9 5NU,1.1
WA9 5NW,0.1
WA9 5NX,1.1
WA9 5NY,1.1
WA9 5NZ,1.1
WA9 5PA,1.1
WA9 5PE,1.1
WA9 5PG,1.1
WA9 5PH,1.1
WA9 5PJ,1.1
WA9 5PL,1.1
WA9 5PN,1.1
WA9 5PP,0.1
WA9 5PR,1.1
WA9 5PS,1.2
WA9 5PT,0.1
WA9 5PU,0.1
WA9 5PW,1.2
WA9 5PX,1.1
WA9 5PY,1.1
WA9 5PZ,1.1
WA9 5QA,1.1
WA9 5QB,1.2
WA9 5QD,1.1
WA9 5QE,1.2
WA9 5QF,1.1
WA9 5QG,1.1
WA9 5QH,1.1
WA9 5QL,1.1
WA9 5QN,1.1
WA9 5QP,1.1
WA9 5QQ,1.1
WA9 5QR,1.1
WA9 5QS,1.1
WA9 5QT,1.1
WA9 5QU,1.1
WA9 5QW,1.1
WA9 5QX,1.1
WA9 5QY,1.1
WA9 5QZ,1.2
WA9 5RA,1.2
WA9 5RD,1.2
WA9 5RE,1.2
WA9 5RH,1.1
WA9 5RJ,1.1
WA9 5RL,1.2
WA9 5RN,1.1
WA9 5RP,1.1
WA9 5RQ,1.1
WA9 5RR,1.1
WA9 5RS,1.1
WA9 5RT,1.2
WA9 5RU,1.2
WA9 5RW,1.1
WA9 5RX,1.2
WA9 5RY,1.2
WA9 5RZ,1.2
WA9 5SA,1.2
WA9 5SB,1.2
WA9 5SD,1.2
WA9 5SE,1.2
WA9 5SF,1.2
WA9 5SG,1.2
WA9 5SH,1.2
WA9 5SJ,1.2
WA9 5SL,1.2
WA9 5SN,1.2
WA9 5SP,1.2
WA9 5SQ,1.2
WA9 5SS,0.1
WA9 5ST,0.1
WA9 5SU,0.1
WA9 5SW,1.2
WA9 5SX,1.2
WA9 5SY,1.2
WA9 5SZ,1.2
WA9 5TA,1.2
WA9 5TB,1.2
WA9 5TD,0.1
WA9 5TE,1.2
WA9 5TH,1.2
WA9 5TL,1.2
WA9 5TN,1.2
WA9 5TW,0.1
WA9 5TX,0.1
WA9 5TY,0.1
WA9 4UP,1.2
WA9 4UQ,1.2
WA9 4UR,1.2
WA9 4US,1.2
WA9 4UT,1.2
WA9 4UU,1.2
WA9 4UW,1.2
WA9 4UX,1.2
WA9 4UY,1.2
WA9 4UZ,1.2
WA9 4WA,1.1
WA9 4WB,1.1
WA9 4WD,1.1
WA9 5TZ,0.1
WA9 5UA,3.3
WA9 5UB,3.3
WA9 5UD,3.3
WA9 5UE,3.3
WA9 5UF,3.3
WA9 5UG,3.3
WA9 5UH,3.3
WA9 5UJ,3.3
WA9 5UL,3.3
WA9 5UN,3.3
WA9 5UP,0.1
WA9 5UQ,3.3
WA9 5UR,0.1
WA9 5US,0.1
WA9 5UT,0.1
WA9 5UU,0.1
WA9 5UW,0.1
WA9 5UX,0.1
WA9 5UY,0.1
WA9 5UZ,0.1
WA9 5WB,0.1
WA9 5WD,0.1
WA9 5WE,0.1
WA9 5WF,0.1
WA9 5WG,0.1
WA9 5WH,0.1
WA9 5WJ,0.1
WA9 5WL,0.1
WA9 5WP,0.1
WA9 4WE,1.1
WA9 4WF,1.1
WA9 4WG,1.1
WA9 4WH,3.3
WA9 4WH,3.1
WA9 4WJ,3.3
WA9 4WJ,3.1
WA9 4WL,3.3
WA9 4WL,3.1
WA9 4WP,3.3
WA9 4WP,3.1
WA9 4WQ,3.3
WA9 4WQ,3.1
WA9 4WR,3.3
WA9 4WR,3.1
WA9 4WZ,1.2
WA9 4XA,0.1
WA9 4XB,1.2
WA9 4XD,1.2
WA9 4XE,1.2
WA9 4XH,0.1
WA9 4XJ,0.1
WA9 4XL,0.1
WA9 4XN,1.2
WA9 4XP,1.2
WA9 4XQ,0.1
WA9 4XS,3.3
WA9 4XS,3.1
WA9 4XU,1.1
WA9 4XW,0.1
WA9 4XZ,0.1
WA9 4YA,0.1
WA9 4YB,0.1
WA9 4YD,0.1
WA9 4YE,0.1
WA9 4YH,0.1
WA9 4YL,1.2
WA9 4YP,1.1
WA9 4YR,1.2
WA9 4YU,1.2
WA9 4ZA,3.3
WA9 4ZA,3.1
WA9 4ZB,3.3
WA9 4ZB,3.1
WA9 4ZD,3.3
WA9 4ZD,3.1
WA9 4ZE,3.3
WA9 4ZE,3.1
WA9 4ZF,3.3
WA9 4ZF,3.1
WA9 4ZG,3.3
WA9 4ZG,3.1
WA9 4ZH,3.3
WA9 4ZH,3.1
WA9 4ZJ,3.3
WA9 4ZJ,3.1
WA9 4ZL,3.3
WA9 4ZL,3.1
WA9 4ZN,3.3
WA9 4ZN,3.1
WA9 4ZP,3.3
WA9 4ZP,3.1
WA9 4ZQ,3.3
WA9 4ZQ,3.1
WA9 4ZR,3.3
WA9 4ZR,3.1
WA9 4ZS,3.3
WA9 4ZS,3.1
WA9 4ZT,3.3
WA9 4ZT,3.1
WA9 4ZU,3.3
WA9 4ZU,3.1
WA9 5AA,1.1
WA9 5AB,1.1
WA9 5AD,1.1
WA9 5AE,1.1
WA9 5AF,1.1
WA9 5AG,0.1
WA9 5AJ,1.1
WA9 5AL,1.1
WA9 5AN,1.1
WA9 5AP,1.1
WA9 5AR,1.1
WA9 5AS,1.1
WA9 5AU,1.1
WA9 5AX,1.1
WA9 5AY,1.1
WA9 5AZ,0.1
WA9 5BA,0.1
WA9 5BD,0.1
WA9 5BE,1.2
WA9 5BF,0.1
WA9 5BJ,0.1
WA9 5BL,0.1
WA9 5BN,1.1
WA9 5BP,0.1
WA9 5BQ,0.1
WA9 5BT,0.1
WA9 5BU,0.1
WA9 5BX,0.1
WA9 5BY,0.1
WA9 5DA,0.1
WA9 5DB,3.3
WA9 5DD,1.1
WA9 5DE,1.1
WA9 5DG,1.1
WA9 5DH,1.1
WA9 5DJ,1.1
WA9 5DL,1.1
WA9 5DQ,1.1
WA9 5DR,1.1
WA9 5DS,1.1
WA9 5DT,1.1
WA9 5DZ,1.2
WA9 5EA,0.1
WA9 5EG,1.2
WA9 5EH,1.2
WA9 5EJ,1.2
WA9 5EL,1.2
WA9 4FT,3.3
WA9 4FT,3.1
WA9 4FW,3.3
WA9 4FW,3.1
WA9 4FX,3.3
WA9 4FX,3.1
WA9 4FY,3.3
WA9 4FY,3.1
WA9 4GA,1.1
WA9 4GB,1.1
WA9 4GD,1.1
WA9 4GE,1.1
WA9 4GF,1.1
WA9 4GG,1.1
WA9 4GH,1.1
WA9 4GJ,1.1
WA9 4GL,1.1
WA9 4GN,1.1
WA9 4GP,1.1
WA9 4GQ,1.1
WA9 4GR,1.1
WA9 4GS,1.1
WA9 4GT,1.1
WA9 4GU,1.1
WA9 5EN,1.2
WA9 5EP,1.2
WA9 5EQ,1.2
WA9 5ER,1.2
WA9 5ES,1.2
WA9 5ET,1.2
WA9 5EU,1.2
WA9 5EW,1.2
WA9 5EX,1.2
WA9 5EY,1.1
WA9 5EZ,1.1
WA9 5FQ,0.1
WA9 5FR,1.1
WA9 5FS,1.1
WA9 5FT,0.1
WA9 5FW,0.1
WA9 5FX,0.1
WA9 5FY,1.1
WA9 5FZ,1.1
WA9 5GA,3.3
WA9 5GB,3.3
WA9 5GD,3.3
WA9 5GE,3.3
WA9 5GG,1.2
WA9 5GH,1.1
WA9 5GJ,0.1
WA9 5GL,1.1
WA9 5GP,1.1
WA9 5GQ,1.1
WA9 5GR,1.1
WA9 5GZ,1.1
WA9 5HA,1.1
WA9 5HB,1.2
WA9 5HD,1.2
WA9 5HE,1.2
WA9 5HF,1.2
WA9 5HG,1.2
WA9 5HJ,1.2
WA9 5HL,1.2
WA9 5HN,1.2
WA9 5HP,1.2
WA9 5HQ,1.2
WA9 5HR,0.1
WA9 5HS,1.2
WA9 5HT,1.2
WA9 5HU,1.2
WA9 5HW,1.2
WA9 5HX,1.2
WA9 5HY,1.2
WA9 5HZ,1.2
WA9 5JA,1.2
WA9 5JB,1.2
WA9 5JD,1.1
WA9 5JE,1.1
WA9 5JF,1.2
WA9 5JG,1.2
WA9 5JH,1.1
WA9 5JJ,1.1
WA9 5JL,1.1
WA9 5JN,1.1
WA9 5JP,1.1
WA9 5JQ,1.1
WA9 5JR,1.1
WA9 5JS,1.1
WA9 5JT,1.1
WA9 5JW,1.1
WA9 5JX,1.1
WA9 5JY,1.1
WA9 5JZ,1.1
WA9 5LA,0.1
WA9 5LB,1.1
WA9 5LE,1.1
WA9 5LG,1.1
WA9 5LH,0.1
WA9 5LJ,0.1
WA9 5LL,0.1
WA9 5LN,0.1
WA9 5LP,0.1
WA9 4GW,1.1
WA9 4GX,1.1
WA9 4GY,1.1
WA9 4GZ,1.1
WA9 4HA,0.1
WA9 4HB,0.1
WA9 4HD,0.1
WA9 4HE,0.1
WA9 4HF,0.1
WA9 4HG,0.1
WA9 4HH,0.1
WA9 4HJ,0.1
WA9 4HL,0.1
WA9 4HN,0.1
WA9 4HP,0.1
WA9 4HQ,0.1
WA9 4HR,0.1
WA9 4HS,0.1
WA9 4HT,0.1
WA9 4HU,0.1
WA9 4HW,0.1
WA9 4HX,3.3
WA9 4HX,3.1
WA9 4HY,3.3
WA9 4HY,3.1
WA9 4HZ,3.3
WA9 4HZ,3.1
WA9 4JB,3.3
WA9 4JB,3.1
WA9 4JG,3.3
WA9 4JG,3.1
WA9 4JH,3.3
WA9 4JH,3.1
WA9 4JJ,3.3
WA9 4JJ,3.1
WA9 4JL,3.3
WA9 4JL,3.1
WA9 4JN,3.3
WA9 4JN,3.1
WA9 4JP,3.3
WA9 4JP,3.1
WA9 4JQ,3.3
WA9 4JQ,3.1
WA9 4JR,0.1
WA9 4JS,0.1
WA9 4JT,0.1
WA9 4JW,3.3
WA9 4JW,3.1
WA9 4JX,0.1
WA9 4JY,0.1
WA9 4JZ,0.1
WA9 4LA,0.1
WA9 4LB,0.1
WA9 4LD,0.1
WA9 4LF,0.1
WA9 4LG,0.1
WA9 4LH,0.1
WA9 4LL,0.1
WA9 4LN,3.3
WA9 4LN,3.1
WA9 4LP,3.3
WA9 4LP,3.1
WA9 4LQ,0.1
WA9 4LR,3.3
WA9 4LR,3.1
WA9 4LT,1.1
WA9 4LU,1.1
WA9 4LX,1.1
WA9 4LY,0.1
WA9 4LZ,0.1
WA9 4NA,0.1
WA9 4NB,0.1
WA9 4ND,0.1
WA9 4NE,0.1
WA9 4NF,0.1
WA9 4NG,0.1
WA9 4NH,0.1
WA9 4NJ,0.1
WA9 4NL,0.1
WA9 4NN,0.1
WA9 4NQ,0.1
WA9 4NS,0.1
WA9 4NT,0.1
WA9 4NU,0.1
WA9 4NW,0.1
WA9 4NX,0.1
WA9 4NY,0.1
WA9 4NZ,0.1
WA9 4PA,0.1
WA9 4PB,0.1
WA9 4PD,0.1
WA9 4PE,0.1
WA9 4PF,0.1
WA9 4PG,0.1
WA9 4PH,0.1
WA9 4PJ,0.1
WA9 4PL,0.1
WA9 4PQ,0.1
WA9 4PR,1.2
WA9 4PS,0.1
WA9 4PT,0.1
WA9 4PU,0.1
WA9 4PW,3.3
WA9 4PW,3.1
WA9 4PX,3.3
WA9 4PX,3.1
WA9 4PY,3.3
WA9 4PY,3.1
WA9 4PZ,0.1
WA9 4QB,1.1
WA9 4QF,1.1
WA9 4QG,1.1
WA9 4QJ,0.1
WA9 4QL,0.1
WA9 3QR,1.2
WA9 3QS,1.2
WA9 3QT,1.2
WA9 3QW,1.2
WA9 3QX,1.2
WA9 3QY,1.2
WA9 3QZ,1.2
WA9 3RA,1.2
WA9 3RB,1.2
WA9 3RD,1.2
WA9 3RE,1.2
WA9 3RF,1.2
WA9 3RG,1.2
WA9 3RH,1.2
WA9 3RJ,1.2
WA9 3RL,1.2
WA9 3RN,1.2
WA9 3RP,1.2
WA9 3RQ,1.2
WA9 3RR,1.1
WA9 3RS,1.2
WA9 3RT,1.2
WA9 3RU,1.2
WA9 3RX,1.2
WA9 3RY,1.2
WA9 3RZ,1.2
WA9 3SA,1.2
WA9 4QN,1.2
WA9 4QP,1.2
WA9 4QR,1.2
WA9 4QS,1.2
WA9 4QU,1.2
WA9 4QW,1.2
WA9 4QX,1.2
WA9 4QY,1.1
WA9 4QZ,1.1
WA9 4RA,1.1
WA9 4RB,1.2
WA9 4RD,1.1
WA9 4RE,1.1
WA9 4RF,1.1
WA9 4RG,1.1
WA9 4RH,1.1
WA9 4RJ,1.1
WA9 4RL,1.1
WA9 4RN,1.1
WA9 4RP,1.1
WA9 4RQ,1.1
WA9 4RR,0.1
WA9 4RS,0.1
WA9 4RT,0.1
WA9 4RU,1.2
WA9 4RW,1.1
WA9 4RX,1.2
WA9 4RY,1.1
WA9 4RZ,1.1
WA9 4SA,1.1
WA9 4SB,1.1
WA9 4SD,1.2
WA9 4SF,1.2
WA9 4SG,1.2
WA9 4SH,1.2
WA9 4SJ,1.2
WA9 4SL,1.2
WA9 4SN,1.2
WA9 4SP,1.2
WA9 4SQ,1.2
WA9 4SR,1.2
WA9 4SS,1.2
WA9 4ST,1.2
WA9 4SU,0.1
WA9 4SW,1.2
WA9 4SX,1.2
WA9 4SY,1.2
WA9 4SZ,1.2
WA9 4TA,1.2
WA9 4TE,3.3
WA9 4TE,3.1
WA9 4TF,1.2
WA9 4TG,1.2
WA9 4TJ,1.2
WA9 4TL,1.1
WA9 4TP,0.1
WA9 4TR,1.1
WA9 4TS,0.1
WA9 4TT,1.2
WA9 4TU,1.2
WA9 4TW,0.1
WA9 4TX,3.3
WA9 4TX,3.1
WA9 4TY,1.2
WA9 4TZ,1.2
WA9 4UA,1.2
WA9 4UB,1.2
WA9 4UD,1.2
WA9 4UE,1.2
WA9 4UF,1.2
WA9 4UG,1.2
WA9 4UH,1.2
WA9 4UL,1.2
WA9 4UN,1.2
WA9 3SB,1.2
WA9 3SD,1.2
WA9 3SE,1.2
WA9 3SF,1.2
WA9 3SG,1.1
WA9 3SH,1.1
WA9 3SJ,1.1
WA9 3SL,0.1
WA9 3SN,1.1
WA9 3SP,1.1
WA9 3SQ,1.1
WA9 3SS,1.1
WA9 3ST,1.1
WA9 3SU,1.1
WA9 3SX,1.1
WA9 3TA,0.1
WA9 3TB,0.1
WA9 3TD,0.1
WA9 3TE,0.1
WA9 3TF,0.1
WA9 3TG,0.1
WA9 3TH,0.1
WA9 3TJ,0.1
WA9 3TL,0.1
WA9 3TN,0.1
WA9 3TP,0.1
WA9 3TQ,0.1
WA9 3TR,0.1
WA9 3TS,0.1
WA9 3TT,0.1
WA9 3TU,0.1
WA9 3TW,0.1
WA9 3TX,0.1
WA9 3TY,0.1
WA9 3TZ,0.1
WA9 3UA,0.1
WA9 3UB,0.1
WA9 3UD,0.1
WA9 3UE,0.1
WA9 3UF,0.1
WA9 3UG,1.1
WA9 3UH,0.1
WA9 3UJ,0.1
WA9 3UL,0.1
WA9 3UN,0.1
WA9 3UP,0.1
WA9 3UQ,0.1
WA9 3UR,0.1
WA9 3UT,0.1
WA9 3UU,0.1
WA9 3UW,0.1
WA9 3UX,0.1
WA9 3UY,0.1
WA9 3UZ,0.1
WA9 3WA,1.1
WA9 3WB,1.1
WA9 3WD,1.1
WA9 3WE,1.1
WA9 3WF,1.1
WA9 3WG,1.1
WA9 3WH,1.1
WA9 3WJ,1.1
WA9 3WL,1.1
WA9 3WP,1.1
WA9 3WQ,1.1
WA9 3WR,1.1
WA9 3WT,1.1
WA9 3WU,1.1
WA9 3WW,1.1
WA9 3WX,1.1
WA9 3WY,1.1
WA9 3XA,0.1
WA9 3XB,0.1
WA9 3XD,0.1
WA9 3XE,0.1
WA9 3XF,0.1
WA9 3XG,0.1
WA9 3XH,0.1
WA9 3XJ,1.1
WA9 3XL,1.1
WA9 3XN,1.1
WA9 3XQ,1.1
WA9 3XR,0.1
WA9 3XS,1.1
WA9 3XT,1.1
WA9 3XU,1.1
WA9 3XW,0.1
WA9 3XX,1.1
WA9 3YA,0.1
WA9 3YG,1.1
WA9 3ZA,1.1
WA9 3ZB,1.1
WA9 3ZD,1.1
WA9 4AD,1.2
WA9 4AE,1.2
WA9 4AF,1.2
WA9 4AG,1.2
WA9 2QB,1.2
WA9 2QD,1.2
WA9 2QE,1.2
WA9 2QF,1.2
WA9 2QG,1.2
WA9 2QH,1.2
WA9 2QJ,1.2
WA9 2QL,1.2
WA9 2QN,1.2
WA9 2QQ,1.2
WA9 2QS,1.2
WA9 2QY,1.2
WA9 2QZ,1.2
WA9 2RA,1.2
WA9 2RB,1.2
WA9 2RD,1.2
WA9 2RJ,1.2
WA9 2RL,1.2
WA9 2RT,1.2
WA9 2RU,1.2
WA9 3AB,1.2
WA9 3AD,1.2
WA9 3AE,1.2
WA9 3AF,1.2
WA9 3AG,1.2
WA9 3AH,1.2
WA9 3AL,1.1
WA9 3AP,1.2
WA9 3AQ,1.2
WA9 3AR,1.1
WA9 3AS,1.2
WA9 3AT,1.1
WA9 3AX,1.1
WA9 4AH,1.2
WA9 4AJ,1.2
WA9 4AL,1.2
WA9 4AN,1.2
WA9 4AP,1.2
WA9 4AQ,1.2
WA9 4AR,1.2
WA9 4AS,1.2
WA9 4AT,1.2
WA9 4AW,1.2
WA9 4AY,1.2
WA9 4BA,1.2
WA9 4BB,1.2
WA9 4BD,1.2
WA9 4BE,1.2
WA9 4BF,1.2
WA9 4BG,1.2
WA9 4BH,1.2
WA9 4BJ,1.2
WA9 4BL,1.2
WA9 4BN,1.2
WA9 4BQ,1.2
WA9 4BS,1.2
WA9 4BT,1.2
WA9 4BU,1.2
WA9 4BW,1.2
WA9 4BX,1.2
WA9 4BZ,0.1
WA9 4DA,0.1
WA9 4DB,0.1
WA9 4DD,0.1
WA9 4DE,0.1
WA9 4DF,0.1
WA9 4DG,0.1
WA9 4DH,0.1
WA9 4DJ,0.1
WA9 4DL,0.1
WA9 4DN,0.1
WA9 4DP,1.1
WA9 4DQ,0.1
WA9 4DR,0.1
WA9 4DS,0.1
WA9 4DT,0.1
WA9 4DU,0.1
WA9 4DW,0.1
WA9 4DX,0.1
WA9 4DY,0.1
WA9 4DZ,1.1
WA9 4EA,1.1
WA9 4EB,3.3
WA9 4EB,3.1
WA9 4ED,1.1
WA9 4EE,3.3
WA9 4EE,3.1
WA9 4EF,3.3
WA9 4EF,3.1
WA9 4EH,1.1
WA9 4EL,1.1
WA9 4EP,0.1
WA9 4ER,0.1
WA9 4ES,0.1
WA9 4ET,0.1
WA9 4EU,0.1
WA9 4EW,1.1
WA9 4EX,0.1
WA9 4EY,0.1
WA9 4EZ,0.1
WA9 4FS,0.1
WA9 3AY,1.1
WA9 3AZ,1.1
WA9 3BD,1.1
WA9 3BE,1.1
WA9 3BF,1.1
WA9 3BG,1.1
WA9 3BH,1.1
WA9 3BJ,1.1
WA9 3BL,1.1
WA9 3BN,1.1
WA9 3BP,1.1
WA9 3BQ,1.1
WA9 3BS,1.1
WA9 3BT,1.1
WA9 3BX,1.1
WA9 3BY,1.1
WA9 3BZ,1.1
WA9 3DA,1.1
WA9 3DB,1.1
WA9 3DD,1.1
WA9 3DE,1.1
WA9 3DH,1.1
WA9 3DJ,1.1
WA9 3DL,1.1
WA9 3DP,1.1
WA9 3DQ,1.1
WA9 3DR,1.1
WA9 3DU,1.1
WA9 3DX,1.1
WA9 3DZ,1.1
WA9 3EB,1.1
WA9 3EE,1.1
WA9 3EG,1.1
WA9 3EH,1.1
WA9 3EJ,1.1
WA9 3EL,1.1
WA9 3EN,1.1
WA9 3EQ,1.1
WA9 3ER,1.1
WA9 3EW,1.1
WA9 3EX,1.1
WA9 3EZ,1.1
WA9 3FA,0.1
WA9 3FB,0.1
WA9 3FD,1.1
WA9 3FE,1.1
WA9 3FF,1.1
WA9 3GB,1.2
WA9 3GD,1.2
WA9 3GE,1.2
WA9 3GF,1.2
WA9 3GG,1.2
WA9 3GH,1.2
WA9 3GJ,1.2
WA9 3GL,1.1
WA9 3GQ,1.1
WA9 3GR,3.3
WA9 3GR,3.1
WA9 3GT,3.3
WA9 3GT,3.1
WA9 3HA,1.1
WA9 3HD,1.2
WA9 3HE,1.2
WA9 3HF,1.2
WA9 3HJ,1.2
WA9 3HL,1.1
WA9 3HN,1.2
WA9 3HP,1.2
WA9 3HR,3.3
WA9 3HR,3.1
WA9 3HS,1.2
WA9 3HT,3.3
WA9 3HT,3.1
WA9 3HW,1.2
WA9 3HX,3.3
WA9 3HX,3.1
WA9 3HY,3.3
WA9 3HY,3.1
WA9 3HZ,1.2
WA9 3JA,1.2
WA9 3JF,1.1
WA9 3JG,1.1
WA9 3JH,1.1
WA9 3JJ,1.1
WA9 3JL,3.3
WA9 3JL,3.1
WA9 3JN,1.1
WA9 3JP,1.1
WA9 3JQ,1.1
WA9 3JR,1.1
WA9 3JS,1.1
WA9 3JT,1.1
WA9 3JU,1.1
WA9 3JX,1.1
WA9 3JY,1.1
WA9 3JZ,1.1
WA9 3LA,1.1
WA9 3LB,1.1
WA9 3LD,1.2
WA9 3LE,3.3
WA9 3LE,3.1
WA9 3LF,1.1
WA9 3LG,1.1
WA9 3LH,1.1
WA9 1NX,1.2
WA9 1NY,1.2
WA9 1NZ,1.2
WA9 1PA,1.2
WA9 1PB,1.2
WA9 1PD,1.2
WA9 1PE,1.2
WA9 1PF,1.2
WA9 1PG,1.2
WA9 1PH,1.2
WA9 1PJ,1.2
WA9 1PL,1.2
WA9 1PN,1.2
WA9 1PQ,1.2
WA9 1PT,1.2
WA9 1PX,1.1
WA9 1PY,1.2
WA9 1PZ,1.2
WA9 1QA,1.2
WA9 1QB,1.2
WA9 1QD,1.2
WA9 1QE,1.2
WA9 1QF,1.2
WA9 1QG,1.2
WA9 1QH,1.2
WA9 1QL,1.2
WA9 1QN,1.2
WA9 1QT,1.2
WA9 1QU,1.2
WA9 1QW,1.2
WA9 1QX,1.2
WA9 1QY,1.2
WA9 1QZ,1.2
WA9 1RB,1.2
WA9 1RD,1.2
WA9 1RE,1.2
WA9 1RF,1.2
WA9 1RG,1.2
WA9 1RH,1.2
WA9 1RJ,1.2
WA9 1RL,1.2
WA9 3LJ,1.1
WA9 3LL,1.1
WA9 3LN,1.1
WA9 3LP,1.1
WA9 3LQ,1.1
WA9 3LR,1.1
WA9 3LS,1.1
WA9 3LT,1.1
WA9 3LU,1.1
WA9 3LW,1.1
WA9 3LX,1.1
WA9 3LY,1.1
WA9 3NA,1.1
WA9 3NB,1.1
WA9 3ND,1.1
WA9 3NE,1.1
WA9 3NF,1.1
WA9 3NG,0.1
WA9 3NH,0.1
WA9 3NJ,0.1
WA9 3NL,1.1
WA9 3NN,1.1
WA9 3NP,1.1
WA9 3NQ,0.1
WA9 3NR,1.1
WA9 3NT,1.1
WA9 3NU,1.1
WA9 3NX,0.1
WA9 3NY,1.1
WA9 3NZ,1.1
WA9 3PA,1.1
WA9 3PB,1.1
WA9 3PD,1.1
WA9 3PE,1.1
WA9 3PG,1.1
WA9 3PH,1.1
WA9 3PL,1.1
WA9 3PN,1.1
WA9 3PP,1.1
WA9 3PQ,1.1
WA9 3PR,1.1
WA9 3PS,1.1
WA9 3PT,1.1
WA9 3PU,1.1
WA9 3PW,1.1
WA9 3PX,1.1
WA9 3PY,1.1
WA9 3PZ,1.1
WA9 3QA,1.1
WA9 3QB,1.1
WA9 3QD,1.1
WA9 3QE,1.1
WA9 3QF,1.1
WA9 3QH,1.1
WA9 3QJ,1.2
WA9 3QL,1.2
WA9 3QP,1.2
WA9 3QQ,1.1
WA9 1RQ,1.2
WA9 1RR,1.2
WA9 1RS,1.2
WA9 1RT,1.2
WA9 1RU,1.2
WA9 1RX,1.2
WA9 1RY,1.2
WA9 1RZ,1.2
WA9 1SA,1.2
WA9 1SB,1.2
WA9 1SE,1.2
WA9 1SF,1.2
WA9 1SH,1.2
WA9 1SJ,1.2
WA9 1SL,1.2
WA9 1SN,1.2
WA9 1SP,1.2
WA9 1SQ,1.2
WA9 1SR,1.2
WA9 1SS,1.2
WA9 1ST,1.2
WA9 1SU,1.2
WA9 1SW,1.2
WA9 1SX,1.2
WA9 1SY,1.2
WA9 1TA,1.2
WA9 1TB,1.2
WA9 1TE,1.2
WA9 1TT,1.2
WA9 1TW,1.1
WA9 1UA,1.2
WA9 1UB,1.2
WA9 2AB,1.2
WA9 2AD,1.2
WA9 2AE,1.2
WA9 2AG,1.2
WA9 2AH,1.2
WA9 2AJ,1.2
WA9 2AL,1.2
WA9 2AN,1.2
WA9 2AP,1.2
WA9 2AQ,1.2
WA9 2AR,1.2
WA9 2AS,1.2
WA9 2AT,1.2
WA9 2AW,1.2
WA9 2AZ,1.2
WA9 2BA,1.2
WA9 2BB,1.2
WA9 2BD,1.2
WA9 2BE,1.2
WA9 2BG,1.2
WA9 2BH,1.2
WA9 2BJ,1.2
WA9 2BL,1.2
WA9 2BN,1.2
WA9 2BQ,1.2
WA9 2BS,1.2
WA9 2BT,1.2
WA9 2BU,1.2
WA9 2BX,1.2
WA9 2BY,1.2
WA9 2BZ,1.2
WA9 2DG,1.2
WA9 2DH,1.2
WA9 2DJ,1.2
WA9 2DL,1.2
WA9 2DN,1.2
WA9 2DP,1.2
WA9 2DR,1.2
WA9 2DS,1.2
WA9 2DT,1.2
WA9 2DW,1.2
WA9 2DY,1.2
WA9 2DZ,1.2
WA9 2EJ,1.2
WA9 2EL,1.2
WA9 2EN,1.2
WA9 2EP,1.2
WA9 2EQ,1.2
WA9 2ER,1.2
WA9 2EW,1.2
WA9 2EX,1.2
WA9 2EY,1.2
WA9 2EZ,1.2
WA9 2HA,1.2
WA9 2HB,1.2
WA9 2HD,1.2
WA9 2HE,1.2
WA9 2HF,1.2
WA9 2HJ,1.2
WA9 2HL,1.2
WA9 2HS,1.2
WA9 2HT,1.2
WA9 2HU,1.2
WA9 2HX,1.2
WA9 2HZ,1.2
WA8 9RQ,0.1
WA8 9RR,3.3
WA8 9RS,3.3
WA8 9RT,3.3
WA8 9RU,3.3
WA8 9RW,3.3
WA8 9RX,3.3
WA8 9SA,3.3
WA8 9SB,3.3
WA8 9SD,3.3
WA8 9SE,3.3
WA8 9SF,3.3
WA8 9SG,3.3
WA8 9SH,3.3
WA8 9TX,3.3
WA8 9TY,1.2
WA8 9TZ,1.2
WA8 9UA,1.2
WA8 9UB,1.2
WA8 9UD,1.2
WA8 9UE,1.2
WA8 9UF,1.2
WA8 9UG,3.3
WA8 9UH,1.2
WA8 9UJ,1.2
WA8 9UN,1.2
WA8 9WB,3.3
WA8 9WD,3.3
WA8 9WE,3.3
WA8 9WH,3.3
WA8 9WJ,3.3
WA8 9WL,3.3
WA8 9WN,0.1
WA8 9WP,0.1
WA8 9WQ,3.3
WA8 9WR,0.1
WA8 9WS,3.3
WA8 9WT,0.1
WA8 9WU,3.3
WA8 9WW,0.1
WA8 9WX,3.3
WA8 9WY,3.3
WA8 9WZ,0.1
WA8 9XA,3.3
WA8 9YN,3.3
WA8 9YP,3.3
WA8 9YS,3.3
WA9 2JB,1.2
WA9 2JD,1.2
WA9 2JE,1.2
WA9 2JF,1.2
WA9 2JJ,1.2
WA9 2JL,1.2
WA9 2JN,1.2
WA9 2JQ,1.2
WA9 2JR,1.2
WA9 2JS,1.2
WA9 2JT,1.2
WA9 2JU,1.2
WA9 2JX,1.2
WA9 2JY,1.2
WA9 2LH,1.2
WA9 2LJ,1.2
WA9 2LL,1.2
WA9 2LN,1.2
WA9 2LS,1.2
WA9 2LT,1.2
WA9 2LU,1.2
WA9 2LX,1.2
WA9 2LY,1.2
WA9 2LZ,1.2
WA9 2NA,1.2
WA9 2NB,1.2
WA9 2NH,1.2
WA9 2NJ,1.2
WA9 2NL,1.2
WA9 2NN,1.2
WA9 2NP,1.2
WA9 2NQ,1.2
WA9 2NR,1.2
WA9 2NS,1.2
WA9 2NT,1.2
WA9 2NU,1.2
WA9 2NW,1.2
WA9 2NX,1.2
WA9 2PH,1.2
WA9 2PJ,1.2
WA9 2PL,1.2
WA9 2PN,1.2
WA9 2PP,1.2
WA9 2PQ,1.2
WA9 2PR,1.2
WA9 2PS,1.2
WA9 2PT,1.2
WA9 2PU,1.2
WA9 2PW,1.2
WA9 2PY,1.2
WA8 9YT,3.3
WA8 9YU,3.3
WA8 9YX,3.3
WA8 9ZA,3.3
WA8 9ZB,3.3
WA8 9ZD,3.3
WA8 9ZE,3.3
WA8 9ZF,3.3
WA8 9ZH,3.3
WA8 9ZJ,3.3
WA8 9ZL,3.3
WA8 9ZN,3.3
WA8 9ZP,3.3
WA8 9ZQ,3.3
WA8 9ZS,3.3
WA8 9ZT,3.3
WA8 9ZU,3.3
WA8 9ZW,3.3
WA8 9ZX,3.3
WA8 9ZY,3.3
WA8 9ZZ,3.3
WA88 1AL,1.1
WA88 1AP,1.1
WA88 1AR,1.1
WA88 1AS,1.1
WA88 1FA,1.1
WA88 1LN,1.1
WA88 1SF,1.1
WA88 1SP,1.1
WA88 1SS,1.1
WA88 1ZS,1.1
WA9 1AD,1.2
WA9 1AF,1.2
WA9 1AG,1.1
WA9 1AH,1.2
WA9 1AJ,1.2
WA9 1AL,1.2
WA9 1AN,1.2
WA9 1AP,1.2
WA9 1AR,1.2
WA9 1AU,1.1
WA9 1AW,1.2
WA9 1AX,1.2
WA9 1AY,1.2
WA9 1AZ,1.2
WA9 1BA,1.2
WA9 1BD,1.2
WA9 1BE,1.2
WA9 1BF,1.2
WA9 1BG,1.1
WA9 1BH,1.2
WA9 1BJ,1.2
WA9 1BL,1.1
WA9 1BN,1.2
WA9 1BQ,1.2
WA9 1BW,1.1
WA9 1DA,1.1
WA9 1DF,1.1
WA9 1DG,1.1
WA9 1DH,1.1
WA9 1DP,1.1
WA9 1DQ,1.1
WA9 1DR,1.1
WA9 1DS,1.1
WA9 1DU,1.1
WA9 1DW,1.1
WA9 1DX,1.1
WA9 1DY,1.1
WA9 1DZ,1.1
WA9 1ED,1.1
WA9 1EE,1.1
WA9 1EF,1.1
WA9 1EH,1.1
WA9 1EJ,1.1
WA9 1EL,1.1
WA9 1EN,1.1
WA9 1EP,1.1
WA9 1EQ,1.1
WA9 1ER,1.1
WA9 1EW,1.1
WA9 1EX,1.1
WA9 1EY,1.1
WA9 1EZ,1.1
WA9 1GA,1.1
WA9 1HB,1.1
WA9 1HD,1.1
WA8 8XP,1.2
WA8 8XQ,1.1
WA8 8XR,1.2
WA8 8XS,3.2
WA8 8XT,3.2
WA8 8XW,1.1
WA8 8XX,1.1
WA8 8XY,1.1
WA8 8YB,0.1
WA8 8YD,0.1
WA8 8YE,0.1
WA8 8YF,0.1
WA8 8YG,1.1
WA8 8YH,1.1
WA8 8YJ,1.1
WA8 8YL,1.1
WA8 8YQ,1.1
WA8 8YX,1.1
WA8 8YZ,1.1
WA8 9AA,3.3
WA8 9AB,3.3
WA8 9AD,3.3
WA8 9AE,3.3
WA8 9AF,3.3
WA8 9AG,3.3
WA8 9AH,3.3
WA8 9AJ,3.3
WA8 9AL,3.3
WA8 9AN,3.3
WA8 9AP,3.3
WA8 9AQ,3.3
WA8 9AR,3.3
WA8 9AS,3.3
WA8 9AT,3.3
WA8 9AU,3.3
WA8 9AW,3.3
WA8 9AX,3.3
WA8 9AZ,3.3
WA8 9BH,3.3
WA8 9BJ,3.3
WA8 9BL,3.3
WA8 9BN,3.3
WA8 9BP,3.3
WA8 9DA,3.3
WA8 9DB,3.3
WA8 9DD,3.3
WA8 9DE,3.3
WA8 9DF,3.3
WA8 9DG,3.3
WA8 9DH,3.3
WA8 9DJ,3.3
WA9 1HE,1.1
WA9 1HH,1.2
WA9 1HJ,1.2
WA9 1HP,1.1
WA9 1HS,1.1
WA9 1HU,1.1
WA9 1HX,1.1
WA9 1HY,1.1
WA9 1HZ,1.1
WA9 1JB,1.1
WA9 1JF,1.1
WA9 1JJ,1.1
WA9 1JL,1.1
WA9 1JR,1.2
WA9 1JS,1.2
WA9 1JU,1.2
WA9 1JY,1.2
WA9 1JZ,1.2
WA9 1LA,1.2
WA9 1LD,1.2
WA9 1LN,1.2
WA9 1LP,1.2
WA9 1LQ,1.2
WA9 1LR,1.2
WA9 1LT,1.2
WA9 1LU,1.2
WA9 1LW,1.2
WA9 1LX,1.2
WA9 1LY,1.2
WA9 1LZ,1.2
WA9 1NA,1.2
WA9 1NB,1.2
WA9 1ND,1.2
WA9 1NF,1.2
WA9 1NG,1.1
WA9 1NH,1.1
WA9 1NJ,1.1
WA9 1NL,1.1
WA9 1NN,1.1
WA9 1NQ,1.1
WA9 1NR,1.2
WA9 1NS,1.1
WA9 1NW,1.1
WA8 9DL,3.3
WA8 9DN,3.3
WA8 9DP,3.3
WA8 9DQ,3.3
WA8 9DR,3.3
WA8 9DS,3.3
WA8 9DT,3.3
WA8 9DU,3.3
WA8 9DW,3.3
WA8 9DX,3.3
WA8 9DY,3.3
WA8 9EA,3.3
WA8 9EB,3.3
WA8 9ED,1.2
WA8 9EE,3.3
WA8 9EF,1.2
WA8 9EG,3.3
WA8 9EH,3.3
WA8 9EJ,3.3
WA8 9EL,3.3
WA8 9EN,3.3
WA8 9EP,3.3
WA8 9ER,3.3
WA8 9ES,3.3
WA8 9EU,3.3
WA8 9EW,3.3
WA8 9EX,3.3
WA8 9EY,3.3
WA8 9EZ,3.3
WA8 9FA,3.3
WA8 9FB,3.3
WA8 9FD,3.3
WA8 9FH,1.2
WA8 9FP,0.1
WA8 9FQ,1.2
WA8 9FR,0.1
WA8 9FU,3.3
WA8 9FW,1.2
WA8 9FX,3.3
WA8 9FY,3.3
WA8 9FZ,3.3
WA8 9GL,3.3
WA8 9GN,3.3
WA8 9GP,3.3
WA8 9GR,3.3
WA8 9GS,3.3
WA8 9GT,3.3
WA8 9HA,3.3
WA8 9HB,3.3
WA8 9HD,3.3
WA8 9HE,3.3
WA8 9HF,3.3
WA8 9HG,3.3
WA8 9HH,3.3
WA8 9HP,3.3
WA8 9HR,3.3
WA8 9HS,3.3
WA8 9HT,3.3
WA8 9HU,3.3
WA8 9HW,3.3
WA8 9HX,0.1
WA8 9HY,3.3
WA8 9HZ,3.3
WA8 9JA,3.3
WA8 9JB,3.3
WA8 9JD,3.3
WA8 9JE,3.3
WA8 9JF,3.3
WA8 9JG,3.3
WA8 9JH,3.3
WA8 9JJ,3.3
WA8 9JL,3.3
WA8 9JN,3.3
WA8 9JP,3.3
WA8 9JQ,3.3
WA8 9JR,3.3
WA8 9JU,1.2
WA8 9JW,3.3
WA8 9JX,1.2
WA8 9JY,1.2
WA8 9JZ,1.2
WA8 9LA,1.2
WA8 9LD,1.2
WA8 9LE,1.2
WA8 9LF,3.3
WA8 9LG,1.2
WA8 9LH,1.2
WA8 9LJ,1.2
WA8 9LL,1.2
WA8 9LN,1.2
WA8 9LP,1.2
WA8 9LQ,1.2
WA8 9LR,1.2
WA8 9LS,0.1
WA8 9LT,0.1
WA8 9LU,0.1
WA8 9LW,1.2
WA8 9LX,0.1
WA8 9LY,0.1
WA8 8GX,0.1
WA8 8HA,1.2
WA8 8HB,1.2
WA8 8HD,1.2
WA8 8HE,1.2
WA8 8HF,1.2
WA8 8HG,1.2
WA8 8HH,1.2
WA8 8HJ,1.2
WA8 8HL,1.2
WA8 8HN,1.2
WA8 8HP,1.2
WA8 8HQ,1.2
WA8 8HR,1.2
WA8 8HT,0.1
WA8 8HW,1.2
WA8 8HY,1.2
WA8 8HZ,1.2
WA8 8JA,3.2
WA8 8JB,3.2
WA8 8JD,3.2
WA8 8JE,1.2
WA8 8JF,3.2
WA8 8JG,3.2
WA8 8JH,3.2
WA8 8JJ,3.2
WA8 8JL,3.2
WA8 8JN,3.2
WA8 8JP,3.2
WA8 8JQ,3.2
WA8 8JR,3.2
WA8 8JS,3.3
WA8 8JT,3.3
WA8 8JU,3.3
WA8 8JW,3.2
WA8 8JX,3.2
WA8 8JY,1.2
WA8 8JZ,3.2
WA8 8LA,3.2
WA8 8LB,3.2
WA8 8LD,3.2
WA8 8LE,3.2
WA8 8LG,0.1
WA8 8LL,1.1
WA8 8LP,1.1
WA8 8LR,1.1
WA8 8LS,1.1
WA8 8LT,1.1
WA8 8LU,1.1
WA8 8LX,1.1
WA8 8LY,1.1
WA8 8LZ,1.1
WA8 8NA,1.1
WA8 8NB,1.1
WA8 8ND,1.1
WA8 8NE,1.1
WA8 8NF,1.1
WA8 8NG,1.1
WA8 8NH,1.1
WA8 8NJ,1.1
WA8 9LZ,1.2
WA8 9NB,0.1
WA8 9NE,1.2
WA8 9NF,1.2
WA8 9NL,1.2
WA8 9NQ,0.1
WA8 9NR,0.1
WA8 9NY,3.3
WA8 9PA,3.3
WA8 9PB,3.3
WA8 9PD,3.3
WA8 9PE,3.3
WA8 9PF,3.3
WA8 9PG,3.3
WA8 9PH,3.3
WA8 9QA,3.3
WA8 9QB,3.3
WA8 9QD,3.3
WA8 9QE,3.3
WA8 9QF,3.3
WA8 9QG,3.3
WA8 9QH,3.3
WA8 9QJ,3.3
WA8 9QX,3.3
WA8 9QY,3.3
WA8 9QZ,3.3
WA8 9RA,3.3
WA8 9RB,3.3
WA8 9RD,3.3
WA8 9RE,3.3
WA8 9RF,0.1
WA8 9RG,0.1
WA8 9RH,0.1
WA8 9RJ,3.3
WA8 9RL,3.3
WA8 9RN,3.3
WA8 9RP,3.3
WA8 8NL,1.1
WA8 8NN,1.1
WA8 8NP,1.1
WA8 8NQ,1.1
WA8 8NR,1.1
WA8 8NS,3.3
WA8 8NT,1.1
WA8 8NU,1.1
WA8 8NW,1.1
WA8 8NX,1.1
WA8 8NY,1.1
WA8 8NZ,1.1
WA8 8PB,1.1
WA8 8PD,1.1
WA8 8PE,1.1
WA8 8PF,0.1
WA8 8PG,0.1
WA8 8PH,1.2
WA8 8PJ,1.2
WA8 8PL,1.2
WA8 8PN,1.2
WA8 8PP,1.2
WA8 8PQ,1.1
WA8 8PT,1.1
WA8 8PU,1.1
WA8 8PW,1.2
WA8 8PX,1.1
WA8 8PZ,1.1
WA8 8QA,1.1
WA8 8QB,1.1
WA8 8QD,1.1
WA8 8QE,1.1
WA8 8QF,1.1
WA8 8QG,1.1
WA8 8QH,0.1
WA8 8QJ,1.1
WA8 8QL,1.1
WA8 8QN,1.1
WA8 8QP,1.1
WA8 8QQ,1.1
WA8 8QR,1.1
WA8 8QS,1.1
WA8 8QT,1.1
WA8 8QU,1.1
WA8 8QW,1.1
WA8 8QX,1.1
WA8 8QZ,1.1
WA8 8RA,1.1
WA8 8RB,1.1
WA8 8RE,1.1
WA8 8RF,1.1
WA8 8RG,3.2
WA8 8RH,3.2
WA8 8RJ,3.2
WA8 8RN,3.2
WA8 8RP,3.2
WA8 8RQ,3.2
WA8 8RR,3.2
WA8 8RS,1.2
WA8 8RT,1.2
WA8 8RU,1.1
WA8 8RW,3.2
WA8 8RZ,1.1
WA8 8SA,0.1
WA8 8SB,0.1
WA8 8SD,0.1
WA8 8SE,0.1
WA8 8SF,0.1
WA8 8SG,0.1
WA8 8SH,0.1
WA8 8SJ,0.1
WA8 8SL,0.1
WA8 8SN,0.1
WA8 8SP,1.1
WA8 8SQ,0.1
WA8 8SR,1.1
WA8 8SS,0.1
WA8 8ST,0.1
WA8 8SU,1.1
WA8 8SW,1.1
WA8 8SX,1.1
WA8 8SY,1.1
WA8 8SZ,0.1
WA8 8TA,0.1
WA8 8TB,0.1
WA8 8TD,1.1
WA8 8TF,0.1
WA8 8TJ,1.1
WA8 8TL,1.1
WA8 8TN,1.1
WA8 8TP,0.1
WA8 8TR,1.1
WA8 8TT,1.1
WA8 8TU,1.1
WA8 8TY,1.1
WA8 8TZ,1.1
WA8 8UA,1.1
WA8 8UB,1.1
WA8 7PJ,1.1
WA8 7PL,1.1
WA8 7PN,1.1
WA8 7PP,0.1
WA8 7PQ,0.1
WA8 7PR,0.1
WA8 7PS,0.1
WA8 7PT,0.1
WA8 7PU,0.1
WA8 7PW,0.1
WA8 7PX,0.1
WA8 7QA,1.1
WA8 7QB,1.1
WA8 7QD,1.1
WA8 7QF,1.1
WA8 7QH,1.1
WA8 7QN,1.1
WA8 7QP,0.1
WA8 7QQ,1.1
WA8 7QR,1.1
WA8 7QS,1.1
WA8 7QT,1.1
WA8 7QU,1.1
WA8 7QW,1.1
WA8 7QY,1.1
WA8 7QZ,1.1
WA8 7RA,1.1
WA8 7RD,1.1
WA8 7RE,1.1
WA8 7RJ,1.1
WA8 7RP,1.1
WA8 7RQ,1.1
WA8 7RS,1.1
WA8 7RT,1.1
WA8 7RU,1.1
WA8 7RW,1.1
WA8 7RY,1.1
WA8 7RZ,1.1
WA8 7SB,1.1
WA8 7SE,1.1
WA8 7SF,1.1
WA8 7SG,1.1
WA8 7SH,1.1
WA8 7SJ,1.1
WA8 7SN,1.1
WA8 7SP,1.1
WA8 7SQ,1.1
WA8 7SS,1.1
WA8 7ST,1.1
WA8 7SU,0.1
WA8 7SW,1.1
WA8 7SX,0.1
WA8 7SY,0.1
WA8 7SZ,0.1
WA8 7TA,0.1
WA8 7TB,0.1
WA8 7TD,0.1
WA8 7TE,0.1
WA8 7TF,0.1
WA8 7TG,0.1
WA8 7TH,0.1
WA8 7TJ,0.1
WA8 7TL,0.1
WA8 7TN,1.1
WA8 7TR,1.1
WA8 7TS,1.1
WA8 8UE,0.1
WA8 8UG,1.1
WA8 8UH,1.1
WA8 8UJ,1.1
WA8 8UL,1.1
WA8 8UN,1.1
WA8 8UP,1.1
WA8 8UQ,1.1
WA8 8UR,1.1
WA8 8UT,1.1
WA8 8UU,1.1
WA8 8UX,1.1
WA8 8UY,1.1
WA8 8UZ,1.1
WA8 8WD,1.1
WA8 8WE,1.1
WA8 8WF,1.1
WA8 8WG,1.1
WA8 8WH,1.1
WA8 8WJ,1.1
WA8 8WL,1.1
WA8 8WN,1.1
WA8 8WP,1.1
WA8 8XA,1.1
WA8 8XB,1.1
WA8 8XE,1.1
WA8 8XF,1.1
WA8 8XG,1.1
WA8 8XH,1.1
WA8 7TU,1.1
WA8 7TY,1.1
WA8 7TZ,1.1
WA8 7UB,1.1
WA8 7UE,1.1
WA8 7UF,1.1
WA8 7UN,1.1
WA8 7UP,1.1
WA8 7UR,1.1
WA8 7UT,1.1
WA8 7UU,1.1
WA8 7UW,1.1
WA8 7UX,1.1
WA8 7UY,1.1
WA8 7UZ,1.1
WA8 7WA,1.1
WA8 7XA,1.1
WA8 7XB,1.1
WA8 7XD,1.1
WA8 7XF,1.1
WA8 7XG,1.1
WA8 7XH,1.1
WA8 7XJ,1.1
WA8 7XL,1.1
WA8 7XN,1.1
WA8 7XP,1.1
WA8 7XQ,1.1
WA8 7XR,1.2
WA8 7XS,1.1
WA8 7XT,1.2
WA8 7XU,1.1
WA8 7XX,1.1
WA8 7XY,1.1
WA8 7XZ,1.1
WA8 7YA,1.1
WA8 7YE,1.1
WA8 7YT,1.1
WA8 8AB,1.1
WA8 8AD,1.1
WA8 8AE,1.1
WA8 8AG,1.1
WA8 8AH,1.1
WA8 8AJ,1.1
WA8 8AL,1.1
WA8 8AN,1.1
WA8 8AP,1.1
WA8 8AQ,1.1
WA8 8AR,1.1
WA8 8AS,1.1
WA8 8AT,1.1
WA8 8AU,1.1
WA8 8AW,1.1
WA8 8AX,1.1
WA8 8AY,1.1
WA8 8AZ,1.2
WA8 8BA,1.2
WA8 8BB,1.2
WA8 8BD,1.2
WA8 8BE,1.2
WA8 8BG,1.2
WA8 8BH,1.1
WA8 8BL,1.1
WA8 8BN,1.1
WA8 8BP,0.1
WA8 8BQ,1.2
WA8 8BS,0.1
WA8 8BT,0.1
WA8 8BU,0.1
WA8 8BW,0.1
WA8 8BX,0.1
WA8 8BY,1.1
WA8 8BZ,1.1
WA8 8DA,0.1
WA8 8DB,0.1
WA8 8DD,0.1
WA8 8DE,1.1
WA8 8DF,0.1
WA8 8DG,0.1
WA8 8DH,0.1
WA8 8DJ,0.1
WA8 8DL,0.1
WA8 8DN,0.1
WA8 8DP,1.1
WA8 8DQ,1.1
WA8 8DR,0.1
WA8 8DT,0.1
WA8 8DU,1.1
WA8 8DW,1.1
WA8 8DX,1.1
WA8 8DY,1.1
WA8 8DZ,1.1
WA8 8EA,1.1
WA8 8EB,1.1
WA8 8ED,1.1
WA8 6RB,1.2
WA8 6RD,1.2
WA8 6RE,1.2
WA8 6RF,1.2
WA8 6RG,1.2
WA8 6RH,1.2
WA8 6RJ,1.2
WA8 6RL,1.2
WA8 6RN,1.2
WA8 6RQ,1.2
WA8 6RS,1.2
WA8 6RT,1.2
WA8 6RU,1.2
WA8 6RW,1.2
WA8 6RY,1.2
WA8 6SE,1.2
WA8 6SG,1.2
WA8 6SH,1.2
WA8 6SJ,1.2
WA8 6SL,1.2
WA8 6SN,1.2
WA8 6SP,1.2
WA8 6SQ,1.2
WA8 6SR,1.2
WA8 6SS,1.2
WA8 6ST,1.2
WA8 6SU,1.2
WA8 6SW,1.2
WA8 6SX,1.2
WA8 6SY,1.2
WA8 6SZ,1.2
WA8 6TA,1.2
WA8 6TB,1.2
WA8 6TG,1.2
WA8 6TH,1.2
WA8 6TJ,1.1
WA8 6TL,1.1
WA8 6TN,1.1
WA8 6TP,1.1
WA8 6TQ,1.2
WA8 6TR,1.2
WA8 6UA,1.1
WA8 6UB,1.1
WA8 6UD,1.1
WA8 6UE,1.1
WA8 6UF,1.1
WA8 6UG,1.1
WA8 7AE,1.1
WA8 7AH,1.1
WA8 7AL,1.1
WA8 7AP,1.1
WA8 7AR,1.1
WA8 7AT,1.1
WA8 7AU,1.1
WA8 7AW,0.1
WA8 7BD,1.1
WA8 7BE,1.1
WA8 7BG,1.1
WA8 7BH,1.1
WA8 7BJ,1.1
WA8 7BL,0.1
WA8 7BN,1.1
WA8 7BP,0.1
WA8 7BQ,1.1
WA8 7BS,0.1
WA8 7BT,0.1
WA8 7BU,0.1
WA8 7BW,1.1
WA8 7BY,0.1
WA8 7BZ,0.1
WA8 7DA,0.1
WA8 8EE,1.1
WA8 8EF,0.1
WA8 8EG,1.1
WA8 8EH,0.1
WA8 8EJ,1.1
WA8 8EL,1.1
WA8 8EN,1.1
WA8 8EP,1.1
WA8 8EQ,1.1
WA8 8ER,1.1
WA8 8ES,1.1
WA8 8ET,1.1
WA8 8EW,1.1
WA8 8EY,1.1
WA8 8EZ,1.1
WA8 8GA,0.1
WA8 8GE,3.2
WA8 8GF,3.2
WA8 8GG,3.2
WA8 8GH,3.2
WA8 8GL,1.1
WA8 7DB,0.1
WA8 7DD,0.1
WA8 7DE,0.1
WA8 7DF,0.1
WA8 7DG,0.1
WA8 7DH,0.1
WA8 7DJ,0.1
WA8 7DL,0.1
WA8 7DN,0.1
WA8 7DP,0.1
WA8 7DQ,0.1
WA8 7DR,0.1
WA8 7DS,0.1
WA8 7DT,0.1
WA8 7DU,0.1
WA8 7DW,0.1
WA8 7DX,1.1
WA8 7DZ,1.1
WA8 7EA,1.1
WA8 7EB,0.1
WA8 7ED,0.1
WA8 7EE,0.1
WA8 7EF,1.1
WA8 7EG,0.1
WA8 7EH,0.1
WA8 7EJ,0.1
WA8 7EL,0.1
WA8 7EN,0.1
WA8 7EP,0.1
WA8 7EQ,0.1
WA8 7ER,0.1
WA8 7ES,0.1
WA8 7EU,0.1
WA8 7EW,0.1
WA8 7EX,0.1
WA8 7EZ,0.1
WA8 7GA,1.1
WA8 7GD,1.1
WA8 7HB,0.1
WA8 7HD,0.1
WA8 7HF,0.1
WA8 7HG,0.1
WA8 7HH,0.1
WA8 7HJ,0.1
WA8 7HL,0.1
WA8 7HP,1.1
WA8 7HQ,0.1
WA8 7HR,1.2
WA8 7HS,1.1
WA8 7HT,1.1
WA8 7HU,0.1
WA8 7HW,1.1
WA8 7HX,0.1
WA8 7HY,0.1
WA8 7HZ,0.1
WA8 7JA,0.1
WA8 7JB,0.1
WA8 7JD,0.1
WA8 7JE,0.1
WA8 7JF,0.1
WA8 7JG,0.1
WA8 7JJ,0.1
WA8 7JL,1.1
WA8 7JP,1.1
WA8 7JQ,0.1
WA8 7JR,1.1
WA8 7JT,1.1
WA8 7JU,1.1
WA8 7JW,1.1
WA8 7JX,1.1
WA8 7JY,1.1
WA8 7JZ,1.1
WA8 7LA,1.1
WA8 7LB,1.1
WA8 7LD,1.1
WA8 7LE,1.1
WA8 7LF,1.1
WA8 7LG,1.1
WA8 7LH,1.1
WA8 7LJ,1.1
WA8 7LL,1.1
WA8 7LN,1.1
WA8 7LP,0.1
WA8 7LQ,1.1
WA8 7LR,0.1
WA8 7LS,0.1
WA8 7LT,1.1
WA8 7LU,1.1
WA8 7LW,0.1
WA8 7LX,1.1
WA8 7LY,1.1
WA8 7LZ,1.1
WA8 7NA,1.1
WA8 7NB,1.1
WA8 7ND,1.1
WA8 7NH,0.1
WA8 7NJ,0.1
WA8 5DE,3.2
WA8 5DF,3.2
WA8 5DG,3.2
WA8 5DH,3.2
WA8 5DJ,3.2
WA8 5DL,3.2
WA8 5DN,3.2
WA8 5DP,3.2
WA8 5DQ,3.2
WA8 5DR,3.2
WA8 5DS,3.2
WA8 5DT,3.2
WA8 5DU,3.2
WA8 5DW,3.2
WA8 5DX,3.2
WA8 5GY,3.2
WA8 5HJ,3.2
WA8 5HL,3.2
WA8 5PP,3.3
WA8 5PQ,1.2
WA8 5PR,3.2
WA8 5PS,3.3
WA8 5PT,3.2
WA8 5PU,3.2
WA8 5PX,3.2
WA8 5PY,3.2
WA8 5PZ,3.2
WA8 5QD,3.2
WA8 5QF,3.2
WA8 5QG,3.2
WA8 5QH,3.2
WA8 5QJ,3.2
WA8 5QL,3.2
WA8 5QN,3.2
WA8 5QQ,3.2
WA8 5QW,3.2
WA8 5RY,3.3
WA8 5RZ,0.1
WA8 5SG,0.1
WA8 5SQ,0.1
WA8 5UP,3.3
WA8 5UR,3.3
WA8 5UT,1.2
WA8 5UU,3.3
WA8 5UW,3.3
WA8 5UX,1.2
WA8 5UY,3.3
WA8 5UZ,1.2
WA8 5WA,3.3
WA8 5XA,1.2
WA8 5XB,1.2
WA8 6AA,1.1
WA8 6AD,1.1
WA8 6AH,1.1
WA8 6AL,1.1
WA8 6AP,1.1
WA8 6AS,1.1
WA8 6AX,1.1
WA8 6AZ,1.1
WA8 6BA,1.1
WA8 6BB,1.1
WA8 6BF,1.1
WA8 6BG,1.1
WA8 6BJ,1.1
WA8 6BL,1.1
WA8 6BT,1.1
WA8 6BU,1.1
WA8 6BW,1.1
WA8 6BX,1.1
WA8 6BY,1.1
WA8 6DA,1.1
WA8 6DB,1.1
WA8 6DD,1.1
WA8 6DE,1.1
WA8 6DF,1.1
WA8 6DG,1.1
WA8 7NL,0.1
WA8 7NN,0.1
WA8 7NP,0.1
WA8 7NQ,0.1
WA8 7NR,0.1
WA8 7NS,0.1
WA8 7NT,0.1
WA8 7NU,0.1
WA8 7NW,0.1
WA8 7NX,0.1
WA8 7NY,0.1
WA8 7PB,0.1
WA8 7PD,0.1
WA8 7PE,0.1
WA8 7PF,0.1
WA8 7PG,0.1
WA8 7PH,0.1
WA8 6DH,1.1
WA8 6DJ,1.1
WA8 6DQ,1.1
WA8 6DW,1.1
WA8 6EA,1.1
WA8 6EB,1.1
WA8 6ED,1.1
WA8 6EE,1.1
WA8 6EF,1.1
WA8 6EG,1.1
WA8 6EL,1.1
WA8 6EN,1.2
WA8 6EP,1.1
WA8 6EQ,1.1
WA8 6ER,1.1
WA8 6ES,1.1
WA8 6ET,1.1
WA8 6EU,1.1
WA8 6EX,1.1
WA8 6EY,1.2
WA8 6EZ,1.2
WA8 6FN,1.1
WA8 6FP,1.1
WA8 6GD,1.1
WA8 6HA,1.2
WA8 6HB,1.2
WA8 6HD,1.1
WA8 6HE,1.1
WA8 6HF,1.1
WA8 6HG,1.1
WA8 6HH,1.2
WA8 6HJ,1.2
WA8 6HL,1.2
WA8 6HN,1.2
WA8 6HP,1.1
WA8 6HQ,1.1
WA8 6HR,1.1
WA8 6HS,1.1
WA8 6HW,1.2
WA8 6JA,1.1
WA8 6JE,1.1
WA8 6JG,1.1
WA8 6JH,1.1
WA8 6JQ,1.1
WA8 6JS,1.1
WA8 6JT,1.1
WA8 6JW,1.1
WA8 6JX,1.1
WA8 6JY,1.1
WA8 6JZ,1.1
WA8 6LA,1.1
WA8 6LB,1.1
WA8 6LG,1.1
WA8 6LH,1.1
WA8 6LJ,1.1
WA8 6LN,1.1
WA8 6LP,1.1
WA8 6LR,1.1
WA8 6LS,1.1
WA8 6LW,1.1
WA8 6LY,1.1
WA8 6NA,1.1
WA8 6NB,1.1
WA8 6NF,1.1
WA8 6NL,1.1
WA8 6NN,1.1
WA8 6NP,1.1
WA8 6NS,1.1
WA8 6NT,1.1
WA8 6NU,1.1
WA8 6NW,1.1
WA8 6NX,1.1
WA8 6PA,1.1
WA8 6PB,1.1
WA8 6PD,1.1
WA8 6PE,1.1
WA8 6PF,1.1
WA8 6PG,1.1
WA8 6PH,1.1
WA8 6PJ,1.1
WA8 6PN,1.1
WA8 6PS,1.1
WA8 6PT,1.1
WA8 6PU,0.1
WA8 6PW,1.1
WA8 6PX,0.1
WA8 6PZ,0.1
WA8 6QA,0.1
WA8 6QB,1.2
WA8 6QD,1.2
WA8 6QE,1.2
WA8 6QF,1.2
WA8 6QG,1.2
WA8 6QH,1.2
WA8 6QJ,1.2
WA8 6QL,1.2
WA8 3UX,1.2
WA8 3UY,1.2
WA8 3UZ,1.2
WA8 3XA,1.2
WA8 3XB,1.2
WA8 3XD,1.2
WA8 3XE,1.2
WA8 3XF,1.2
WA8 3XH,1.2
WA8 3XJ,1.2
WA8 3XL,1.2
WA8 3XN,1.2
WA8 3XP,1.2
WA8 3XR,1.2
WA8 3XS,1.2
WA8 3XT,1.2
WA8 3XU,1.2
WA8 3XW,1.2
WA8 3XX,1.2
WA8 3XY,3.2
WA8 3XZ,3.2
WA8 3YA,3.2
WA8 3YB,3.2
WA8 3YD,3.2
WA8 3YE,3.2
WA8 3YF,3.2
WA8 3YH,3.2
WA8 3YJ,3.2
WA8 3YL,3.2
WA8 3YN,0.1
WA8 3YP,3.2
WA8 3YR,3.2
WA8 3YS,3.2
WA8 3YT,3.2
WA8 3YU,3.2
WA8 3YW,3.2
WA8 3YX,3.2
WA8 3YY,3.2
WA8 4DW,3.2
WA8 4DX,3.2
WA8 4DY,3.2
WA8 4DZ,3.2
WA8 4EA,3.2
WA8 4EB,3.2
WA8 4FE,3.3
WA8 4FF,3.3
WA8 4FG,3.2
WA8 4FJ,1.2
WA8 4FL,3.3
WA8 4FN,3.2
WA8 4GA,1.2
WA8 4GB,3.3
WA8 4GD,3.3
WA8 4GE,3.3
WA8 4GF,3.3
WA8 4GG,1.2
WA8 4GH,3.3
WA8 4GJ,3.3
WA8 4GQ,1.2
WA8 4HN,3.3
WA8 4HQ,3.3
WA8 4JT,3.3
WA8 4LY,3.3
WA8 4LZ,3.3
WA8 4NA,3.3
WA8 4NH,3.3
WA8 4NN,1.2
WA8 4NP,1.2
WA8 4NQ,3.2
WA8 4NR,1.2
WA8 4NS,1.2
WA8 4NT,3.2
WA8 4NU,3.2
WA8 4NW,1.2
WA8 4NX,3.3
WA8 4PA,1.2
WA8 4PD,3.3
WA8 4PE,3.3
WA8 4PF,1.2
WA8 4PG,1.2
WA8 4PH,3.3
WA8 4PJ,3.3
WA8 4PL,3.3
WA8 4PN,3.3
WA8 4PP,1.2
WA8 4PW,3.3
WA8 4QA,3.2
WA8 4QB,3.2
WA8 6QN,1.2
WA8 6QP,1.2
WA8 6QR,1.2
WA8 6QS,1.2
WA8 6QT,1.2
WA8 6QU,1.2
WA8 6QW,1.2
WA8 6QX,1.2
WA8 6QZ,1.2
WA8 6RA,1.2
WA8 4QP,1.2
WA8 4QR,1.2
WA8 4QS,3.2
WA8 4QT,3.2
WA8 4QU,3.3
WA8 4SA,3.3
WA8 4SB,3.2
WA8 4SD,3.2
WA8 4SE,3.2
WA8 4SJ,3.2
WA8 4SL,3.2
WA8 4SN,3.2
WA8 4SP,3.3
WA8 4SR,1.2
WA8 4SS,1.2
WA8 4ST,1.2
WA8 4SU,1.2
WA8 4SW,3.2
WA8 4SX,1.2
WA8 4SY,1.2
WA8 4SZ,1.2
WA8 4TA,1.2
WA8 4TB,1.2
WA8 4TD,1.2
WA8 4TE,1.2
WA8 4TF,1.2
WA8 4TG,1.2
WA8 4TH,1.2
WA8 4TJ,3.2
WA8 4TL,1.2
WA8 4TN,1.2
WA8 4TP,1.2
WA8 4TQ,1.2
WA8 4TR,3.2
WA8 4TS,3.2
WA8 4TT,3.2
WA8 4TU,3.2
WA8 4TW,1.2
WA8 4UN,3.2
WA8 4UQ,3.3
WA8 4XF,1.2
WA8 4XG,1.2
WA8 4XH,3.3
WA8 4XJ,3.3
WA8 4XL,1.2
WA8 4XN,1.2
WA8 4XP,1.2
WA8 4XQ,3.3
WA8 4XR,1.2
WA8 4XS,1.2
WA8 4XT,1.2
WA8 4XU,1.2
WA8 4XW,1.2
WA8 4XX,1.2
WA8 4XY,1.2
WA8 4XZ,1.2
WA8 4YA,1.2
WA8 4YB,1.2
WA8 4YD,1.2
WA8 4YE,1.2
WA8 4YF,1.2
WA8 4YG,1.2
WA8 4YH,1.2
WA8 4YJ,1.2
WA8 4YL,3.3
WA8 4YN,3.3
WA8 4YP,3.3
WA8 4YQ,1.2
WA8 4YR,3.3
WA8 4YW,3.3
WA8 4YZ,3.3
WA8 5AD,3.3
WA8 5AG,3.3
WA8 5AH,3.3
WA8 5AJ,3.3
WA8 5AL,3.3
WA8 5AP,3.3
WA8 5AQ,3.3
WA8 5AR,3.3
WA8 5AS,3.3
WA8 5AT,3.3
WA8 5AU,3.3
WA8 5AW,3.3
WA8 5AX,3.3
WA8 5AY,3.3
WA8 5AZ,3.3
WA8 5BA,3.3
WA8 5BB,3.3
WA8 5BD,3.3
WA8 5BE,3.3
WA8 5BG,3.3
WA8 5BH,3.3
WA8 5BQ,3.3
WA8 5BS,3.2
WA8 5BT,3.2
WA8 5BU,3.2
WA8 5BW,3.3
WA8 5BX,3.3
WA8 5BZ,3.2
WA8 0RZ,1.1
WA8 0SB,1.1
WA8 0SH,1.1
WA8 0SJ,1.1
WA8 0SL,1.1
WA8 0SP,1.1
WA8 0SQ,1.1
WA8 0SR,1.1
WA8 0SS,1.1
WA8 0ST,1.1
WA8 0SW,1.1
WA8 0SZ,1.1
WA8 0TA,1.1
WA8 0TD,1.1
WA8 0TF,1.1
WA8 0TG,1.1
WA8 0TH,1.1
WA8 0TL,1.1
WA8 0TP,1.1
WA8 0TR,1.1
WA8 0TS,1.2
WA8 0TT,1.2
WA8 0US,1.1
WA8 0WB,1.1
WA8 0WJ,1.1
WA8 0WL,1.1
WA8 0WN,1.1
WA8 0WS,1.1
WA8 0YG,1.1
WA8 0YQ,1.1
WA8 0YZ,1.1
WA8 2AA,1.1
WA8 2DA,1.1
WA8 2SA,1.1
WA8 2SB,1.1
WA8 2SD,1.1
WA8 2SE,1.1
WA8 2SF,1.1
WA8 2SG,1.1
WA8 2SH,1.1
WA8 2SJ,1.1
WA8 2SL,1.1
WA8 2SN,1.1
WA8 2SP,1.1
WA8 2SQ,1.1
WA8 2SR,1.1
WA8 2SS,1.1
WA8 2ST,1.1
WA8 2SU,1.1
WA8 2SW,1.1
WA8 2SX,1.1
WA8 2SY,1.1
WA8 2SZ,1.1
WA8 2TA,1.1
WA8 2TB,1.1
WA8 3AA,0.1
WA8 3BA,0.1
WA8 3BB,0.1
WA8 3BD,0.1
WA8 3BE,0.1
WA8 3BF,0.1
WA8 3BG,0.1
WA8 3DA,3.2
WA8 3DD,3.2
WA8 3DX,3.2
WA8 3EA,0.1
WA8 3EB,0.1
WA8 3ED,0.1
WA8 3EF,0.1
WA8 3EG,0.1
WA8 3EH,0.1
WA8 3EJ,3.2
WA8 3EL,0.1
WA8 3EN,3.2
WA8 5DA,3.2
WA8 5DB,3.2
WA8 5DD,3.2
WA7 6PY,3.3
WA7 6PZ,3.3
WA7 6QA,3.3
WA7 6QB,3.3
WA8 3EP,0.1
WA8 3EQ,0.1
WA8 3ER,3.2
WA8 3ES,3.2
WA8 3ET,0.1
WA8 3EU,3.2
WA8 3EX,3.2
WA8 3FH,3.2
WA8 3FJ,0.1
WA8 3GA,3.2
WA8 3HA,0.1
WA8 3HB,0.1
WA8 3HD,0.1
WA8 3HG,0.1
WA8 3HH,0.1
WA8 3HJ,0.1
WA8 3HL,0.1
WA8 3HN,0.1
WA8 3HP,0.1
WA8 3HQ,0.1
WA8 3HR,0.1
WA8 3HS,0.1
WA8 3HT,0.1
WA8 3HU,0.1
WA8 3HW,0.1
WA8 3HX,0.1
WA8 3HY,0.1
WA8 3HZ,1.2
WA8 3JA,1.2
WA8 3JB,3.2
WA8 3JD,3.2
WA8 3JE,3.2
WA8 3JF,3.2
WA8 3JG,1.2
WA8 3JH,0.1
WA8 3JJ,0.1
WA8 3JL,3.2
WA8 3JN,0.1
WA8 3JP,0.1
WA8 3JQ,0.1
WA8 3JR,3.2
WA8 3JS,3.2
WA8 3JT,0.1
WA8 3JU,0.1
WA8 3JW,0.1
WA8 3JX,1.2
WA8 3JY,1.1
WA8 3JZ,1.2
WA8 3LA,1.2
WA8 3LB,1.2
WA8 3LD,1.2
WA8 3LE,1.2
WA8 3LF,1.2
WA8 3LG,1.2
WA8 3LH,1.2
WA8 3LJ,1.2
WA8 3LL,1.2
WA8 3LN,0.1
WA8 3LP,0.1
WA8 3LQ,1.2
WA8 3LR,1.2
WA8 3LS,1.2
WA8 3LT,1.2
WA8 3LU,1.2
WA8 3LW,0.1
WA8 3LX,1.2
WA8 3LY,0.1
WA8 3LZ,1.2
WA8 3NA,1.2
WA8 3NB,0.1
WA8 3ND,1.2
WA8 3PN,1.2
WA8 3RG,3.2
WA8 3RH,3.2
WA8 3RQ,3.2
WA8 3RX,3.2
WA8 3SF,3.2
WA8 3TR,1.2
WA8 3TU,1.2
WA8 3TX,1.2
WA8 3TY,1.2
WA8 3UB,0.1
WA8 3UD,0.1
WA8 3UE,0.1
WA8 3UF,0.1
WA8 3UG,0.1
WA8 3UJ,0.1
WA8 3UL,0.1
WA8 3UN,0.1
WA8 3UP,0.1
WA8 3UR,3.3
WA8 3UT,1.2
WA8 3UU,1.2
WA8 3UW,0.1
WA7 6QD,1.2
WA7 6QE,1.2
WA7 6QF,1.2
WA7 6QG,1.2
WA7 6QH,1.2
WA7 6QJ,1.2
WA7 6QL,1.2
WA7 6QN,1.2
WA7 6QP,3.3
WA7 6QQ,1.2
WA7 6QR,3.3
WA7 6QT,3.3
WA7 6QU,3.3
WA7 6QZ,1.2
WA7 6RA,1.1
WA7 6RB,1.1
WA7 6RD,1.1
WA7 6RE,1.1
WA7 6RG,3.3
WA7 6RH,3.3
WA7 6RJ,3.3
WA7 6RL,3.3
WA7 6RN,3.3
WA7 6RQ,3.3
WA7 6RU,3.3
WA7 6RW,3.3
WA7 6RX,3.3
WA7 6RY,3.3
WA7 6SF,3.3
WA7 6SG,3.3
WA7 6SH,3.3
WA7 6SJ,3.3
WA7 6SL,3.3
WA7 6SN,3.3
WA7 6SP,3.3
WA7 6SQ,3.3
WA7 6SS,3.3
WA7 6ST,3.3
WA7 6SU,3.3
WA7 6SX,3.3
WA7 6SY,3.3
WA7 6SZ,3.3
WA7 6TA,1.1
WA7 6TB,1.1
WA7 6UA,3.3
WA7 6UB,3.3
WA7 6UD,3.3
WA7 6UE,3.3
WA7 6UF,3.3
WA7 6UG,3.3
WA7 6UH,3.3
WA7 6UJ,3.3
WA7 6UL,3.3
WA7 6UN,3.3
WA7 6UP,3.3
WA7 6UQ,3.3
WA7 6UT,3.3
WA7 9AP,1.2
WA8 0AB,1.1
WA8 0AD,1.1
WA8 0AE,1.1
WA8 0AG,1.1
WA8 0AH,1.1
WA8 0AJ,1.1
WA8 0AL,1.1
WA8 0AN,1.1
WA8 0AP,1.1
WA8 0AQ,1.1
WA8 0AS,1.1
WA8 0AT,1.1
WA8 0AU,1.2
WA8 0AW,1.1
WA8 0AX,3.2
WA8 0AY,3.2
WA8 0AZ,1.1
WA8 0BA,1.1
WA8 0BB,3.2
WA8 0BD,1.1
WA8 0BE,3.2
WA8 0BG,3.2
WA8 0BH,3.2
WA8 0BJ,1.1
WA8 0BL,3.2
WA8 0BN,3.2
WA8 0BP,1.1
WA7 5XJ,1.2
WA7 5XL,1.2
WA7 5XN,3.2
WA7 5XP,1.2
WA7 5XQ,1.2
WA7 5XS,3.2
WA7 5XT,3.2
WA7 5XU,1.2
WA7 5XW,3.2
WA7 5YA,1.1
WA7 5YB,1.1
WA8 0BQ,3.2
WA8 0BS,1.1
WA8 0BT,1.1
WA8 0BU,1.1
WA8 0BW,1.2
WA8 0BX,1.1
WA8 0DB,1.1
WA8 0DE,1.1
WA8 0DF,1.1
WA8 0DG,1.1
WA8 0DN,1.1
WA8 0DP,1.1
WA8 0DQ,1.1
WA8 0DS,1.1
WA8 0DT,1.1
WA8 0DZ,1.1
WA8 0EA,1.1
WA8 0EB,1.1
WA8 0ED,1.1
WA8 0EE,1.1
WA8 0EF,1.1
WA8 0EG,1.1
WA8 0EL,1.1
WA8 0EP,1.1
WA8 0EW,1.1
WA8 0EY,1.1
WA8 0EZ,1.1
WA8 0FD,1.1
WA8 0FZ,1.1
WA8 0GG,1.1
WA8 0GT,1.1
WA8 0GU,1.1
WA8 0GW,1.1
WA8 0HA,1.1
WA8 0NE,1.1
WA8 0NF,1.1
WA8 0NG,1.1
WA8 0NL,1.1
WA8 0NP,1.1
WA8 0NQ,1.1
WA8 0NS,1.1
WA8 0NX,0.1
WA8 0NZ,0.1
WA8 0PA,0.1
WA8 0PB,1.1
WA8 0PF,1.1
WA8 0PG,0.1
WA8 0PH,0.1
WA8 0PJ,0.1
WA8 0PP,0.1
WA8 0PT,1.1
WA8 0PU,1.1
WA8 0PY,1.1
WA8 0PZ,1.1
WA8 0QA,1.1
WA8 0QB,1.1
WA8 0QD,1.1
WA8 0QE,1.1
WA8 0QF,1.1
WA8 0QL,1.1
WA8 0QN,1.1
WA8 0QP,1.1
WA8 0QR,1.1
WA8 0QS,1.1
WA8 0QT,1.1
WA8 0QU,1.1
WA8 0QW,0.1
WA8 0QX,1.1
WA8 0QY,1.1
WA8 0RD,1.1
WA8 0RE,1.1
WA8 0RF,3.2
WA8 0RH,1.1
WA8 0RJ,1.1
WA8 0RP,1.1
WA8 0RR,1.1
WA8 0RU,1.1
WA7 5YD,1.1
WA7 5YE,1.1
WA7 5YF,1.1
WA7 5YG,1.2
WA7 5YH,1.2
WA7 5YN,1.1
WA7 5YP,1.1
WA7 5YQ,1.1
WA7 5YR,1.1
WA7 5YS,1.1
WA7 5YT,1.1
WA7 5YU,1.1
WA7 5YW,1.1
WA7 5YX,1.1
WA7 5YY,1.1
WA7 6AA,0.1
WA7 6AB,1.1
WA7 6AD,1.1
WA7 6AE,1.1
WA7 6AF,1.1
WA7 6AG,1.1
WA7 6AH,1.1
WA7 6AJ,1.1
WA7 6AL,1.1
WA7 6AN,1.1
WA7 6AP,1.1
WA7 6AR,1.1
WA7 6AS,1.1
WA7 6AT,1.1
WA7 6AU,1.1
WA7 6AW,1.1
WA7 6AX,1.1
WA7 6AY,1.1
WA7 6AZ,1.1
WA7 6BA,1.1
WA7 6BB,1.1
WA7 6BD,0.1
WA7 6BE,0.1
WA7 6BG,0.1
WA7 6BH,1.1
WA7 6BJ,1.1
WA7 6BL,1.1
WA7 6BN,1.1
WA7 6BP,1.1
WA7 6BQ,1.1
WA7 6BS,1.1
WA7 6BT,1.1
WA7 6BU,1.1
WA7 6BW,1.1
WA7 6BX,1.1
WA7 6BY,1.1
WA7 6BZ,0.1
WA7 6DA,1.1
WA7 6DB,1.1
WA7 6DD,1.1
WA7 6DE,1.1
WA7 6DF,1.1
WA7 6DG,1.1
WA7 6DH,1.1
WA7 6DJ,1.1
WA7 6DL,1.1
WA7 6DN,1.1
WA7 6DP,1.1
WA7 6DQ,1.1
WA7 6DR,1.1
WA7 6DS,1.1
WA7 6DT,1.1
WA7 6DU,1.1
WA7 6DW,1.1
WA7 6DX,1.1
WA7 6DY,1.1
WA7 6DZ,1.1
WA7 6EA,1.1
WA7 6EB,1.1
WA7 6ED,1.1
WA7 6EE,1.1
WA7 6EF,1.1
WA7 6EG,0.1
WA7 6EH,1.1
WA7 6EJ,1.1
WA7 6EL,1.1
WA7 6EN,1.1
WA7 6EP,1.1
WA7 6EQ,0.1
WA7 6ER,1.1
WA7 6ES,1.1
WA7 6ET,3.3
WA7 6EU,1.1
WA7 6EW,0.1
WA7 6EX,1.1
WA7 6EY,1.1
WA7 6FE,1.1
WA7 6HA,0.1
WA7 6HB,0.1
WA7 6HD,0.1
WA7 6HE,0.1
WA7 6HF,0.1
WA7 6HG,0.1
WA7 6HH,1.1
WA7 6HJ,1.1
WA7 6HL,1.1
WA7 6HN,1.1
WA7 6HQ,1.1
WA7 6HS,1.1
WA7 6HT,1.1
WA7 6HU,1.1
WA7 6HW,1.1
WA7 6HX,1.1
WA7 6HY,1.1
WA7 6HZ,1.1
WA7 6JA,1.1
WA7 6JB,1.1
WA7 6JD,1.1
WA7 6JE,1.1
WA7 6JF,1.1
WA7 6JG,1.1
WA7 6JH,1.1
WA7 6JJ,1.1
WA7 6JL,1.1
WA7 6JP,3.3
WA7 6JQ,1.1
WA7 6JR,1.1
WA7 6JS,1.1
WA7 6JT,1.1
WA7 6JU,1.1
WA7 6JW,1.1
WA7 6JX,1.1
WA7 6JY,1.1
WA7 6JZ,1.1
WA7 6LA,1.2
WA7 6LB,1.2
WA7 6LD,1.2
WA7 6LE,1.2
WA7 6LF,1.2
WA7 6LG,1.2
WA7 6LH,1.2
WA7 6LJ,1.2
WA7 6LL,1.2
WA7 6LN,1.2
WA7 6LP,1.2
WA7 6LQ,1.2
WA7 6LR,0.1
WA7 6LS,0.1
WA7 6LT,0.1
WA7 6LU,0.1
WA7 6LW,1.2
WA7 6LX,0.1
WA7 6NA,3.3
WA7 6NB,3.3
WA7 6ND,3.3
WA7 6NE,3.3
WA7 6NF,3.3
WA7 6NH,3.3
WA7 6NJ,3.3
WA7 6NL,3.3
WA7 6NN,3.3
WA7 6NP,3.3
WA7 6NQ,3.3
WA7 6NR,3.3
WA7 6NS,3.3
WA7 6NT,3.3
WA7 6NU,3.3
WA7 6NW,3.3
WA7 6PA,3.3
WA7 6PB,3.3
WA7 6PD,3.3
WA7 6PE,0.1
WA7 6PF,0.1
WA7 6PG,3.3
WA7 6PH,3.3
WA7 6PJ,3.3
WA7 6PL,3.3
WA7 6PN,3.3
WA7 6PP,1.2
WA7 6PQ,3.3
WA7 6PR,1.2
WA7 6PS,1.2
WA7 6PT,3.3
WA7 6PU,1.1
WA7 6PW,3.3
WA7 6PX,3.3
WA7 5FA,1.2
WA7 5FB,1.2
WA7 5FN,1.2
WA7 5FP,1.2
WA7 5FQ,1.2
WA7 5GF,1.2
WA7 5HA,1.2
WA7 5HB,1.2
WA7 5HD,1.2
WA7 5HE,1.2
WA7 5HF,1.2
WA7 5HG,1.2
WA7 5HH,1.2
WA7 5HJ,1.2
WA7 5HL,1.2
WA7 5HN,1.2
WA7 5HP,1.2
WA7 5HQ,1.2
WA7 5HR,1.2
WA7 5HS,1.2
WA7 5HT,1.2
WA7 5HU,1.2
WA7 5HW,1.2
WA7 5HX,1.2
WA7 5HY,1.2
WA7 5HZ,1.2
WA7 5JA,1.2
WA7 5JB,1.1
WA7 5JD,1.1
WA7 5JE,1.2
WA7 5JF,1.2
WA7 5JG,1.2
WA7 5JH,1.2
WA7 5JJ,1.2
WA7 5JL,1.2
WA7 5JN,1.2
WA7 5JP,1.2
WA7 5JQ,1.2
WA7 5JR,1.2
WA7 5JS,1.2
WA7 5JT,1.2
WA7 5JU,1.2
WA7 5JW,1.2
WA7 5JX,1.2
WA7 5JY,1.2
WA7 5JZ,1.2
WA7 5LA,1.2
WA7 5LB,1.2
WA7 5LD,1.2
WA7 5LE,1.1
WA7 5LF,1.1
WA7 5LG,1.1
WA7 5LH,1.1
WA7 5LJ,1.2
WA7 5LL,1.1
WA7 5LN,1.2
WA7 5LQ,1.1
WA7 5LR,1.2
WA7 5LS,1.2
WA7 5LT,1.1
WA7 5LU,1.1
WA7 5LW,1.2
WA7 5LX,1.2
WA7 5LY,1.2
WA7 5NA,1.1
WA7 5NB,1.1
WA7 5ND,1.1
WA7 5NE,1.1
WA7 5NF,3.2
WA7 5NG,3.2
WA7 5NH,3.2
WA7 5NJ,3.2
WA7 5NL,3.2
WA7 5NN,3.2
WA7 5NP,3.2
WA7 5NQ,3.2
WA7 5NR,3.2
WA7 5NS,1.2
WA7 5NT,1.2
WA7 5NU,3.2
WA7 5NW,3.2
WA7 5NX,3.2
WA7 5NY,3.2
WA7 5NZ,3.2
WA7 5PA,3.2
WA7 5PB,3.2
WA7 5PE,3.2
WA7 5PF,3.2
WA7 5PG,3.2
WA7 5PH,3.2
WA7 5PJ,3.2
WA7 5PL,3.2
WA7 5PN,3.2
WA7 5PP,3.2
WA7 5PQ,3.2
WA7 5PR,3.2
WA7 5PS,3.2
WA7 5PT,3.2
WA7 5PU,3.2
WA7 5PW,3.2
WA7 5PX,3.2
WA7 5PY,3.2
WA7 5PZ,3.2
WA7 5QA,3.2
WA7 5QB,3.2
WA7 5QD,3.2
WA7 5QE,3.2
WA7 5QF,3.2
WA7 5QG,3.2
WA7 5QH,3.2
WA7 5QL,3.2
WA7 5QN,3.2
WA7 5QP,1.2
WA7 5QQ,3.2
WA7 5QS,3.2
WA7 5QU,3.2
WA7 5QX,1.2
WA7 5QY,3.2
WA7 4PZ,3.2
WA7 4QA,3.2
WA7 4QB,3.2
WA7 4QH,3.2
WA7 4QJ,3.2
WA7 4QL,3.2
WA7 4QN,3.2
WA7 4QQ,1.2
WA7 4QR,1.2
WA7 4QT,1.1
WA7 4QT,0.1
WA7 4QU,3.2
WA7 4QW,3.2
WA7 4QX,3.2
WA7 4QY,3.2
WA7 4QZ,3.2
WA7 4RA,3.2
WA7 4RB,3.2
WA7 4RD,3.2
WA7 4RF,3.2
WA7 4RG,3.2
WA7 4RH,3.2
WA7 4RJ,3.2
WA7 4RL,3.2
WA7 4RN,3.2
WA7 5QZ,3.2
WA7 5RA,1.2
WA7 5RB,3.2
WA7 5RD,3.2
WA7 5RE,3.2
WA7 5RF,3.2
WA7 5RG,3.2
WA7 5RH,3.2
WA7 5RJ,3.2
WA7 5RL,3.2
WA7 5RN,1.2
WA7 5RQ,3.2
WA7 5RT,1.1
WA7 5RU,1.1
WA7 5RW,1.2
WA7 5RY,1.1
WA7 5RZ,1.1
WA7 5SB,1.2
WA7 5SE,1.2
WA7 5SF,1.2
WA7 5SG,1.2
WA7 5SJ,3.2
WA7 5SL,3.2
WA7 5SN,1.2
WA7 5SQ,1.2
WA7 5SR,1.1
WA7 5SS,1.1
WA7 5ST,1.1
WA7 5SU,1.2
WA7 5SX,1.2
WA7 5SY,1.2
WA7 5SZ,1.2
WA7 5TA,3.2
WA7 5TB,3.2
WA7 5TD,3.2
WA7 5TE,3.2
WA7 5TF,3.2
WA7 5TG,3.2
WA7 5TH,1.2
WA7 5TJ,3.2
WA7 5TL,1.2
WA7 5TN,3.2
WA7 5TP,1.1
WA7 5TQ,1.1
WA7 5TR,1.1
WA7 5TS,1.1
WA7 5TT,1.1
WA7 5TU,1.1
WA7 5TX,1.1
WA7 5TY,1.1
WA7 5TZ,1.1
WA7 5UA,1.1
WA7 5UL,1.2
WA7 5UP,1.2
WA7 5UR,1.2
WA7 5UT,1.2
WA7 5UU,1.2
WA7 5UW,1.2
WA7 5UX,1.2
WA7 5UY,1.2
WA7 5UZ,1.2
WA7 5WN,1.2
WA7 5XA,1.2
WA7 5XB,1.2
WA7 5XE,1.2
WA7 5XF,1.2
WA7 5XG,1.2
WA7 5XH,1.2
WA7 4RP,3.2
WA7 4RR,3.2
WA7 4RS,3.2
WA7 4RT,3.2
WA7 4RU,1.2
WA7 4RW,3.2
WA7 4RX,3.2
WA7 4RZ,3.2
WA7 4SA,3.2
WA7 4SB,0.1
WA7 4SD,3.2
WA7 4SE,3.2
WA7 4SF,3.2
WA7 4SG,3.2
WA7 4SH,3.2
WA7 4SJ,3.2
WA7 4SL,3.2
WA7 4SN,3.2
WA7 4SP,3.2
WA7 4SQ,3.2
WA7 4SR,3.2
WA7 4SS,3.2
WA7 4ST,3.2
WA7 4SU,3.2
WA7 4SW,3.2
WA7 4SX,3.2
WA7 4SY,3.2
WA7 4SZ,3.2
WA7 4TA,3.2
WA7 4TB,3.2
WA7 4TD,3.2
WA7 4TE,3.2
WA7 4TF,3.2
WA7 4TG,1.1
WA7 4TG,0.1
WA7 4TJ,1.2
WA7 4TL,1.2
WA7 4TN,1.2
WA7 4TP,1.1
WA7 4TP,0.1
WA7 4TQ,1.1
WA7 4TQ,0.1
WA7 4TR,1.2
WA7 4TS,1.1
WA7 4TS,0.1
WA7 4TT,1.1
WA7 4TT,0.1
WA7 4TU,1.1
WA7 4TU,0.1
WA7 4TW,1.1
WA7 4TW,0.1
WA7 4TX,1.1
WA7 4TX,0.1
WA7 4TY,1.1
WA7 4TY,0.1
WA7 4TZ,1.1
WA7 4TZ,0.1
WA7 4UA,1.1
WA7 4UA,0.1
WA7 4UB,1.1
WA7 4UB,0.1
WA7 4UD,1.1
WA7 4UD,0.1
WA7 4UH,1.2
WA7 4UJ,1.1
WA7 4UJ,0.1
WA7 4UN,1.1
WA7 4UN,0.1
WA7 4US,1.1
WA7 4US,0.1
WA7 4UT,3.2
WA7 4UW,1.1
WA7 4UW,0.1
WA7 4UX,1.1
WA7 4UX,0.1
WA7 4UY,1.1
WA7 4UY,0.1
WA7 4UZ,3.2
WA7 4WW,1.2
WA7 4XE,1.2
WA7 4XG,3.2
WA7 4XH,3.2
WA7 4XJ,3.2
WA7 4XL,3.2
WA7 4XN,3.2
WA7 4XP,3.2
WA7 4XQ,3.2
WA7 4XR,3.2
WA7 4XT,3.2
WA7 4XU,3.2
WA7 4XW,3.2
WA7 4XX,1.1
WA7 4XX,0.1
WA7 4XY,3.2
WA7 4XZ,3.2
WA7 4YA,3.2
WA7 4YB,3.2
WA7 4YD,3.2
WA7 4YE,3.2
WA7 4YF,3.2
WA7 4YG,3.2
WA7 4YH,3.2
WA7 4YJ,3.2
WA7 4YL,3.2
WA7 4YN,3.2
WA7 4YP,3.2
WA7 4YQ,3.2
WA7 4YR,3.2
WA7 4YS,3.2
WA7 4YT,3.2
WA7 4YU,3.2
WA7 4YW,3.2
WA7 4YX,3.2
WA7 4YY,3.2
WA7 4YZ,3.2
WA7 5AF,1.1
WA7 3HL,3.2
WA7 3HN,3.2
WA7 3HP,3.2
WA7 3HQ,3.2
WA7 3HR,3.2
WA7 3HS,3.2
WA7 3HT,3.2
WA7 3HU,3.2
WA7 3HW,3.2
WA7 3HX,3.2
WA7 3HY,3.2
WA7 3HZ,3.2
WA7 3JA,3.2
WA7 3JB,3.2
WA7 3JD,3.2
WA7 3JE,3.2
WA7 3JF,3.2
WA7 3JG,3.2
WA7 3JH,3.2
WA7 3JJ,3.2
WA7 3JL,3.2
WA7 3JN,3.2
WA7 3JP,3.2
WA7 3JQ,3.2
WA7 3JR,3.2
WA7 3JS,3.2
WA7 3JT,3.2
WA7 3JU,3.2
WA7 3JW,3.2
WA7 3LB,1.1
WA7 3LD,1.1
WA7 3LE,1.1
WA7 5AG,1.1
WA7 5AH,1.1
WA7 5AJ,1.1
WA7 5AN,1.1
WA7 5AQ,1.1
WA7 5AR,1.2
WA7 5AS,1.1
WA7 5AT,1.1
WA7 5AU,1.1
WA7 5AW,1.1
WA7 5AX,1.1
WA7 5AY,1.1
WA7 5AZ,1.1
WA7 5BA,1.1
WA7 5BB,1.1
WA7 5BD,1.1
WA7 5BE,1.1
WA7 5BH,1.1
WA7 5BJ,1.1
WA7 5BL,1.1
WA7 5BN,1.1
WA7 5BP,1.1
WA7 5BS,1.1
WA7 5BU,1.2
WA7 5BW,1.1
WA7 5BX,1.1
WA7 5BX,0.1
WA7 5BY,1.1
WA7 5BY,0.1
WA7 5BZ,1.1
WA7 5DA,1.1
WA7 5DB,1.1
WA7 5DD,1.1
WA7 5DE,1.2
WA7 5DF,1.2
WA7 5DG,1.2
WA7 5DH,1.2
WA7 5DJ,1.2
WA7 5DL,1.2
WA7 5DN,1.2
WA7 5DP,1.2
WA7 5DQ,1.2
WA7 5DR,1.2
WA7 5DS,1.2
WA7 5DT,1.2
WA7 5DU,1.2
WA7 5DW,1.2
WA7 5DX,1.2
WA7 5DY,1.2
WA7 5DZ,1.2
WA7 5EA,1.2
WA7 5EB,1.2
WA7 5ED,1.2
WA7 5EE,1.2
WA7 5EF,1.2
WA7 5EG,1.2
WA7 5EH,1.2
WA7 5EJ,1.2
WA7 5EL,3.2
WA7 5EN,3.2
WA7 5EP,3.2
WA7 5EQ,1.1
WA7 5ER,3.2
WA7 5ES,3.2
WA7 5ET,3.2
WA7 5EU,3.2
WA7 5EW,3.2
WA7 5EX,1.2
WA7 5EY,1.2
WA7 5EZ,1.2
WA7 3LF,3.2
WA7 3LG,3.2
WA7 3LH,3.2
WA7 3LJ,3.2
WA7 3LQ,3.2
WA7 3NA,3.3
WA7 3NB,3.3
WA7 3PD,3.3
WA7 3PE,3.3
WA7 3PZ,3.3
WA7 3QA,3.3
WA7 4AB,3.2
WA7 4AD,3.2
WA7 4AE,3.2
WA7 4AF,3.2
WA7 4AG,3.2
WA7 4AH,3.2
WA7 4AJ,3.2
WA7 4AL,3.2
WA7 4AN,3.2
WA7 4AP,3.2
WA7 4AQ,3.2
WA7 4AR,3.2
WA7 4AS,3.2
WA7 4AT,3.2
WA7 4AU,3.2
WA7 4AW,3.2
WA7 4AX,3.2
WA7 4AY,3.2
WA7 4BD,1.1
WA7 4BD,0.1
WA7 4BE,1.1
WA7 4BE,0.1
WA7 4BG,1.2
WA7 4BH,1.2
WA7 4BJ,1.2
WA7 4BL,1.2
WA7 4BN,1.2
WA7 4BP,1.2
WA7 4BQ,1.2
WA7 4BS,1.2
WA7 4BT,1.2
WA7 4BU,1.2
WA7 4BW,1.2
WA7 4BX,1.2
WA7 4BY,1.2
WA7 4BZ,1.2
WA7 4DA,1.2
WA7 4DD,1.2
WA7 4DE,1.1
WA7 4DE,0.1
WA7 4DF,1.2
WA7 4DG,1.1
WA7 4DG,0.1
WA7 4DH,1.2
WA7 4DJ,1.2
WA7 4DL,1.2
WA7 4DN,1.2
WA7 4DP,1.2
WA7 4DQ,1.2
WA7 4DR,1.2
WA7 4DS,1.2
WA7 4DT,1.1
WA7 4DT,0.1
WA7 4DU,1.2
WA7 4DW,1.2
WA7 4DX,1.2
WA7 4DY,1.2
WA7 4DZ,1.2
WA7 4ED,1.2
WA7 4EE,1.2
WA7 4EF,1.2
WA7 4EG,1.2
WA7 4EH,1.2
WA7 4EQ,1.2
WA7 4ER,1.2
WA7 4ES,1.2
WA7 4ET,1.2
WA7 4EU,1.2
WA7 4EW,1.2
WA7 4EX,1.2
WA7 4EY,1.2
WA7 4EZ,1.2
WA7 4FZ,3.2
WA7 4GD,1.2
WA7 4HA,1.2
WA7 4HD,1.2
WA7 4HE,1.2
WA7 4HP,1.2
WA7 4HR,1.2
WA7 4HS,1.2
WA7 4HT,1.2
WA7 4HU,1.2
WA7 4HX,1.2
WA7 4HY,1.2
WA7 4HZ,1.2
WA7 2QA,1.2
WA7 2QD,1.2
WA7 2QE,1.2
WA7 2QF,1.2
WA7 2QG,1.2
WA7 2QH,0.1
WA7 2QJ,0.1
WA7 2QL,0.1
WA7 2QN,0.1
WA7 2QP,1.2
WA7 2QQ,1.2
WA7 2QR,1.2
WA7 2QS,1.2
WA7 2QT,1.2
WA7 2QW,1.2
WA7 2QX,0.1
WA7 2QY,0.1
WA7 2QZ,0.1
WA7 2RA,1.2
WA7 2RB,1.2
WA7 2RD,1.2
WA7 2RE,0.1
WA7 2RF,0.1
WA7 2RG,0.1
WA7 2RH,0.1
WA7 2RJ,3.2
WA7 2RL,3.2
WA7 2RN,3.2
WA7 2RP,3.2
WA7 2RQ,0.1
WA7 2RR,0.1
WA7 2RS,0.1
WA7 2RT,3.2
WA7 2RU,3.2
WA7 2RW,3.2
WA7 2SB,1.2
WA7 2SD,1.2
WA7 2SE,1.2
WA7 4JB,1.2
WA7 4JD,1.2
WA7 4JG,1.2
WA7 4JJ,1.2
WA7 4JL,1.2
WA7 4JP,3.2
WA7 4JQ,3.2
WA7 4JS,1.2
WA7 4JT,1.2
WA7 4JU,3.2
WA7 4JX,3.2
WA7 4JY,1.2
WA7 4LA,1.2
WA7 4LB,1.2
WA7 4LD,1.2
WA7 4LG,1.2
WA7 4LH,1.2
WA7 4LJ,1.2
WA7 4LL,1.2
WA7 4LN,3.2
WA7 4LP,3.2
WA7 4LQ,1.2
WA7 4LT,3.2
WA7 4LU,3.2
WA7 4LY,3.2
WA7 4LZ,3.2
WA7 4NA,3.2
WA7 4ND,1.1
WA7 4ND,0.1
WA7 4NE,1.1
WA7 4NE,0.1
WA7 4NN,1.1
WA7 4NN,0.1
WA7 4NP,1.1
WA7 4NP,0.1
WA7 4NQ,1.1
WA7 4NQ,0.1
WA7 4NR,1.1
WA7 4NR,0.1
WA7 4NS,1.1
WA7 4NS,0.1
WA7 4NT,1.1
WA7 4NT,0.1
WA7 4NU,3.2
WA7 4NW,1.1
WA7 4NW,0.1
WA7 4NX,3.2
WA7 4NY,3.2
WA7 4NZ,3.2
WA7 4PA,3.2
WA7 4PB,3.2
WA7 4PD,1.1
WA7 4PD,0.1
WA7 4PE,1.1
WA7 4PE,0.1
WA7 4PF,1.1
WA7 4PF,0.1
WA7 4PG,1.1
WA7 4PG,0.1
WA7 4PH,1.1
WA7 4PH,0.1
WA7 4PJ,3.2
WA7 4PL,3.2
WA7 4PN,3.2
WA7 4PP,3.2
WA7 4PQ,1.1
WA7 4PQ,0.1
WA7 4PR,3.2
WA7 4PS,3.2
WA7 4PT,3.2
WA7 4PU,3.2
WA7 4PW,3.2
WA7 4PX,3.2
WA7 4PY,3.2
WA7 2SF,1.2
WA7 2SG,1.2
WA7 2SH,1.2
WA7 2SJ,1.2
WA7 2SL,1.2
WA7 2SN,1.2
WA7 2SP,1.2
WA7 2SQ,1.2
WA7 2SR,1.2
WA7 2SU,1.2
WA7 2SW,1.2
WA7 2SX,1.2
WA7 2TA,1.2
WA7 2TB,1.2
WA7 2TD,1.2
WA7 2TE,1.2
WA7 2TF,1.2
WA7 2TG,1.2
WA7 2TH,1.2
WA7 2TJ,1.2
WA7 2TL,1.2
WA7 2TN,1.2
WA7 2TP,1.2
WA7 2TQ,1.2
WA7 2TT,0.1
WA7 2TU,0.1
WA7 2TW,1.2
WA7 2TX,0.1
WA7 2TY,0.1
WA7 2TZ,0.1
WA7 2UA,1.2
WA7 2UB,1.2
WA7 2UD,1.2
WA7 2UE,1.2
WA7 2UF,1.2
WA7 2UG,1.2
WA7 2UH,1.2
WA7 2UL,1.2
WA7 2UN,1.2
WA7 2UQ,1.2
WA7 2UR,1.2
WA7 2UT,1.2
WA7 2UX,1.2
WA7 2UY,1.2
WA7 2UZ,1.2
WA7 2WX,1.1
WA7 2WY,1.1
WA7 2WZ,1.1
WA7 2YA,0.1
WA7 2YB,0.1
WA7 2YD,0.1
WA7 2YE,0.1
WA7 2YF,0.1
WA7 2YG,0.1
WA7 2YH,0.1
WA7 2YQ,0.1
WA7 2ZS,1.2
WA7 3AB,3.3
WA7 3AD,3.3
WA7 3AE,1.1
WA7 3AF,1.1
WA7 3AH,3.3
WA7 3AJ,1.1
WA7 3AL,3.3
WA7 3AN,3.3
WA7 3AP,3.3
WA7 3AQ,3.3
WA7 3AR,3.3
WA7 3AS,3.3
WA7 3AT,3.3
WA7 3AU,3.3
WA7 3AW,3.3
WA7 3AX,3.3
WA7 3AZ,3.3
WA7 3BA,3.3
WA7 3BD,3.3
WA7 3BE,3.3
WA7 3BH,1.1
WA7 3BP,3.3
WA7 3BQ,1.1
WA7 1XR,3.3
WA7 1XU,3.3
WA7 2AB,1.2
WA7 2AD,1.2
WA7 2AE,1.2
WA7 2AF,1.2
WA7 2AG,1.2
WA7 2AH,1.2
WA7 2AJ,1.2
WA7 2AL,1.2
WA7 2AN,1.2
WA7 2AP,1.2
WA7 2AQ,1.2
WA7 2AR,1.2
WA7 2AS,1.2
WA7 2AT,1.2
WA7 2AU,1.2
WA7 2AW,1.2
WA7 2AX,1.2
WA7 2AY,1.2
WA7 2AZ,1.2
WA7 2BA,1.2
WA7 2BB,1.2
WA7 2BD,1.2
WA7 2BE,1.2
WA7 2BG,1.2
WA7 2BH,1.2
WA7 2BJ,1.2
WA7 2BL,1.2
WA7 2BN,1.2
WA7 2BQ,1.2
WA7 2BS,1.1
WA7 2BW,1.2
WA7 2BX,1.1
WA7 2BY,1.1
WA7 2DA,1.2
WA7 2DE,1.2
WA7 2DF,1.2
WA7 2DG,1.2
WA7 2DH,1.2
WA7 2DJ,1.2
WA7 2DL,1.2
WA7 3DJ,3.3
WA7 3DL,3.3
WA7 3DP,3.3
WA7 3DS,3.3
WA7 3DT,3.3
WA7 3DU,3.3
WA7 3DW,1.1
WA7 3DX,3.3
WA7 3EH,3.2
WA7 3EJ,3.2
WA7 3EL,3.2
WA7 3EN,3.2
WA7 3EZ,3.2
WA7 3FA,3.3
WA7 3FP,3.2
WA7 3FR,3.3
WA7 3FT,3.3
WA7 3FW,3.2
WA7 3FY,3.3
WA7 3FZ,3.3
WA7 3GE,3.3
WA7 3GH,3.3
WA7 3HA,3.2
WA7 3HB,0.1
WA7 3HD,3.2
WA7 3HE,3.2
WA7 3HF,3.2
WA7 3HG,3.2
WA7 3HH,3.2
WA7 2DQ,1.2
WA7 2DS,1.2
WA7 2DT,1.2
WA7 2DU,1.2
WA7 2DX,1.2
WA7 2DY,1.2
WA7 2DZ,1.2
WA7 2EE,1.2
WA7 2EF,1.2
WA7 2EG,1.2
WA7 2EH,1.2
WA7 2EJ,1.2
WA7 2EL,1.2
WA7 2EN,1.2
WA7 2EP,1.2
WA7 2EQ,1.2
WA7 2ES,1.2
WA7 2EU,1.1
WA7 2EW,1.2
WA7 2EX,1.2
WA7 2EY,1.2
WA7 2EZ,1.2
WA7 2FA,1.2
WA7 2FB,1.2
WA7 2FD,1.2
WA7 2FE,1.2
WA7 2FF,1.1
WA7 2FG,1.2
WA7 2FH,1.1
WA7 2FJ,1.1
WA7 2FL,1.1
WA7 2FN,1.1
WA7 2FP,1.1
WA7 2FQ,1.1
WA7 2FR,1.1
WA7 2FS,1.2
WA7 2FU,1.2
WA7 2FW,1.1
WA7 2FX,1.1
WA7 2GA,1.2
WA7 2GE,1.2
WA7 2GF,1.1
WA7 2GG,1.1
WA7 2GH,1.1
WA7 2GN,1.1
WA7 2GP,1.1
WA7 2GQ,1.1
WA7 2GR,1.2
WA7 2GS,1.2
WA7 2GT,1.1
WA7 2GU,1.2
WA7 2GW,1.2
WA7 2GX,1.1
WA7 2GY,1.1
WA7 2GZ,1.1
WA7 2HA,1.2
WA7 2HB,1.2
WA7 2HD,1.2
WA7 2HH,1.2
WA7 2HJ,1.2
WA7 2HL,1.2
WA7 2HP,1.2
WA7 2HQ,1.2
WA7 2HR,1.2
WA7 2HT,1.2
WA7 2HU,1.2
WA7 2HW,1.2
WA7 2HX,1.2
WA7 2HY,1.2
WA7 2HZ,1.2
WA7 2JE,1.2
WA7 2JF,1.2
WA7 2JG,1.2
WA7 2JJ,1.2
WA7 2JN,1.2
WA7 2JP,1.2
WA7 2JQ,1.2
WA7 2JR,1.2
WA7 2JS,1.2
WA7 2JT,1.2
WA7 2JU,1.2
WA7 2JW,1.2
WA7 2JX,1.2
WA7 2JZ,1.2
WA7 2LE,1.2
WA7 2LF,1.2
WA7 2LG,1.2
WA7 2LH,1.2
WA7 1EF,1.1
WA7 1EG,1.1
WA7 1EH,1.1
WA7 1EJ,1.1
WA7 1EL,1.1
WA7 1EN,1.1
WA7 1EP,1.1
WA7 1EQ,1.1
WA7 1ER,1.1
WA7 1ES,1.1
WA7 1EW,1.1
WA7 1EX,1.1
WA7 1EY,1.1
WA7 1EZ,1.1
WA7 1FJ,1.2
WA7 1GB,3.3
WA7 1GD,3.3
WA7 1GG,1.1
WA7 1GH,1.1
WA7 1GJ,1.1
WA7 1GL,1.1
WA7 1GL,0.1
WA7 1GN,1.1
WA7 1GP,1.1
WA7 1GP,0.1
WA7 1GQ,1.1
WA7 1GQ,0.1
WA7 1GR,1.1
WA7 1HB,1.1
WA7 1HE,1.1
WA7 1HF,1.1
WA7 1HG,1.1
WA7 1HH,1.1
WA7 1HJ,1.1
WA7 1HL,1.1
WA7 1HN,1.1
WA7 1HP,1.1
WA7 1HQ,1.1
WA7 1HR,3.3
WA7 1HU,1.1
WA7 1HW,1.1
WA7 1HX,1.1
WA7 1JF,1.1
WA7 1JG,1.1
WA7 1JH,1.1
WA7 1JJ,1.1
WA7 1JL,1.1
WA7 1JN,1.1
WA7 1JP,1.1
WA7 1JQ,1.1
WA7 1JS,1.1
WA7 1JU,1.1
WA7 1JZ,1.1
WA7 1LA,1.1
WA7 2LJ,1.2
WA7 2LL,1.2
WA7 2LN,1.2
WA7 2LP,1.2
WA7 2LR,1.2
WA7 2LS,1.2
WA7 2LT,1.2
WA7 2LW,1.2
WA7 2LZ,1.2
WA7 2NA,1.2
WA7 2NB,1.2
WA7 2ND,1.2
WA7 2NE,1.2
WA7 2NF,1.2
WA7 2NG,1.2
WA7 2NH,1.2
WA7 2NJ,1.2
WA7 2NL,1.2
WA7 2NN,1.2
WA7 2NP,1.2
WA7 2NQ,1.2
WA7 2NR,1.2
WA7 2NS,1.2
WA7 2NU,1.2
WA7 2NW,1.2
WA7 2NX,1.2
WA7 2NZ,1.2
WA7 2PA,1.2
WA7 2PB,1.2
WA7 2PD,1.2
WA7 2PE,1.1
WA7 2PF,1.2
WA7 2PH,1.2
WA7 2PJ,1.2
WA7 2PP,1.2
WA7 2PQ,1.2
WA7 2PR,1.2
WA7 2PS,1.2
WA7 2PW,1.2
WA7 2PY,1.1
WA7 2PZ,0.1
WA7 1LB,1.1
WA7 1LD,1.1
WA7 1LG,1.1
WA7 1LH,1.1
WA7 1LJ,1.1
WA7 1LL,1.1
WA7 1LP,1.1
WA7 1LR,1.1
WA7 1LS,1.1
WA7 1LT,1.1
WA7 1LW,3.3
WA7 1LX,1.1
WA7 1LY,3.3
WA7 1LZ,3.3
WA7 1NA,1.1
WA7 1NB,1.1
WA7 1NB,0.1
WA7 1ND,1.1
WA7 1NE,1.1
WA7 1NG,1.1
WA7 1NJ,1.1
WA7 1NJ,0.1
WA7 1NL,1.1
WA7 1NL,0.1
WA7 1NN,3.3
WA7 1NR,3.3
WA7 1NT,3.3
WA7 1NU,1.2
WA7 1NW,1.2
WA7 1NX,1.2
WA7 1NY,3.3
WA7 1NZ,1.1
WA7 1PF,1.2
WA7 1PH,1.2
WA7 1PJ,1.2
WA7 1PQ,1.2
WA7 1PT,1.2
WA7 1PU,1.2
WA7 1PW,1.2
WA7 1PZ,1.2
WA7 1QA,3.3
WA7 1QB,3.3
WA7 1QD,3.3
WA7 1QE,3.3
WA7 1QF,1.2
WA7 1QG,1.2
WA7 1QH,1.2
WA7 1QJ,3.3
WA7 1QL,3.3
WA7 1QN,3.3
WA7 1QP,3.3
WA7 1QQ,1.2
WA7 1QR,3.3
WA7 1QS,1.1
WA7 1QT,1.1
WA7 1QT,0.1
WA7 1QW,3.3
WA7 1QX,3.3
WA7 1QY,3.3
WA7 1QZ,1.2
WA7 1RB,3.3
WA7 1RD,3.3
WA7 1RE,3.3
WA7 1RF,1.1
WA7 1RG,1.1
WA7 1RH,1.1
WA7 1RJ,1.1
WA7 1RL,1.1
WA7 1RN,1.1
WA7 1RP,1.1
WA7 1RQ,1.1
WA7 1RR,1.1
WA7 1RS,3.3
WA7 1RT,1.1
WA7 1RU,1.1
WA7 1RW,3.3
WA7 1RX,1.1
WA7 1RY,1.1
WA7 1RZ,1.1
WA7 1SA,1.1
WA7 1SB,3.3
WA7 1SE,3.3
WA7 1SG,1.1
WA7 1SH,3.3
WA7 1SJ,3.3
WA7 1SN,3.3
WA7 1SP,3.3
WA7 1SQ,1.2
WA7 1SR,3.3
WA7 1SS,3.3
WA7 1ST,3.3
WA7 1SW,1.2
WA7 1SX,1.2
WA7 1SY,3.3
WA7 1TA,3.3
WA7 1TB,3.3
WA7 1TD,3.3
WA7 1TE,3.3
WA7 1TF,3.3
WA7 1TG,3.3
WA7 1TJ,3.3
WA7 1TN,3.3
WA7 1TQ,3.3
WA7 1TR,3.3
WA7 1TS,3.3
WA7 1TT,3.3
WA7 1TW,1.2
WA7 1TY,3.3
WA7 1TZ,3.3
WA7 1UB,3.3
WA7 1UE,3.3
WA7 1UG,3.3
WA7 1UH,3.3
WA7 1UJ,3.3
WA7 1UL,3.3
WA7 1UP,3.3
WA7 1UZ,3.3
WA7 1WA,3.3
WA7 1XA,3.3
WA7 1XB,3.3
WA7 1XD,3.3
WA7 1XE,3.3
WA7 1XF,3.3
WA7 1XG,3.3
WA7 1XH,3.3
WA7 1XJ,3.3
WA7 1XL,3.3
WA7 1XN,3.3
WA7 1XP,3.3
WA7 1XQ,3.3
WA7 1AA,1.2
WA7 1AB,1.1
WA7 1AF,1.1
WA7 1AH,1.1
WA7 1AN,1.1
WA7 1AP,1.1
WA7 1AQ,1.1
WA7 1AT,1.1
WA7 1AU,1.1
WA7 1AW,1.1
WA7 1BB,1.1
WA7 1BD,3.3
WA7 1BE,1.1
WA7 1BF,1.1
WA7 1BG,1.1
WA7 1BH,1.1
WA7 1BL,1.1
WA7 1BN,1.1
WA7 1BQ,1.1
WA7 1BS,1.1
WA7 1BT,1.1
WA7 1BU,1.1
WA7 1BW,1.1
WA7 1BY,1.1
WA7 1BZ,1.1
WA7 1DB,1.1
WA7 1DD,1.1
WA7 1DE,1.1
WA7 1DF,1.1
WA7 1DG,1.1
WA7 1DH,1.1
WA7 1DL,1.1
WA7 1DN,1.1
WA7 1DP,1.1
WA7 1DQ,3.3
WA7 1DS,1.1
WA7 1ED,1.1
WA7 1ED,0.1
WA7 1EE,1.1
WA5 3AD,1.2
WA4 6NH,3.3
WA4 6NQ,3.3
WA4 6SS,3.3
WA4 6ST,3.3
WA4 6SU,3.3
WA4 6SX,3.3
WA4 6SY,3.3
WA4 6TX,3.3
WA4 6TY,3.3
WA4 6TZ,3.3
WA4 6UA,3.3
WA4 6UB,3.3
WA4 6UD,3.3
WA4 6UE,3.3
WA4 6UF,3.3
WA4 6UG,3.3
WA4 6UH,3.3
WA4 5LR,3.3
WA4 6UJ,3.3
WA4 6UL,3.3
WA4 6UN,3.3
WA4 6UQ,3.3
WA4 6UR,3.3
WA4 6UT,3.3
WA4 6UU,3.3
WA4 6UW,3.3
WA4 6UX,3.3
WA4 6UZ,3.3
WA4 6WF,3.3
WA4 6WX,3.3
WA4 6XG,3.3
WA4 6XH,3.3
WA4 6XQ,3.3
WA4 5QS,3.3
WA4 5QT,3.3
WA4 6FX,3.3
WA4 6GX,3.3
WA4 4AB,3.3
WA4 4AD,3.3
WA4 4AE,3.3
WA4 4AF,3.3
WA4 4AG,3.3
WA4 4AH,3.3
WA4 4AJ,3.3
WA4 4AL,3.3
WA4 4AN,3.3
WA4 4AQ,3.3
WA4 4AT,3.3
WA4 4AU,3.3
WA4 4AX,3.3
WA4 4AY,3.3
WA4 4AZ,3.3
WA4 4BA,3.3
WA4 4BB,3.3
WA4 4BD,3.3
WA4 4BE,3.3
WA4 4BG,3.3
WA4 4BH,3.3
WA4 4BJ,3.3
WA4 4BL,3.3
WA4 4BQ,3.3
WA4 4BS,3.3
WA4 4BT,3.3
WA4 4BU,3.3
WA4 4DE,3.3
WA4 4FS,3.3
WA4 4GA,3.3
WA4 4GD,3.3
WA4 4GE,3.3
WA4 4HS,3.3
WA4 4HZ,3.3
WA4 4JA,3.3
WA4 4JF,3.3
WA4 4JR,3.3
WA4 4JT,3.3
WA4 4JU,3.3
WA4 4JX,3.3
WA4 4JZ,3.3
WA4 4LL,3.3
WA4 4LN,3.3
WA4 4LW,3.3
WA3 3QP,1.2
WA3 2WQ,1.1
WA3 2FX,1.1
WA3 1PG,3.3
WA2 7EA,3.3
WA12 9RG,3.1
WA12 9RH,3.1
WA12 9RJ,3.1
WA12 9RL,3.1
WA12 9RN,3.1
WA12 9RP,3.1
WA12 9RQ,3.1
WA12 9RR,3.1
WA12 9RT,3.1
WA12 9RU,3.1
WA12 9RW,3.1
WA12 9RX,3.1
WA12 9RY,3.1
WA12 9RZ,3.1
WA12 9SB,3.3
WA12 9SD,3.1
WA12 9SE,1.1
WA12 9SF,3.3
WA12 9SG,3.1
WA12 9SH,3.1
WA12 9SL,3.1
WA12 9SN,3.3
WA12 9SP,3.3
WA12 9SQ,3.1
WA12 9SR,3.3
WA12 9ST,3.3
WA12 9SU,3.3
WA12 9SW,3.3
WA12 9SX,3.3
WA12 9SY,3.3
WA12 9SZ,3.3
WA12 9TA,3.2
WA12 9TB,3.1
WA12 9TD,3.1
WA12 9TE,3.3
WA12 9TF,3.3
WA12 9TG,3.3
WA12 9TH,3.1
WA12 9TJ,3.1
WA12 9TL,3.1
WA12 9TN,3.1
WA12 9TP,3.3
WA12 9TQ,3.1
WA12 9TR,3.1
WA12 9TS,3.1
WA12 9TU,3.1
WA12 9TW,3.1
WA12 9TX,3.1
WA12 9TZ,3.1
WA12 9UA,3.1
WA12 9UB,3.1
WA12 9UD,3.1
WA12 9UF,3.1
WA12 9UG,1.2
WA12 9UH,1.2
WA12 9UJ,1.2
WA12 9UL,3.1
WA12 9UN,3.1
WA12 9UP,3.1
WA12 9UQ,1.2
WA12 9UR,3.1
WA12 9UT,3.1
WA12 9UU,3.1
WA12 9UX,3.1
WA12 9UY,1.2
WA12 9UZ,1.2
WA12 9WA,3.1
WA12 9WB,3.1
WA12 9WD,3.1
WA12 9WE,3.1
WA12 9WF,3.1
WA12 9WG,3.1
WA12 9WH,3.1
WA12 9WJ,3.1
WA12 9WL,3.1
WA12 9WN,3.1
WA12 9WP,3.1
WA12 9WQ,3.1
WA12 9WR,3.1
WA12 9WS,3.1
WA12 9WT,3.1
WA12 9WU,3.1
WA12 9WW,3.1
WA12 9WX,3.1
WA12 9WY,3.1
WA12 9WZ,3.1
WA12 9XA,1.2
WA12 9XD,0.1
WA12 9XD,1.1
WA12 9XE,1.2
WA12 9XF,3.1
WA12 9XG,3.1
WA12 9XJ,3.1
WA12 9XL,3.1
WA12 9XR,3.1
WA12 9XW,3.1
WA12 9XZ,0.1
WA12 9XZ,1.1
WA12 9YD,3.1
WA12 9YE,3.1
WA12 9YF,3.1
WA12 9YG,3.1
WA12 9YJ,1.1
WA12 9YL,1.1
WA12 9YN,1.1
WA12 9YP,1.1
WA12 9YQ,1.1
WA12 9YR,1.1
WA12 9YS,1.1
WA12 9YT,1.1
WA12 9YU,1.1
WA12 9YX,1.1
WA12 9YY,1.1
WA12 9YZ,1.1
WA12 9ZH,1.1
WA12 9ZJ,1.1
WA12 8SB,0.1
WA12 8SD,0.1
WA12 8SE,0.1
WA12 8SF,0.1
WA12 8SG,0.1
WA12 8SH,0.1
WA12 8SJ,0.1
WA12 8SL,0.1
WA12 8SN,0.1
WA12 8SP,0.1
WA12 8SQ,0.1
WA12 8SR,0.1
WA12 8SS,0.1
WA12 8ST,0.1
WA12 8SU,0.1
WA12 8SW,0.1
WA12 8SX,0.1
WA12 9AA,1.1
WA12 9AB,1.1
WA12 9AE,1.1
WA12 9AN,1.1
WA12 9AQ,1.1
WA12 9AS,1.1
WA12 9AT,1.1
WA12 9AU,3.1
WA12 9AX,1.1
WA12 9AY,1.1
WA12 9AZ,1.1
WA12 9BA,1.1
WA12 9BE,1.1
WA12 9BH,1.1
WA12 9BJ,1.1
WA12 9BN,1.1
WA12 9BQ,1.1
WA12 9BS,1.1
WA12 9BU,1.1
WA12 9BW,1.1
WA12 9BX,1.1
WA12 9BY,1.1
WA12 9BZ,1.1
WA12 9DA,1.1
WA12 9DB,1.1
WA12 9DD,1.1
WA12 9DF,1.1
WA12 9DG,1.1
WA12 9DH,1.1
WA12 9DJ,1.1
WA12 9DL,1.1
WA12 9DN,1.1
WA12 9DP,1.1
WA12 9DQ,1.1
WA12 9DR,1.1
WA12 9DW,1.1
WA12 9ED,3.1
WA12 9EE,3.1
WA12 9EF,3.1
WA12 9EG,3.1
WA12 9EH,3.1
WA12 9EJ,3.1
WA12 9EN,1.1
WA12 9EQ,3.1
WA12 9ER,3.1
WA12 9ES,1.1
WA12 9ET,1.1
WA12 9EU,1.1
WA12 9EW,1.1
WA12 9EX,1.1
WA12 9EY,1.1
WA12 9EZ,1.1
WA12 9FF,1.1
WA12 9FG,3.1
WA12 9FW,3.1
WA12 9GB,1.1
WA12 9GD,1.1
WA12 9GL,1.1
WA12 9GR,1.1
WA12 9HA,1.1
WA12 9HB,1.1
WA12 9HD,1.1
WA12 9HE,1.1
WA12 9HF,1.1
WA12 9HG,1.1
WA12 9HJ,0.1
WA12 9HJ,1.1
WA12 9HL,0.1
WA12 9HL,1.1
WA12 9HN,0.1
WA12 9HN,1.1
WA12 9HP,0.1
WA12 9HP,1.1
WA12 9HQ,1.1
WA12 9HS,0.1
WA12 9HS,1.1
WA12 9HT,0.1
WA12 9HT,1.1
WA12 9HU,0.1
WA12 9HU,1.1
WA12 9HW,1.1
WA12 9HX,0.1
WA12 9HX,1.1
WA12 9HY,1.1
WA12 9HZ,1.1
WA12 9JA,0.1
WA12 9JA,1.1
WA12 9JD,3.1
WA12 9JE,3.1
WA12 9JG,3.1
WA12 9JH,1.1
WA12 9JL,0.1
WA12 9JL,1.1
WA12 9JN,0.1
WA12 9JN,1.1
WA12 9JP,0.1
WA12 9JP,1.1
WA12 9JQ,3.1
WA12 9JR,0.1
WA12 9JR,1.1
WA12 9JS,3.1
WA12 9JT,0.1
WA12 9JT,1.1
WA12 9JU,0.1
WA12 9JU,1.1
WA12 9JW,0.1
WA12 9JW,1.1
WA12 9JX,0.1
WA12 9JX,1.1
WA12 9JY,0.1
WA12 9JY,1.1
WA12 9JZ,0.1
WA12 9JZ,1.1
WA12 9LA,0.1
WA12 9LA,1.1
WA12 9LB,0.1
WA12 9LB,1.1
WA12 9LD,0.1
WA12 9LD,1.1
WA12 9LE,0.1
WA12 9LE,1.1
WA12 9LF,0.1
WA12 9LF,1.1
WA12 9LG,0.1
WA12 9LG,1.1
WA12 9LH,0.1
WA12 9LH,1.1
WA12 9LJ,0.1
WA12 9LJ,1.1
WA12 9LL,0.1
WA12 9LL,1.1
WA12 9LN,1.1
WA12 9LQ,0.1
WA12 9LQ,1.1
WA12 9LR,1.1
WA12 9LS,1.1
WA12 9LT,1.1
WA12 9LU,1.1
WA12 9LW,1.1
WA12 9LX,1.1
WA12 9LZ,1.2
WA12 0NA,1.2
WA12 0NB,1.2
WA12 0ND,1.2
WA12 0NE,1.2
WA12 0NF,1.2
WA12 0NG,1.2
WA12 0NH,1.2
WA12 0NJ,1.2
WA12 0NL,1.2
WA12 0NN,1.2
WA12 0NQ,1.2
WA12 0NW,1.2
WA12 0WT,1.1
WA12 2AE,1.1
WA12 8BA,3.3
WA12 8BB,3.3
WA12 8BD,3.3
WA12 8BE,3.3
WA12 8BF,3.3
WA12 8BG,3.3
WA12 8BH,3.3
WA12 9NA,1.1
WA12 9ND,3.3
WA12 9NE,1.1
WA12 9NF,1.1
WA12 9NH,1.1
WA12 9NJ,1.1
WA12 9NN,0.1
WA12 9NN,1.1
WA12 9NP,1.1
WA12 9NR,1.1
WA12 9NS,0.1
WA12 9NS,1.1
WA12 9NT,0.1
WA12 9NT,1.1
WA12 9NU,0.1
WA12 9NU,1.1
WA12 9NW,1.1
WA12 9NX,0.1
WA12 9NX,1.1
WA12 9NY,0.1
WA12 9NY,1.1
WA12 9NZ,0.1
WA12 9NZ,1.1
WA12 9PA,0.1
WA12 9PA,1.1
WA12 9PD,0.1
WA12 9PD,1.1
WA12 9PE,0.1
WA12 9PE,1.1
WA12 9PH,1.1
WA12 9PJ,1.1
WA12 9PL,1.1
WA12 9PN,1.1
WA12 9PS,1.1
WA12 9PT,1.1
WA12 9PU,3.1
WA12 9PW,1.2
WA12 9PX,3.1
WA12 9PY,1.1
WA12 9PZ,3.1
WA12 9QA,3.1
WA12 9QB,3.1
WA12 9QD,3.1
WA12 9QE,1.1
WA12 9QF,1.1
WA12 9QG,1.1
WA12 9QH,3.1
WA12 9QJ,3.1
WA12 9QL,1.1
WA12 9QN,1.1
WA12 9QP,1.1
WA12 9QQ,3.1
WA12 9QR,1.1
WA12 9QS,1.1
WA12 9QT,1.1
WA12 9QU,1.1
WA12 9QX,1.1
WA12 9QZ,3.1
WA12 9RA,3.1
WA12 9RB,3.1
WA12 9RD,3.1
WA12 9RE,3.1
WA12 9RF,3.1
WA12 8BJ,3.3
WA12 8BL,3.2
WA12 8BP,3.2
WA12 8BS,3.2
WA12 8BT,3.2
WA12 8BU,3.2
WA12 8BW,3.3
WA12 8BY,3.2
WA12 8DB,3.2
WA12 8DD,3.2
WA12 8DE,3.2
WA12 8DF,3.2
WA12 8DG,3.2
WA12 8DJ,0.1
WA12 8DJ,1.1
WA12 8DN,0.1
WA12 8DN,1.1
WA12 8DP,3.2
WA12 8DR,3.3
WA12 8DT,3.2
WA12 8DU,3.2
WA12 8ED,0.1
WA12 8ED,1.1
WA12 8EE,3.2
WA12 8EF,3.2
WA12 8EH,1.2
WA12 8EJ,1.2
WA12 8EL,1.2
WA12 8EN,1.2
WA12 8EP,1.1
WA12 8ES,1.1
WA12 8ET,0.1
WA12 8EU,0.1
WA12 8EW,1.1
WA12 8EX,1.2
WA12 8EY,1.1
WA12 8EZ,1.2
WA12 8FG,1.1
WA12 8GZ,1.1
WA12 8HB,1.1
WA12 8HD,1.1
WA12 8HE,1.1
WA12 8HF,1.1
WA12 8HG,1.1
WA12 8HH,1.1
WA12 8HJ,1.2
WA12 8HL,1.1
WA12 8HN,1.2
WA12 8HP,1.2
WA12 8HQ,1.2
WA12 8HR,1.2
WA12 8HS,1.2
WA12 8HT,1.2
WA12 8HU,1.2
WA12 8HW,1.2
WA12 8HX,3.2
WA12 8HY,1.2
WA12 8JA,1.2
WA12 8JB,1.2
WA12 8JD,1.2
WA12 8JE,1.1
WA12 8JF,1.2
WA12 8JJ,1.1
WA12 8JN,1.2
WA12 8JP,1.2
WA12 8JR,1.2
WA12 8JT,1.2
WA12 8JU,1.2
WA12 8JW,1.2
WA12 8JX,1.2
WA12 8JY,1.2
WA12 8JZ,1.2
WA12 8LA,1.2
WA12 8LB,1.2
WA12 8LD,1.2
WA12 8LE,1.2
WA12 8LF,1.2
WA12 8LG,1.2
WA12 8LH,1.2
WA12 8LJ,1.2
WA12 8LL,1.2
WA12 8LN,1.2
WA12 8LP,1.2
WA12 8LQ,1.2
WA12 8LR,1.2
WA12 8LS,1.2
WA12 8LT,1.2
WA12 8LU,1.1
WA12 8LW,1.2
WA12 8LX,1.2
WA12 8LY,1.1
WA12 8LZ,1.1
WA12 8NA,1.2
WA12 8NB,1.1
WA12 8ND,1.1
WA12 8NE,1.2
WA12 8NF,1.1
WA12 8NG,1.2
WA12 8NL,1.2
WA12 8NP,1.2
WA12 8NY,1.2
WA12 8NZ,1.2
WA11 9RF,1.2
WA11 9RG,1.2
WA11 9RH,1.2
WA11 9RJ,1.2
WA11 9RL,1.1
WA11 9RN,1.1
WA11 9RP,3.2
WA11 9RQ,1.2
WA11 9RS,3.2
WA11 9RT,3.2
WA11 9RU,3.2
WA11 9RW,1.1
WA11 9RX,3.2
WA11 9RY,3.2
WA11 9RZ,3.2
WA11 9SA,3.2
WA11 9SB,3.2
WA11 9SD,3.2
WA11 9SE,1.2
WA11 9SG,1.2
WA11 9SJ,1.2
WA11 9SL,1.2
WA11 9SQ,1.2
WA11 9SR,1.2
WA11 9ST,1.2
WA11 9SU,1.2
WA11 9SZ,1.1
WA11 9TA,1.1
WA11 9TB,1.1
WA11 9TD,1.1
WA11 9TE,1.1
WA11 9TF,1.2
WA11 9TG,1.2
WA11 9TH,1.1
WA11 9TL,1.1
WA11 9TP,1.1
WA11 9TW,1.1
WA11 9UA,1.1
WA11 9UB,1.1
WA11 9UD,1.1
WA11 9UF,1.1
WA11 9UH,1.1
WA11 9UL,1.1
WA11 9UR,1.1
WA11 9UT,1.1
WA11 9UX,1.1
WA11 9UY,1.1
WA12 8PA,1.2
WA12 8PB,1.2
WA12 8PE,1.2
WA12 8PF,1.2
WA12 8PH,1.2
WA12 8PJ,3.2
WA12 8PL,3.2
WA12 8PN,3.2
WA12 8PP,3.2
WA12 8PQ,3.2
WA12 8PR,3.2
WA12 8PS,3.2
WA12 8PT,3.2
WA12 8PU,3.2
WA12 8PW,3.2
WA12 8PX,3.2
WA12 8PY,3.3
WA12 8PZ,3.3
WA12 8QA,3.2
WA12 8QB,3.2
WA12 8QD,3.2
WA12 8QJ,1.1
WA12 8QL,1.1
WA12 8QS,0.1
WA12 8QT,0.1
WA12 8QU,1.1
WA12 8QW,1.1
WA12 8QX,0.1
WA12 8QY,0.1
WA12 8QZ,0.1
WA12 8RA,0.1
WA12 8RB,1.1
WA12 8RD,1.1
WA12 8RF,1.1
WA12 8RG,1.1
WA12 8RH,1.1
WA12 8RJ,0.1
WA12 8RP,1.1
WA12 8RQ,1.1
WA12 8RR,1.1
WA12 8RS,0.1
WA12 8RT,0.1
WA12 8RW,1.1
WA12 8RX,0.1
WA12 8RY,0.1
WA12 8RZ,0.1
WA12 8SA,0.1
WA11 9WA,1.1
WA11 9WB,1.1
WA11 9WD,1.1
WA11 9WG,1.1
WA11 9XB,1.1
WA11 9XE,1.1
WA11 9XG,1.1
WA11 9XJ,1.1
WA11 9XN,1.1
WA11 9XQ,1.1
WA11 9XW,1.1
WA11 9YA,3.2
WA11 9YB,3.2
WA11 9YD,3.2
WA11 9YE,3.2
WA11 9YF,3.2
WA11 9YG,1.1
WA11 9YH,3.2
WA11 9YJ,3.2
WA11 9YL,3.2
WA11 9YN,3.2
WA11 9YP,3.2
WA11 9YQ,3.2
WA11 9YW,3.2
WA12 0AB,3.1
WA12 0AE,3.1
WA12 0AG,1.2
WA12 0AH,1.2
WA12 0AJ,3.1
WA12 0AL,3.1
WA12 0AN,1.2
WA12 0AP,1.2
WA12 0AQ,3.1
WA12 0AR,1.2
WA12 0AS,1.2
WA12 0AT,1.2
WA12 0AU,1.2
WA12 0AW,1.2
WA12 0AX,1.2
WA12 0AY,1.2
WA12 0AZ,1.2
WA12 0BB,1.2
WA12 0BD,1.2
WA12 0BE,1.2
WA12 0BG,3.3
WA12 0BH,3.3
WA12 0BJ,3.3
WA12 0BL,3.3
WA12 0BN,3.3
WA12 0BQ,3.3
WA12 0BS,3.3
WA12 0BU,3.3
WA12 0BW,1.2
WA12 0BX,3.3
WA12 0BY,3.3
WA12 0BZ,3.3
WA12 0DA,1.2
WA12 0DD,3.3
WA12 0DE,3.3
WA12 0DF,3.3
WA12 0DG,3.3
WA12 0DL,3.3
WA12 0DP,3.1
WA12 0DQ,3.3
WA12 0DR,3.3
WA12 0DS,3.1
WA12 0DT,3.1
WA12 0DU,3.3
WA12 0DX,3.1
WA12 0DY,3.3
WA12 0EA,1.2
WA12 0EB,3.1
WA12 0EE,3.1
WA12 0EF,1.2
WA12 0EG,1.2
WA12 0EJ,3.1
WA12 0EL,3.1
WA12 0EN,3.1
WA12 0EP,3.1
WA12 0EQ,1.2
WA12 0EW,3.1
WA12 0EX,3.1
WA12 0EY,1.1
WA12 0EZ,0.1
WA12 0FA,1.1
WA12 0GA,3.1
WA12 0HD,1.1
WA12 0HF,3.1
WA12 0HH,3.1
WA12 0HL,1.2
WA12 0HN,1.2
WA12 0HP,1.2
WA12 0HQ,1.2
WA11 9AE,1.2
WA11 9AF,1.2
WA11 9AG,1.2
WA11 9AH,1.2
WA11 9AJ,1.2
WA11 9AL,1.2
WA11 9AN,1.2
WA11 9AP,1.2
WA11 9AQ,3.2
WA11 9AR,1.2
WA11 9AS,1.2
WA11 9AT,1.2
WA11 9AU,1.2
WA11 9AW,1.2
WA11 9AX,1.2
WA11 9AY,3.2
WA11 9BA,1.1
WA11 9BB,1.1
WA11 9BD,1.1
WA11 9BE,1.1
WA11 9BG,1.1
WA11 9BH,1.1
WA11 9BJ,1.1
WA11 9BL,1.1
WA11 9BN,1.1
WA11 9BP,1.1
WA11 9BQ,1.1
WA11 9BS,1.1
WA11 9BT,1.1
WA11 9BU,1.1
WA11 9BW,1.1
WA11 9BX,1.1
WA11 9BY,1.1
WA11 9BZ,1.1
WA11 9DA,1.1
WA11 9DD,1.1
WA11 9DE,1.1
WA11 9DF,1.1
WA11 9DG,1.1
WA11 9DH,1.1
WA11 9DJ,1.1
WA11 9DL,1.1
WA11 9DN,1.1
WA11 9DP,1.1
WA11 9DQ,1.1
WA11 9DR,1.1
WA11 9DU,3.2
WA11 9DW,1.1
WA11 9DY,1.2
WA11 9DZ,3.2
WA11 9EA,3.2
WA11 9EB,3.2
WA11 9ED,3.2
WA11 9EE,3.2
WA11 9EF,3.2
WA11 9EG,3.2
WA11 9EH,3.2
WA12 0HU,3.3
WA12 0JA,3.3
WA12 0JB,3.3
WA12 0JD,3.3
WA12 0JF,1.2
WA12 0JG,1.2
WA12 0JH,1.2
WA12 0JJ,3.1
WA12 0JL,3.1
WA12 0JN,1.2
WA12 0JQ,1.2
WA12 0JR,3.1
WA12 0JS,3.1
WA12 0JT,3.1
WA12 0JU,1.2
WA12 0JW,1.2
WA12 0JX,1.2
WA12 0JY,1.2
WA12 0JZ,1.2
WA12 0LD,1.2
WA12 0LE,1.2
WA12 0LF,1.2
WA12 0LG,1.2
WA12 0LH,1.2
WA12 0LJ,1.2
WA12 0LL,1.2
WA12 0LN,1.2
WA12 0LP,1.2
WA12 0LQ,1.2
WA12 0LR,1.2
WA12 0LS,1.2
WA12 0LT,1.2
WA12 0LU,1.2
WA12 0LW,1.2
WA12 0LX,1.2
WA12 0LY,1.2
WA12 0LZ,1.2
WA11 9EJ,3.2
WA11 9EL,3.2
WA11 9EN,3.2
WA11 9EP,3.2
WA11 9EQ,3.2
WA11 9ER,3.2
WA11 9ES,3.2
WA11 9ET,3.2
WA11 9EU,3.2
WA11 9EW,3.2
WA11 9EX,3.2
WA11 9EY,3.2
WA11 9FA,1.1
WA11 9FT,1.1
WA11 9GA,1.1
WA11 9HB,1.1
WA11 9HD,1.1
WA11 9HE,1.1
WA11 9HF,1.1
WA11 9HG,0.1
WA11 9HH,3.2
WA11 9HJ,3.2
WA11 9HL,3.2
WA11 9HN,0.1
WA11 9HP,3.2
WA11 9HQ,3.2
WA11 9HR,3.2
WA11 9HS,3.2
WA11 9HT,3.2
WA11 9HU,3.2
WA11 9HW,0.1
WA11 9HX,3.2
WA11 9HY,3.2
WA11 9HZ,3.2
WA11 9JA,3.2
WA11 9JB,3.2
WA11 9JD,3.2
WA11 9JE,3.2
WA11 9JF,3.2
WA11 9JG,3.2
WA11 9JH,3.2
WA11 9JJ,0.1
WA11 9JL,0.1
WA11 9JN,0.1
WA11 9JP,0.1
WA11 9JQ,0.1
WA11 9JR,0.1
WA11 9JS,0.1
WA11 9JT,0.1
WA11 9JU,3.2
WA11 9JW,0.1
WA11 9JX,0.1
WA11 9JY,0.1
WA11 9JZ,0.1
WA11 9LA,3.2
WA11 9LB,3.2
WA11 9LD,3.2
WA11 9LE,3.2
WA11 9LF,3.2
WA11 9LG,3.2
WA11 9LH,1.2
WA11 9LJ,3.2
WA11 9LL,3.2
WA11 9LN,3.2
WA11 9LP,3.2
WA11 9LQ,3.2
WA11 9LR,3.2
WA11 9LS,3.2
WA11 9LT,3.2
WA11 9LU,3.2
WA11 9LW,3.2
WA11 9LX,1.2
WA11 9LY,3.2
WA11 9LZ,3.2
WA11 9NA,1.2
WA11 9NB,1.2
WA11 9ND,1.2
WA11 9NE,3.2
WA11 9NF,3.2
WA11 9NG,3.2
WA11 9NH,3.2
WA11 9NJ,3.2
WA11 9NL,3.2
WA11 9NN,1.2
WA11 9NP,3.2
WA11 9NQ,3.2
WA11 9NS,1.2
WA11 9NT,1.2
WA11 9NU,1.2
WA11 9NW,3.2
WA11 9NX,3.2
WA11 9NY,1.2
WA11 9PB,1.2
WA11 9PD,1.2
WA11 9PE,1.2
WA11 9PF,1.2
WA11 9PG,1.2
WA11 9PH,1.2
WA11 9PJ,1.2
WA11 9PL,1.2
WA11 8AZ,3.3
WA11 8BA,3.3
WA11 8BB,3.3
WA11 8BD,3.3
WA11 8BE,3.3
WA11 8BG,3.3
WA11 8BH,3.3
WA11 8BJ,3.3
WA11 8BL,3.3
WA11 8BN,3.3
WA11 8BP,3.3
WA11 8BQ,3.3
WA11 8BS,3.2
WA11 8BT,3.2
WA11 8BU,3.2
WA11 8BW,3.3
WA11 8BX,3.2
WA11 8BY,3.2
WA11 8BZ,3.2
WA11 8DA,3.2
WA11 8DB,3.2
WA11 8DD,3.2
WA11 8DE,3.2
WA11 8DF,3.2
WA11 8DG,3.2
WA11 8DH,3.2
WA11 8DJ,3.2
WA11 8DL,3.2
WA11 8DN,3.2
WA11 8DP,3.2
WA11 8DQ,3.2
WA11 8DR,3.2
WA11 8DS,3.2
WA11 8DT,3.2
WA11 8DU,3.2
WA11 8DW,3.2
WA11 8DX,3.2
WA11 8DY,3.2
WA11 8DZ,3.2
WA11 8EA,3.2
WA11 8EB,3.2
WA11 8EE,3.2
WA11 8EF,3.2
WA11 8EG,3.3
WA11 8EH,3.2
WA11 8EJ,3.2
WA11 8EL,3.2
WA11 8EN,3.2
WA11 8EP,3.2
WA11 8EQ,3.3
WA11 8ER,3.2
WA11 8ES,3.2
WA11 8ET,3.2
WA11 8EU,3.2
WA11 8EW,3.3
WA11 8EX,3.2
WA11 8EY,3.2
WA11 8EZ,3.2
WA11 8GB,3.2
WA11 8GG,3.2
WA11 8GH,3.3
WA11 8GJ,3.2
WA11 8GL,3.2
WA11 8HA,3.2
WA11 8HB,3.2
WA11 9PN,1.2
WA11 9PP,1.2
WA11 9PQ,1.2
WA11 9PR,3.2
WA11 9PS,1.2
WA11 9PT,1.1
WA11 9PU,1.1
WA11 9PW,1.2
WA11 9PX,1.1
WA11 9PY,1.1
WA11 9PZ,1.2
WA11 9QA,1.2
WA11 9QB,1.2
WA11 9QD,1.2
WA11 9QE,1.2
WA11 9QF,1.1
WA11 9QH,1.1
WA11 9QJ,1.1
WA11 9QL,1.1
WA11 9QN,1.1
WA11 9QP,0.1
WA11 9QQ,1.1
WA11 9QR,1.1
WA11 9QS,1.1
WA11 9QT,1.1
WA11 9QU,1.1
WA11 9QW,1.1
WA11 9QX,1.1
WA11 9QY,1.2
WA11 9QZ,1.2
WA11 9RA,1.2
WA11 9RB,1.2
WA11 9RD,1.2
WA11 9RE,1.2
WA11 8HD,3.2
WA11 8HE,3.2
WA11 8HF,3.2
WA11 8HG,3.2
WA11 8HH,3.3
WA11 8HJ,3.2
WA11 8HN,3.2
WA11 8HP,3.2
WA11 8HQ,3.2
WA11 8HR,3.2
WA11 8HS,3.2
WA11 8HT,3.2
WA11 8HU,3.2
WA11 8HY,3.2
WA11 8HZ,3.2
WA11 8JA,3.2
WA11 8JB,3.2
WA11 8JD,3.2
WA11 8JE,3.2
WA11 8JF,3.2
WA11 8JG,3.2
WA11 8JH,2.1
WA11 8JJ,2.1
WA11 8JL,2.1
WA11 8JN,3.3
WA11 8JP,2.1
WA11 8JQ,2.1
WA11 8JR,2.1
WA11 8JS,2.1
WA11 8JT,2.1
WA11 8JU,3.3
WA11 8JW,3.3
WA11 8JX,2.1
WA11 8JY,3.3
WA11 8JZ,3.3
WA11 8LA,3.2
WA11 8LE,3.3
WA11 8LL,3.3
WA11 8LN,3.3
WA11 8LP,3.3
WA11 8LS,3.3
WA11 8LU,3.3
WA11 8LW,3.3
WA11 8LY,3.3
WA11 8LZ,3.3
WA11 8ND,3.3
WA11 8NE,3.3
WA11 8NF,3.3
WA11 8NG,3.3
WA11 8NH,3.3
WA11 8NJ,3.3
WA11 8NL,3.3
WA11 8NN,3.3
WA11 8NP,3.3
WA11 8NQ,3.3
WA11 8NR,3.3
WA11 8NS,3.3
WA11 8NT,3.3
WA11 8NU,3.3
WA11 8NW,3.3
WA11 8NX,3.3
WA11 8NY,2.1
WA11 8NZ,3.2
WA11 8PA,2.1
WA11 8PB,2.1
WA11 8PD,2.1
WA11 8PE,3.3
WA11 8PF,2.1
WA11 8PG,2.1
WA11 8PH,2.1
WA11 8PJ,2.1
WA11 8PL,2.1
WA11 8PN,2.1
WA11 8PQ,2.1
WA11 8PT,3.3
WA11 8PU,3.2
WA11 8PW,3.3
WA11 8PX,3.2
WA11 8PY,3.2
WA11 8QB,3.2
WA11 8QF,3.2
WA11 8QG,3.2
WA11 8QH,3.2
WA11 8QJ,3.2
WA11 8QL,3.2
WA11 8QN,3.2
WA11 8QQ,3.2
WA11 8QR,3.3
WA11 8QS,3.3
WA11 8QT,3.3
WA11 8QU,3.3
WA11 8QW,3.2
WA11 8QX,3.3
WA11 8QY,3.3
WA11 8QZ,3.3
WA11 8RA,3.3
WA11 8RB,3.3
WA11 7DL,3.2
WA11 7DN,3.2
WA11 7DP,1.2
WA11 7DQ,1.2
WA11 7DR,3.2
WA11 7DS,3.2
WA11 7DT,3.2
WA11 7DU,1.2
WA11 7DW,1.2
WA11 7DY,3.2
WA11 7DZ,3.2
WA11 7EA,1.2
WA11 7EB,1.2
WA11 7ED,1.2
WA11 7EE,1.2
WA11 7EF,1.2
WA11 7EG,1.2
WA11 7EH,1.2
WA11 7EJ,1.2
WA11 7EL,1.2
WA11 7EN,1.2
WA11 7EP,1.2
WA11 7EQ,1.2
WA11 7ER,1.2
WA11 7ES,1.2
WA11 7ET,1.2
WA11 7EU,1.2
WA11 7EW,1.2
WA11 7EX,1.2
WA11 7EY,1.2
WA11 7EZ,1.2
WA11 7GA,1.1
WA11 7HA,1.2
WA11 7HB,1.2
WA11 7HD,1.2
WA11 7HE,1.2
WA11 7HF,1.2
WA11 7HG,1.2
WA11 7HH,1.2
WA11 7HJ,1.2
WA11 7HL,1.2
WA11 7HQ,1.2
WA11 7HT,3.3
WA11 7HU,3.3
WA11 7HX,3.3
WA11 7HY,3.3
WA11 7HZ,3.3
WA11 7JA,3.2
WA11 7JD,3.2
WA11 7JE,3.2
WA11 7JF,3.2
WA11 7JG,3.2
WA11 7JH,3.2
WA11 7JJ,3.2
WA11 7JL,3.2
WA11 7JN,3.2
WA11 7JP,3.2
WA11 7JQ,3.2
WA11 7JR,3.2
WA11 7JT,2.1
WA11 7JU,2.1
WA11 7JW,3.2
WA11 7JX,2.1
WA11 7JY,2.1
WA11 7JZ,2.1
WA11 7LA,3.2
WA11 7LB,3.2
WA11 7LD,2.1
WA11 7LE,2.1
WA11 7LF,2.1
WA11 7LG,2.1
WA11 7LH,2.1
WA11 8RD,3.3
WA11 8RE,3.3
WA11 8RF,3.3
WA11 8RG,3.3
WA11 8RH,3.3
WA11 8RJ,3.3
WA11 8RL,3.3
WA11 8RN,3.3
WA11 8RP,3.3
WA11 8RR,3.3
WA11 8RS,3.3
WA11 8RT,3.3
WA11 8RU,3.3
WA11 8RW,3.3
WA11 8SA,3.2
WA11 8SB,3.2
WA11 8SD,3.2
WA11 8SH,3.2
WA11 8SJ,3.2
WA11 8SN,3.2
WA11 8SQ,3.2
WA11 8SW,3.2
WA11 9AB,1.2
WA11 9AD,1.2
WA11 7LJ,2.1
WA11 7LL,2.1
WA11 7LN,3.2
WA11 7LP,3.2
WA11 7LQ,2.1
WA11 7LW,3.2
WA11 7LX,1.2
WA11 7LZ,3.2
WA11 7NA,3.2
WA11 7NB,1.2
WA11 7NE,1.2
WA11 7NF,1.2
WA11 7NG,1.2
WA11 7NL,1.2
WA11 7NN,1.2
WA11 7NP,1.2
WA11 7NR,1.2
WA11 7NS,1.2
WA11 7NT,1.2
WA11 7NU,1.2
WA11 7NW,1.2
WA11 7NX,1.2
WA11 7NY,1.2
WA11 7NZ,1.2
WA11 7PB,1.2
WA11 7PD,1.2
WA11 7PE,1.2
WA11 7PF,1.2
WA11 7PG,1.2
WA11 7PL,3.3
WA11 7PN,3.2
WA11 7PP,1.2
WA11 7PQ,1.2
WA11 7PR,3.2
WA11 7PS,1.2
WA11 7PT,1.2
WA11 7PU,3.3
WA11 7PW,3.2
WA11 7PX,3.2
WA11 7PY,3.3
WA11 7PZ,3.3
WA11 7QA,3.3
WA11 7QB,3.3
WA11 7QD,3.3
WA11 7QE,3.3
WA11 7QF,3.3
WA11 7QH,3.3
WA11 7QJ,3.3
WA11 7QL,3.3
WA11 7QN,3.3
WA11 7QP,3.3
WA11 7QQ,3.3
WA11 7QR,3.3
WA11 7QS,3.3
WA11 7QT,3.3
WA11 7QW,3.3
WA11 7QX,3.3
WA11 7RB,1.2
WA11 7RD,3.1
WA11 7RE,1.2
WA11 7RF,1.2
WA11 7RG,1.2
WA11 7RH,1.2
WA11 7RJ,3.3
WA11 7RL,3.3
WA11 7RN,3.3
WA11 7RP,3.3
WA11 7RQ,1.2
WA11 7RS,3.3
WA11 7RT,3.3
WA11 7RU,3.3
WA11 7RW,3.2
WA11 7RX,3.3
WA11 7RY,3.3
WA11 7RZ,3.3
WA11 7SA,3.3
WA11 7SB,3.3
WA11 7SD,3.3
WA11 7SE,3.3
WA11 7SF,3.3
WA11 7SG,3.3
WA11 7SH,3.3
WA11 7SJ,3.3
WA11 7SL,3.3
WA11 7SP,3.2
WA11 7SQ,3.3
WA11 7SR,3.2
WA11 7SS,3.2
WA11 7ST,3.2
WA11 7SX,3.2
WA11 7SY,3.2
WA11 7SZ,3.2
WA11 7TA,3.2
WA11 7TB,3.2
WA11 7TD,3.2
WA11 7TE,3.2
WA11 7TF,2.1
WA11 7TL,2.1
WA11 0NY,1.1
WA11 0NZ,1.1
WA11 0PA,1.1
WA11 0PB,1.2
WA11 0PD,1.1
WA11 0PE,1.1
WA11 0PF,1.1
WA11 0PG,1.1
WA11 0PH,1.1
WA11 0PJ,1.1
WA11 0PL,1.1
WA11 0PN,1.1
WA11 0PP,1.1
WA11 0PQ,1.1
WA11 0PR,1.1
WA11 0PS,1.1
WA11 0PT,1.1
WA11 0PU,1.1
WA11 0PW,1.1
WA11 0PX,1.1
WA11 0PY,1.1
WA11 0PZ,1.1
WA11 0QA,1.1
WA11 0QB,1.1
WA11 0QD,1.1
WA11 0QE,1.1
WA11 0QF,1.1
WA11 0QG,1.1
WA11 0QH,1.1
WA11 0QJ,1.1
WA11 0QL,1.1
WA11 0QN,1.2
WA11 0QQ,1.1
WA11 0QR,1.1
WA11 0QS,1.1
WA11 0QT,1.2
WA11 0QU,1.2
WA11 0QW,1.1
WA11 0QX,1.2
WA11 0QY,1.2
WA11 0QZ,1.2
WA11 0RA,1.2
WA11 0RB,1.2
WA11 0RD,1.2
WA11 0RE,1.2
WA11 0RF,1.2
WA11 0RG,1.2
WA11 0RH,1.2
WA11 0RJ,1.2
WA11 0RL,1.1
WA11 0RN,1.1
WA11 0RP,1.1
WA11 0RQ,1.2
WA11 0RR,1.2
WA11 0RS,1.2
WA11 0RT,1.2
WA11 0RU,1.2
WA11 0RW,1.2
WA11 0RX,1.2
WA11 0RY,1.1
WA11 0RZ,1.2
WA11 0SA,1.2
WA11 0SD,0.1
WA11 0SE,0.1
WA11 0SF,1.1
WA11 0SG,1.1
WA11 0SH,1.1
WA11 0SJ,1.1
WA11 0SL,1.1
WA11 0SN,0.1
WA11 0SP,1.1
WA11 0SQ,1.1
WA11 0SR,1.1
WA11 0SS,0.1
WA11 0ST,1.1
WA11 0SU,1.1
WA11 0SW,1.1
WA11 0SX,1.1
WA11 0SY,1.1
WA11 0SZ,1.1
WA11 8AB,3.2
WA11 8AD,3.2
WA11 8AE,3.2
WA11 8AF,3.2
WA11 8AG,3.2
WA11 8AH,3.2
WA11 8AJ,3.2
WA11 8AL,3.3
WA11 8AN,3.3
WA11 8AP,3.3
WA11 8AR,3.3
WA11 8AS,3.2
WA11 8AT,3.3
WA11 8AU,3.3
WA11 8AW,3.3
WA11 8AX,3.3
WA11 8AY,3.3
WA11 0TA,1.1
WA11 0TB,1.1
WA11 0TD,1.1
WA11 0TF,1.1
WA11 0TH,1.1
WA11 0TL,1.1
WA11 0TN,1.1
WA11 0TP,1.1
WA11 0TQ,1.1
WA11 0TR,1.1
WA11 0TS,1.1
WA11 0TT,1.1
WA11 0TU,1.1
WA11 0TW,1.1
WA11 0TX,1.2
WA11 0TY,1.2
WA11 0TZ,1.2
WA11 0UA,1.2
WA11 0UB,1.2
WA11 0UD,1.2
WA11 0UE,1.2
WA11 0UF,1.2
WA11 0UG,1.2
WA11 0UH,1.2
WA11 0UJ,1.2
WA11 0UL,3.2
WA11 0UN,3.2
WA11 0UQ,1.2
WA11 0UR,3.2
WA11 0US,1.1
WA11 0UW,3.2
WA11 0UX,1.1
WA11 0UY,3.2
WA11 0UZ,3.2
WA11 0WA,1.1
WA11 0WB,0.1
WA11 0WD,0.1
WA11 0WE,0.1
WA11 0WF,1.2
WA11 0WG,1.1
WA11 0WH,1.1
WA11 0XA,3.2
WA11 0XB,3.2
WA11 0XD,3.2
WA11 0XF,0.1
WA11 0XH,0.1
WA11 0XL,1.1
WA11 0XN,0.1
WA11 0XP,3.2
WA11 0XQ,1.1
WA11 0XR,3.2
WA11 0XS,1.1
WA11 0XT,1.1
WA11 0XU,1.1
WA11 0XX,1.1
WA11 0XY,1.1
WA11 0YE,0.1
WA11 0YF,0.1
WA11 0YH,1.1
WA11 0YJ,1.2
WA11 0YL,1.1
WA11 0YN,1.2
WA11 0YP,1.2
WA11 0YQ,1.2
WA11 0YR,1.2
WA11 0YS,1.2
WA11 0YT,3.2
WA11 0YU,3.2
WA11 0YW,1.2
WA11 0YX,3.2
WA11 0YY,1.2
WA11 0YZ,3.2
WA11 7AB,1.2
WA11 7AD,1.2
WA11 7AE,3.2
WA11 7AF,1.2
WA11 7AG,1.2
WA11 7AH,1.2
WA11 7AJ,1.2
WA11 7AP,1.2
WA11 7AQ,1.2
WA11 7AR,1.2
WA11 7AS,1.2
WA11 7AT,1.2
WA11 7AU,1.2
WA11 7AW,1.2
WA11 7AX,1.2
WA11 7AY,1.2
WA11 7AZ,1.2
WA11 7BA,1.2
WA11 7BB,1.2
WA11 7BD,1.2
WA11 7BE,1.2
WA11 7BG,1.2
WA11 7BJ,3.2
WA11 7BL,3.2
WA11 7BP,3.2
WA11 7BQ,1.2
WA11 7BS,3.2
WA11 7BT,3.2
WA10 9SA,1.2
WA10 9SB,1.2
WA10 9SD,1.2
WA10 9SE,1.2
WA10 9SF,1.2
WA10 9SG,1.2
WA10 9SH,1.2
WA10 9SJ,1.2
WA10 9SL,1.2
WA10 9SN,1.2
WA10 9SP,1.2
WA10 9SQ,1.2
WA10 9SR,1.2
WA10 9SS,1.2
WA10 9ST,1.2
WA10 9SU,1.2
WA10 9SW,1.2
WA10 9SX,1.2
WA10 9SY,1.2
WA10 9SZ,1.2
WA11 0AB,1.2
WA11 0AD,1.2
WA11 0AE,1.2
WA11 0AG,1.2
WA11 0AH,1.2
WA11 0AJ,1.2
WA11 0AL,1.2
WA11 0AN,1.2
WA11 0AP,1.2
WA11 0AQ,1.2
WA11 0AR,1.2
WA11 0AS,1.2
WA11 0AT,1.2
WA11 0AU,1.2
WA11 0AW,1.2
WA11 0AX,1.2
WA11 0AY,1.2
WA11 0AZ,1.2
WA11 0BB,1.2
WA11 0BD,1.2
WA11 0BE,1.2
WA11 0BF,1.2
WA11 0BG,1.2
WA11 0BH,1.2
WA11 0BJ,1.2
WA11 0BL,1.2
WA11 0BN,1.2
WA11 0BP,1.2
WA11 0BQ,1.2
WA11 0BS,3.2
WA11 0BT,3.2
WA11 0BU,3.2
WA11 0BW,1.2
WA11 0BY,1.2
WA11 0BZ,1.2
WA11 0DA,1.2
WA11 0DB,1.2
WA11 0DD,1.2
WA11 0DE,1.2
WA11 0DF,1.2
WA11 0DG,1.2
WA11 0DH,1.2
WA11 0DJ,1.2
WA11 0DL,1.2
WA11 0DN,1.2
WA11 0DP,3.2
WA11 0DQ,1.2
WA11 0DR,3.2
WA11 0DS,3.2
WA11 0DT,3.2
WA11 0DU,3.2
WA11 0DW,3.2
WA11 0DX,3.2
WA11 0DY,3.2
WA11 0DZ,3.2
WA11 0EA,3.2
WA11 0EB,3.2
WA11 0ED,3.2
WA11 0EE,1.2
WA11 0EF,1.2
WA11 0EG,1.2
WA11 0EH,0.1
WA11 0EJ,0.1
WA11 0EL,0.1
WA11 0EN,0.1
WA11 7BU,3.2
WA11 7BW,3.2
WA11 7BX,3.2
WA11 7BY,3.2
WA11 7BZ,3.2
WA11 7DA,3.2
WA11 7DB,3.2
WA11 7DD,3.2
WA11 7DE,3.2
WA11 7DF,3.2
WA11 7DG,1.2
WA11 7DH,1.2
WA11 7DJ,3.2
WA11 0EP,1.2
WA11 0EQ,1.2
WA11 0ER,0.1
WA11 0ES,0.1
WA11 0ET,1.2
WA11 0EU,1.2
WA11 0EW,0.1
WA11 0EX,1.2
WA11 0EY,1.2
WA11 0EZ,3.2
WA11 0FA,0.1
WA11 0FB,0.1
WA11 0FE,0.1
WA11 0FF,0.1
WA11 0FG,0.1
WA11 0FH,0.1
WA11 0FJ,0.1
WA11 0FL,0.1
WA11 0FN,0.1
WA11 0FP,0.1
WA11 0FQ,0.1
WA11 0GA,1.1
WA11 0GB,1.1
WA11 0GD,1.1
WA11 0GN,1.1
WA11 0GP,1.1
WA11 0GQ,1.1
WA11 0GR,1.1
WA11 0GT,1.1
WA11 0GU,1.1
WA11 0GW,1.1
WA11 0GX,0.1
WA11 0GZ,1.1
WA11 0HA,1.2
WA11 0HB,1.2
WA11 0HD,1.2
WA11 0HE,1.2
WA11 0HF,1.2
WA11 0HG,1.2
WA11 0HH,0.1
WA11 0HJ,0.1
WA11 0HL,0.1
WA11 0HN,0.1
WA11 0HP,0.1
WA11 0HQ,1.2
WA11 0HR,0.1
WA11 0HS,1.2
WA11 0HT,0.1
WA11 0HU,0.1
WA11 0HW,0.1
WA11 0HX,0.1
WA11 0HY,0.1
WA11 0HZ,0.1
WA11 0JA,3.2
WA11 0JB,0.1
WA11 0JD,0.1
WA11 0JE,0.1
WA11 0JF,0.1
WA11 0JG,0.1
WA11 0JH,0.1
WA11 0JJ,1.1
WA11 0JL,1.1
WA11 0JN,1.1
WA11 0JP,3.2
WA11 0JQ,0.1
WA11 0JR,3.2
WA11 0JS,1.2
WA11 0JT,3.2
WA11 0JW,0.1
WA11 0JX,1.1
WA11 0JY,1.1
WA11 0JZ,1.1
WA11 0LA,1.1
WA11 0LD,1.1
WA11 0LE,1.1
WA11 0LF,1.1
WA11 0LG,1.1
WA11 0LH,1.1
WA11 0LJ,1.1
WA11 0LL,1.1
WA11 0LN,1.1
WA11 0LP,1.2
WA11 0LQ,1.1
WA11 0LR,1.2
WA11 0LS,1.2
WA11 0LT,1.1
WA11 0LW,1.2
WA11 0LY,1.1
WA11 0NA,1.1
WA11 0NB,1.1
WA11 0ND,1.1
WA11 0NE,1.1
WA11 0NF,1.1
WA11 0NG,1.1
WA11 0NH,1.1
WA11 0NJ,1.1
WA11 0NL,1.1
WA11 0NN,1.1
WA11 0NP,1.1
WA11 0NQ,1.1
WA10 6HS,3.3
WA10 6HT,3.3
WA10 6HU,3.3
WA10 6HW,3.3
WA10 6HX,3.3
WA10 6HY,3.3
WA10 6HZ,3.3
WA10 6JA,3.3
WA10 6JB,3.3
WA10 6JD,3.3
WA10 6JG,3.1
WA10 6JJ,3.1
WA10 6JL,3.1
WA10 6JN,3.1
WA10 6JP,3.1
WA10 6JR,3.1
WA10 6JT,3.1
WA10 6JU,3.1
WA10 6JW,3.1
WA10 6JX,1.2
WA10 6LA,1.2
WA10 6LD,3.1
WA10 6LE,3.1
WA10 6LF,3.1
WA10 6LG,3.1
WA10 6LH,1.2
WA10 6LN,1.2
WA10 6LP,1.2
WA10 6LQ,1.2
WA10 6LR,1.2
WA10 6LS,3.1
WA10 6LT,3.1
WA10 6LU,3.1
WA10 6LW,3.1
WA10 6LX,3.1
WA10 6LY,3.1
WA10 6LZ,3.1
WA10 6NA,3.1
WA10 6NB,1.2
WA10 6NE,1.2
WA10 6NF,1.2
WA10 6NG,1.2
WA10 6NH,1.2
WA10 6NJ,1.2
WA10 6NQ,1.2
WA10 6NS,1.2
WA10 6NT,1.2
WA10 6NU,1.2
WA10 6NX,1.2
WA10 6NY,1.2
WA10 6PA,3.2
WA10 6PB,3.2
WA10 6PE,3.2
WA10 6PG,1.2
WA10 6PH,1.2
WA10 6PJ,1.2
WA10 6PL,1.2
WA10 6PN,1.2
WA10 6PP,1.2
WA10 6PR,1.2
WA10 6PS,1.2
WA10 6PT,1.2
WA10 6PU,1.2
WA10 6PW,1.2
WA10 6PX,1.2
WA10 6PY,1.2
WA10 6PZ,1.2
WA10 6QA,1.2
WA10 6QE,1.2
WA10 6QF,1.2
WA10 6QG,1.2
WA10 6QH,1.2
WA10 6QQ,1.2
WA10 6QT,3.3
WA10 6QU,3.3
WA10 6QX,3.3
WA10 6QY,3.3
WA10 6RA,3.1
WA10 6RB,3.1
WA10 6RD,3.1
WA10 6RE,3.1
WA10 6RF,1.1
WA10 6RG,1.1
WA10 6RH,3.1
WA10 6RJ,3.1
WA10 6RL,3.1
WA10 6RN,3.1
WA10 6RP,3.1
WA10 6RQ,3.1
WA10 6RU,3.1
WA10 6RW,3.1
WA10 6RX,3.1
WA11 0NR,1.1
WA11 0NS,1.1
WA11 0NT,1.1
WA11 0NU,1.1
WA11 0NW,1.1
WA11 0NX,1.1
WA10 5ET,3.2
WA10 6RY,3.1
WA10 6RZ,3.1
WA10 6SA,3.1
WA10 6SD,3.3
WA10 6SE,3.1
WA10 6SF,3.1
WA10 6SG,3.1
WA10 6SH,3.1
WA10 6SJ,3.1
WA10 6SL,3.1
WA10 6SQ,3.1
WA10 6SS,1.2
WA10 6ST,1.2
WA10 6SU,3.1
WA10 6SX,3.1
WA10 6SZ,3.1
WA10 6TA,3.1
WA10 6TB,3.1
WA10 6TD,3.1
WA10 6TF,3.1
WA10 6TG,3.1
WA10 6TH,3.1
WA10 6TJ,3.1
WA10 6TL,3.1
WA10 6TN,3.1
WA10 6TP,3.1
WA10 6TQ,3.1
WA10 6TR,3.1
WA10 6TS,3.1
WA10 6TU,1.2
WA10 6TX,1.2
WA10 6TY,1.2
WA10 6TZ,1.2
WA10 6UA,1.2
WA10 6UB,3.1
WA10 6UE,1.2
WA10 6UF,1.2
WA10 6UG,1.2
WA10 6UH,1.2
WA10 6UJ,1.2
WA10 6UP,1.2
WA10 6UQ,1.2
WA10 6UR,1.2
WA10 6UT,1.2
WA10 6UU,1.2
WA10 6UW,1.2
WA10 6UX,1.2
WA10 6UY,1.2
WA10 6UZ,1.2
WA10 9BL,1.1
WA10 9DL,1.1
WA10 9ER,1.1
WA10 9FD,1.1
WA10 9FJ,1.1
WA10 5EU,3.2
WA10 5EW,3.3
WA10 5EX,3.2
WA10 5EY,3.2
WA10 5EZ,3.2
WA10 5GA,3.3
WA10 5GB,3.3
WA10 5HA,3.3
WA10 5HB,3.3
WA10 5HD,3.3
WA10 5HE,3.3
WA10 5HF,3.3
WA10 5HG,3.3
WA10 5HH,3.3
WA10 5HJ,3.3
WA10 5HL,3.3
WA10 5HN,3.3
WA10 5HP,3.3
WA10 5HQ,3.3
WA10 5HR,3.3
WA10 5HU,3.3
WA10 5HW,3.3
WA10 5HX,3.3
WA10 5HY,3.3
WA10 5HZ,3.3
WA10 5JA,3.3
WA10 5JB,3.3
WA10 5JD,3.3
WA10 5JE,3.3
WA10 5JN,3.2
WA10 5JP,3.2
WA10 5JR,3.2
WA10 5JS,3.2
WA10 5JT,3.2
WA10 5JU,3.2
WA10 5JW,3.2
WA10 5JX,3.2
WA10 5JY,3.2
WA10 5JZ,3.2
WA10 5LA,3.2
WA10 5LB,3.2
WA10 5LD,3.2
WA10 5LH,3.2
WA10 5LJ,3.2
WA10 5LL,3.2
WA10 5LN,3.2
WA10 5LP,3.2
WA10 5LR,3.2
WA10 5LS,3.2
WA10 5LT,3.2
WA10 5LU,3.2
WA10 5LW,3.2
WA10 5NB,3.2
WA10 5ND,3.2
WA10 5NE,3.2
WA10 5NF,3.2
WA10 5NG,1.2
WA10 5NH,1.2
WA10 5NJ,1.2
WA10 5NL,1.2
WA10 5NN,3.3
WA10 5NP,3.2
WA10 5NQ,1.2
WA10 5NR,3.2
WA10 5NS,3.2
WA10 5NT,1.2
WA10 5NU,1.2
WA10 5NW,3.3
WA10 5NX,1.2
WA10 5NY,3.2
WA10 5NZ,3.3
WA10 5PA,3.2
WA10 5PB,3.2
WA10 5PD,3.2
WA10 5PE,3.2
WA10 5PF,3.2
WA10 5PG,3.2
WA10 5PH,3.2
WA10 5PJ,3.2
WA10 5PP,3.3
WA10 5PQ,3.2
WA10 5PS,3.3
WA10 5PT,3.3
WA10 5PU,3.3
WA10 5PW,3.3
WA10 5PX,3.3
WA10 5PY,3.3
WA10 5PZ,3.3
WA10 5QA,3.3
WA10 5QB,3.3
WA10 5QD,3.3
WA10 5QE,3.3
WA10 5QF,3.3
WA10 5QG,3.3
WA10 5QH,3.3
WA10 5QJ,3.3
WA10 5QL,1.2
WA10 5QN,3.3
WA10 5QP,1.2
WA10 5QQ,3.3
WA10 4GX,3.1
WA10 4GY,3.1
WA10 4HA,1.1
WA10 4HB,1.1
WA10 4HD,1.1
WA10 4HE,1.1
WA10 4HF,1.1
WA10 4HG,1.1
WA10 5QR,3.3
WA10 5QS,1.2
WA10 5QW,3.3
WA10 5RA,3.3
WA10 5RB,3.3
WA10 5RD,3.3
WA10 5RE,3.3
WA10 5RF,3.3
WA10 5WY,1.1
WA10 6AB,3.3
WA10 6AD,3.3
WA10 6AE,3.3
WA10 6AF,3.3
WA10 6AG,3.3
WA10 6AH,3.3
WA10 6AJ,3.1
WA10 6AL,3.1
WA10 6AN,3.1
WA10 6AQ,3.3
WA10 6AS,3.3
WA10 6AT,3.1
WA10 6AU,3.1
WA10 6AW,3.1
WA10 6AX,3.1
WA10 6AY,3.1
WA10 6AZ,3.1
WA10 6BA,3.1
WA10 6BB,3.3
WA10 6BD,3.3
WA10 6BE,3.3
WA10 6BG,3.3
WA10 6BH,3.3
WA10 6BJ,3.3
WA10 6BN,3.3
WA10 6BP,3.3
WA10 6BQ,3.3
WA10 6BS,3.3
WA10 6BT,3.3
WA10 6BU,3.3
WA10 6BW,3.3
WA10 6BX,3.3
WA10 6BY,3.3
WA10 6BZ,3.3
WA10 6DA,3.3
WA10 6DB,3.3
WA10 6DD,3.3
WA10 6DE,3.3
WA10 6DF,3.1
WA10 6DG,3.3
WA10 6DJ,3.3
WA10 6DN,3.3
WA10 6DP,3.3
WA10 6DQ,3.3
WA10 6DR,3.3
WA10 6DS,3.3
WA10 6DT,3.3
WA10 6DU,3.3
WA10 6DW,3.3
WA10 6DX,3.3
WA10 6DY,3.3
WA10 6DZ,3.3
WA10 6EB,3.3
WA10 6ED,3.3
WA10 6EE,3.3
WA10 6EF,3.3
WA10 6EG,3.3
WA10 6EH,3.3
WA10 6EJ,3.3
WA10 6EL,3.3
WA10 6EN,3.3
WA10 6EQ,3.3
WA10 6EU,3.3
WA10 6EX,3.3
WA10 6EY,3.3
WA10 6EZ,3.3
WA10 6FG,1.1
WA10 6FP,3.1
WA10 6HA,3.3
WA10 6HB,3.3
WA10 6HD,3.3
WA10 6HE,3.3
WA10 6HF,3.3
WA10 6HG,3.3
WA10 6HH,3.3
WA10 6HJ,3.3
WA10 6HL,3.3
WA10 6HN,3.3
WA10 6HP,3.3
WA10 6HQ,3.3
WA10 6HR,3.3
WA10 4HH,1.1
WA10 4HJ,1.1
WA10 4HL,1.1
WA10 4HN,1.1
WA10 4HP,1.1
WA10 4HQ,1.1
WA10 4HR,1.1
WA10 4HS,1.1
WA10 4HT,1.1
WA10 4HU,1.1
WA10 4HW,1.1
WA10 4HX,1.1
WA10 4HY,1.1
WA10 4HZ,1.1
WA10 4JA,1.1
WA10 4JB,1.1
WA10 4JD,1.1
WA10 4JE,1.1
WA10 4JF,1.1
WA10 4JG,1.1
WA10 4JH,1.1
WA10 4JJ,3.1
WA10 4JL,1.1
WA10 4JN,1.1
WA10 4JP,1.1
WA10 4JQ,1.1
WA10 4JR,1.1
WA10 4JS,1.1
WA10 4JT,0.1
WA10 4JU,0.1
WA10 4JW,1.1
WA10 4JX,0.1
WA10 4JY,3.1
WA10 4JZ,3.1
WA10 4LA,0.1
WA10 4LB,1.1
WA10 4LD,1.1
WA10 4LE,1.1
WA10 4LF,1.1
WA10 4LG,1.1
WA10 4LH,0.1
WA10 4LJ,0.1
WA10 4LL,1.1
WA10 4LN,1.1
WA10 4LP,1.1
WA10 4LQ,1.1
WA10 4LR,1.1
WA10 4LS,3.2
WA10 4LU,1.1
WA10 4LW,1.1
WA10 4LX,1.1
WA10 4LY,1.1
WA10 4LZ,1.1
WA10 4NA,1.1
WA10 4NB,3.1
WA10 4ND,1.1
WA10 4NE,1.1
WA10 4NF,1.1
WA10 4NH,1.1
WA10 4NJ,1.1
WA10 4NL,1.1
WA10 4NN,0.1
WA10 4NP,0.1
WA10 4NQ,3.1
WA10 4NR,1.1
WA10 4NS,1.1
WA10 4NT,1.1
WA10 4NU,1.1
WA10 4NW,0.1
WA10 4NY,0.1
WA10 4NZ,0.1
WA10 4PA,0.1
WA10 4PB,1.1
WA10 4PE,1.1
WA10 4PG,0.1
WA10 4PH,1.1
WA10 4PJ,1.1
WA10 4PL,0.1
WA10 4PT,1.1
WA10 4PU,1.1
WA10 4PW,1.1
WA10 4PX,0.1
WA10 4PY,1.1
WA10 4PZ,0.1
WA10 4QA,1.2
WA10 4QD,3.3
WA10 4QE,3.3
WA10 4QF,3.3
WA10 4QG,3.2
WA10 4QH,3.2
WA10 4QJ,3.2
WA10 4QL,1.2
WA10 4QN,1.2
WA10 4QP,3.2
WA10 4QQ,3.2
WA10 4QR,3.2
WA10 4QS,3.2
WA10 4QT,3.2
WA10 4QU,3.2
WA10 4QX,3.2
WA10 3PA,3.3
WA10 3PB,1.2
WA10 3PD,1.2
WA10 3PE,3.3
WA10 3PF,1.2
WA10 3PG,3.3
WA10 3PH,3.3
WA10 3PJ,1.2
WA10 3PL,1.2
WA10 3PN,1.2
WA10 3PP,3.3
WA10 3PR,1.2
WA10 3PS,1.2
WA10 3PT,1.2
WA10 3PU,1.2
WA10 4QY,3.2
WA10 4QZ,3.2
WA10 4RA,3.2
WA10 4RB,3.2
WA10 4RD,3.2
WA10 4RE,3.2
WA10 4RH,1.2
WA10 4RJ,3.2
WA10 4RL,3.2
WA10 4RN,3.2
WA10 4RP,3.2
WA10 4RQ,3.2
WA10 4RR,3.2
WA10 4RW,3.2
WA10 5AB,3.3
WA10 5AD,3.2
WA10 5AE,3.2
WA10 5AF,1.2
WA10 5AG,1.2
WA10 5AH,1.2
WA10 5AJ,1.2
WA10 5AL,3.3
WA10 5AN,1.2
WA10 5AP,1.2
WA10 5AQ,1.2
WA10 5AR,1.2
WA10 5AS,1.2
WA10 5AU,1.2
WA10 5AW,1.2
WA10 5AX,1.2
WA10 5AY,1.2
WA10 5AZ,3.3
WA10 5BB,1.2
WA10 5BE,1.2
WA10 5BG,3.3
WA10 5BH,3.3
WA10 5BJ,3.3
WA10 5BL,3.3
WA10 5BN,3.3
WA10 5BP,1.2
WA10 5BQ,3.3
WA10 5BS,1.2
WA10 5BT,1.2
WA10 5BU,1.2
WA10 5BW,3.3
WA10 5BX,1.2
WA10 5BY,1.2
WA10 5BZ,1.2
WA10 5DA,3.3
WA10 5DB,3.3
WA10 5DD,3.3
WA10 5DE,3.3
WA10 5DF,3.2
WA10 5DG,3.2
WA10 5DH,3.2
WA10 5DJ,3.2
WA10 5DL,3.2
WA10 5DN,3.2
WA10 5DP,3.2
WA10 5DQ,3.2
WA10 5DR,3.2
WA10 5DS,3.2
WA10 5DT,3.2
WA10 5DU,3.2
WA10 5DW,3.2
WA10 5DX,3.2
WA10 5DY,3.2
WA10 5DZ,3.2
WA10 5EA,3.2
WA10 5EB,3.2
WA10 5ED,3.2
WA10 5EE,3.2
WA10 5EF,3.3
WA10 5EG,3.2
WA10 5EH,3.2
WA10 5EJ,3.3
WA10 5EL,3.3
WA10 5EN,3.3
WA10 5EP,3.3
WA10 5EQ,3.2
WA10 5ER,3.2
WA10 5ES,3.2
WA10 3PW,1.2
WA10 3PX,1.2
WA10 3PY,1.2
WA10 3PZ,1.2
WA10 3QA,1.2
WA10 3QB,1.2
WA10 3QD,1.2
WA10 3QE,1.2
WA10 3QF,1.2
WA10 3QG,1.2
WA10 3QH,1.2
WA10 3QJ,1.2
WA10 3QL,3.3
WA10 3QN,3.3
WA10 3QP,3.3
WA10 3QQ,1.2
WA10 3QR,0.2
WA10 3QS,1.1
WA10 3QU,1.1
WA10 3QW,3.3
WA10 3QX,1.1
WA10 3QY,1.1
WA10 3RA,1.1
WA10 3RE,1.1
WA10 3RF,1.1
WA10 3RG,1.1
WA10 3RH,1.1
WA10 3RJ,1.1
WA10 3RN,1.1
WA10 3RP,1.1
WA10 3RQ,1.1
WA10 3RR,1.1
WA10 3RS,1.1
WA10 3RT,1.1
WA10 3RU,1.1
WA10 3RW,1.1
WA10 3RX,3.3
WA10 3RZ,1.2
WA10 3SA,1.2
WA10 3SB,1.2
WA10 3SD,1.2
WA10 3SE,1.1
WA10 3SF,1.1
WA10 3SG,1.1
WA10 3SH,1.1
WA10 3SJ,1.1
WA10 3SL,1.1
WA10 3SN,1.1
WA10 3SP,1.2
WA10 3SQ,1.1
WA10 3SR,1.2
WA10 3SS,1.1
WA10 3ST,1.1
WA10 3SU,1.1
WA10 3SW,1.1
WA10 3SX,1.1
WA10 3SY,1.1
WA10 3SZ,1.1
WA10 3TA,1.1
WA10 3TB,1.1
WA10 3TD,1.1
WA10 3TE,1.1
WA10 3TF,1.1
WA10 3TG,1.1
WA10 3TH,1.1
WA10 3TL,1.1
WA10 3TP,0.1
WA10 3TQ,1.1
WA10 3TS,1.1
WA10 3TT,1.1
WA10 3TU,1.1
WA10 3TX,1.1
WA10 3TY,1.1
WA10 3UA,1.1
WA10 3UB,1.1
WA10 3UD,1.1
WA10 3UE,1.1
WA10 3UF,1.1
WA10 3UH,1.1
WA10 3UJ,1.1
WA10 3UL,1.1
WA10 3UR,1.1
WA10 3UU,1.1
WA10 3UX,1.1
WA10 3UZ,0.1
WA10 3WA,0.1
WA10 3XA,1.1
WA10 3XF,1.1
WA10 3XG,1.1
WA10 3XH,1.1
WA10 3XJ,1.1
WA10 3XL,1.1
WA10 3XN,1.1
WA10 3XP,1.1
WA10 3XQ,1.1
WA10 3XR,1.1
WA10 2PE,1.1
WA10 2PF,1.1
WA10 2PG,1.1
WA10 2PH,1.1
WA10 2PJ,1.1
WA10 2PL,1.1
WA10 2PN,1.1
WA10 2PS,1.1
WA10 2PT,1.1
WA10 2PW,1.1
WA10 2PX,1.1
WA10 2PY,1.1
WA10 2PZ,1.1
WA10 2QB,3.1
WA10 2QE,1.1
WA10 2QF,1.1
WA10 2QH,3.1
WA10 2QS,1.1
WA10 2QU,1.1
WA10 2RA,1.1
WA10 2RB,1.1
WA10 3XS,1.1
WA10 3XT,1.1
WA10 3XU,1.1
WA10 3XW,1.1
WA10 3XX,1.1
WA10 3XZ,1.1
WA10 4AB,0.1
WA10 4AF,0.1
WA10 4AG,0.1
WA10 4AH,0.1
WA10 4AJ,0.1
WA10 4AL,3.3
WA10 4AN,3.3
WA10 4AP,0.1
WA10 4AQ,0.1
WA10 4AR,0.1
WA10 4AS,0.1
WA10 4AT,0.1
WA10 4AU,0.1
WA10 4AW,0.1
WA10 4AX,0.1
WA10 4AY,0.1
WA10 4AZ,0.1
WA10 4BA,0.1
WA10 4BB,0.1
WA10 4BD,0.1
WA10 4BE,0.1
WA10 4BG,0.1
WA10 4BH,0.1
WA10 4BJ,0.1
WA10 4BL,0.1
WA10 4BN,0.1
WA10 4BP,0.1
WA10 4BQ,0.1
WA10 4BS,0.1
WA10 4BT,0.1
WA10 4BU,0.1
WA10 4BW,0.1
WA10 4BY,0.1
WA10 4DA,1.1
WA10 4DB,1.1
WA10 4DD,1.1
WA10 4DE,1.1
WA10 4DF,1.1
WA10 4DG,1.2
WA10 4DH,1.2
WA10 4DJ,1.2
WA10 4DL,1.2
WA10 4DN,3.2
WA10 4DP,3.2
WA10 4DQ,1.2
WA10 4DR,1.2
WA10 4DT,1.2
WA10 4DU,1.2
WA10 4DW,3.2
WA10 4DX,1.2
WA10 4DY,1.2
WA10 4DZ,1.2
WA10 4EA,1.2
WA10 4EB,1.2
WA10 4ED,1.2
WA10 4EE,1.2
WA10 4EF,1.2
WA10 4EG,1.2
WA10 4EH,1.2
WA10 4EJ,1.2
WA10 4EL,1.2
WA10 4EN,1.2
WA10 4EP,1.1
WA10 4EQ,1.2
WA10 4ER,1.1
WA10 4ES,1.1
WA10 4EU,1.1
WA10 4EW,1.2
WA10 4EX,1.2
WA10 4EY,1.2
WA10 4GW,1.1
WA10 2RD,1.1
WA10 2RE,1.1
WA10 2RL,1.1
WA10 2RS,1.1
WA10 2RX,1.1
WA10 2RY,1.1
WA10 2RZ,3.2
WA10 2SA,1.1
WA10 2SB,1.1
WA10 2SD,1.1
WA10 2SE,1.1
WA10 2SF,1.1
WA10 2SG,1.1
WA10 2SH,1.1
WA10 2SJ,1.1
WA10 2SL,1.1
WA10 2SN,1.1
WA10 2SP,1.1
WA10 2SQ,1.1
WA10 2SR,1.1
WA10 2SS,1.1
WA10 2ST,1.1
WA10 2SU,1.1
WA10 2SW,1.1
WA10 2SX,1.1
WA10 2SY,1.1
WA10 2SZ,1.1
WA10 2TD,1.1
WA10 2TF,1.1
WA10 2TH,1.1
WA10 2TJ,1.1
WA10 2TL,1.1
WA10 2TN,1.1
WA10 2TR,1.1
WA10 2TU,1.1
WA10 2TW,1.1
WA10 2TY,1.1
WA10 2TZ,1.1
WA10 2UA,1.1
WA10 2UB,1.2
WA10 2UE,1.2
WA10 3AB,0.1
WA10 3AD,0.1
WA10 3AG,0.1
WA10 3AH,1.1
WA10 3AJ,1.1
WA10 3AL,1.1
WA10 3AP,1.1
WA10 3AR,1.1
WA10 3AS,3.3
WA10 3AW,1.1
WA10 3AX,3.3
WA10 3AY,3.3
WA10 3BB,3.3
WA10 3BD,3.3
WA10 3BE,3.3
WA10 3BG,3.3
WA10 3BH,3.3
WA10 3BJ,3.3
WA10 3BL,3.3
WA10 3BN,3.3
WA10 3BP,3.3
WA10 3BS,3.3
WA10 3BT,3.3
WA10 3BU,3.3
WA10 3BW,3.3
WA10 3BX,3.3
WA10 3BY,3.3
WA10 3BZ,1.2
WA10 3DB,0.1
WA10 3DD,0.1
WA10 3DH,0.1
WA10 3DJ,0.2
WA10 3DL,1.1
WA10 3DN,0.2
WA10 3DP,0.2
WA10 3DR,0.2
WA10 3DS,0.2
WA10 3DT,0.2
WA10 3DU,0.2
WA10 3DW,0.2
WA10 3DX,0.1
WA10 3DY,0.2
WA10 3DZ,0.2
WA10 3EA,0.2
WA10 3EB,0.2
WA10 3ED,0.2
WA10 3EE,0.2
WA10 3EF,0.2
WA10 3EG,0.2
WA10 3EH,1.1
WA10 3EJ,1.1
WA10 3EL,1.1
WA10 3EN,1.1
WA10 3EP,1.1
WA10 3EQ,1.1
WA10 1LX,1.2
WA10 1LY,1.1
WA10 1LZ,1.1
WA10 1ND,1.2
WA10 1NE,1.1
WA10 1NG,1.1
WA10 1NJ,1.1
WA10 1NN,1.1
WA10 1NU,1.1
WA10 1NW,1.1
WA10 1PA,1.1
WA10 1PN,1.1
WA10 1PP,1.1
WA10 1PQ,1.1
WA10 1PX,1.1
WA10 1PY,1.1
WA10 1QA,1.1
WA10 1QF,1.1
WA10 1QJ,1.1
WA10 1QN,1.1
WA10 1QP,1.1
WA10 1QU,1.2
WA10 3ER,1.1
WA10 3ES,1.1
WA10 3ET,1.1
WA10 3EU,1.1
WA10 3EW,1.1
WA10 3EX,1.1
WA10 3EY,0.2
WA10 3HE,0.1
WA10 3HF,0.1
WA10 3HG,0.1
WA10 3HL,0.1
WA10 3HN,0.1
WA10 3HP,0.1
WA10 3HR,0.1
WA10 3HS,0.1
WA10 3HT,0.1
WA10 3HU,0.1
WA10 3HW,0.1
WA10 3HX,0.1
WA10 3HY,0.1
WA10 3HZ,0.1
WA10 3JA,0.1
WA10 3JB,0.1
WA10 3JD,0.1
WA10 3JE,0.1
WA10 3JF,0.1
WA10 3JG,1.1
WA10 3JH,0.2
WA10 3JJ,0.1
WA10 3JL,0.1
WA10 3JN,0.1
WA10 3JQ,1.1
WA10 3JR,0.1
WA10 3JS,0.1
WA10 3JT,1.1
WA10 3JU,3.3
WA10 3JW,0.1
WA10 3JX,3.3
WA10 3JY,1.1
WA10 3JZ,1.1
WA10 3LB,1.1
WA10 3LD,1.1
WA10 3LF,1.1
WA10 3LH,1.1
WA10 3LJ,1.1
WA10 3LL,1.1
WA10 3LR,0.1
WA10 3LS,0.1
WA10 3LT,1.1
WA10 3LX,0.1
WA10 3LZ,0.1
WA10 3NA,0.2
WA10 3NB,0.2
WA10 3ND,0.2
WA10 3NE,0.2
WA10 3NF,0.2
WA10 3NG,0.2
WA10 3NH,0.2
WA10 3NJ,0.2
WA10 3NL,0.2
WA10 3NP,0.2
WA10 3NQ,0.2
WA10 3NS,1.1
WA10 3NT,1.1
WA10 3NU,1.2
WA10 3NW,0.2
WA10 3NX,1.2
WA10 3NY,1.2
WA10 3NZ,1.2
WA10 1QX,1.2
WA10 1QZ,1.2
WA10 1RD,1.2
WA10 1RE,1.2
WA10 1RP,1.2
WA10 1RQ,1.2
WA10 1RR,1.2
WA10 1RS,1.2
WA10 1RW,1.2
WA10 1RX,1.2
WA10 1RY,1.2
WA10 1RZ,1.2
WA10 1SA,1.2
WA10 1SB,1.2
WA10 1SH,1.2
WA10 1SN,1.2
WA10 1SX,1.2
WA10 1SZ,1.1
WA10 1TD,1.2
WA10 1TF,1.1
WA10 1TG,1.1
WA10 1TP,1.1
WA10 1TQ,1.1
WA10 1TU,1.1
WA10 1TY,1.1
WA10 1TZ,1.1
WA10 1UA,1.1
WA10 1UF,1.1
WA10 1UH,1.1
WA10 1UJ,1.1
WA10 1UQ,1.1
WA10 2AB,1.1
WA10 2AD,1.1
WA10 2AF,1.2
WA10 2AG,1.2
WA10 2AH,3.1
WA10 2AJ,1.2
WA10 2AL,1.2
WA10 2AN,1.2
WA10 2AP,1.2
WA10 2AQ,1.2
WA10 2AR,1.2
WA10 2AS,1.2
WA10 2AT,1.2
WA10 2AU,1.1
WA10 2AW,1.1
WA10 2AX,1.2
WA10 2AY,1.1
WA10 2AZ,1.1
WA10 2BB,1.1
WA10 2BD,1.1
WA10 2BE,1.1
WA10 2BG,1.1
WA10 2BH,1.1
WA10 2BJ,1.1
WA10 2BL,1.1
WA10 2BN,1.1
WA10 2BP,1.1
WA10 2BQ,1.1
WA10 2BS,1.1
WA10 2BT,1.1
WA10 2BU,1.1
WA10 2BW,1.1
WA10 2BX,1.1
WA10 2BY,1.1
WA10 2BZ,1.1
WA10 2DA,1.1
WA10 2DB,1.1
WA10 2DE,1.1
WA10 2DF,1.1
WA10 2DH,1.2
WA10 2DJ,1.1
WA10 2DL,1.1
WA10 2DP,1.1
WA10 2DQ,1.1
WA10 2DS,1.1
WA10 2DT,1.1
WA10 2DU,1.1
WA10 2DW,1.1
WA10 2DX,1.1
WA10 2DY,1.1
WA10 2DZ,1.1
WA10 2EA,1.1
WA10 2EB,1.1
WA10 2EE,1.1
WA10 2EF,1.1
WA10 2EG,1.1
WA10 2EL,1.1
WA10 2EQ,1.1
WA10 2ER,1.1
WA10 2ES,1.1
WA10 2ET,1.1
WA10 2EU,1.1
WA10 2EW,1.1
WA10 2EX,1.1
WA10 2EZ,1.1
WA10 2GA,1.2
WA10 2HA,1.1
WA10 2HB,1.1
WA10 2HD,1.1
WA10 2HE,1.1
WA10 2HF,1.1
WA10 2HG,1.1
WA10 2HH,1.1
WA10 2HJ,1.1
WA10 2HL,1.1
WA10 2HP,1.1
WA10 2HQ,1.1
WA10 2HR,1.1
WA10 2HS,1.1
WA10 2HT,1.1
WA10 2HU,1.1
WA10 2JB,1.1
WA10 2JE,1.1
WA10 2JF,1.1
WA10 2JG,1.1
WA10 2JH,1.1
WA10 2JJ,1.1
WA10 2JL,1.1
WA10 2JN,1.1
WA10 2JP,1.1
WA10 2JT,1.1
WA10 2JU,1.1
WA10 2JW,1.1
WA10 2JX,1.1
WA10 2JZ,1.1
WA10 2LA,1.1
WA10 2LB,1.1
WA10 2LL,1.1
WA10 2LN,1.1
WA10 2LP,1.1
WA10 2LR,1.1
WA10 2LS,1.1
WA10 2LT,1.1
WA10 2LU,1.1
WA10 2LW,1.1
WA10 2LX,1.1
WA10 2LY,1.1
WA10 2NA,1.1
WA10 2NB,1.1
WA10 2ND,1.1
WA10 2NE,1.1
WA10 2NF,1.1
WA10 2NJ,1.1
WA10 2NL,1.1
WA10 2NN,1.1
WA10 2NP,1.1
WA10 2NR,1.1
WA10 2NS,1.1
WA10 2NT,1.1
WA10 2NW,1.1
WA10 1AA,1.1
WA10 1AB,1.1
WA10 1AD,1.1
WA10 1AE,1.1
WA10 1AF,1.1
WA10 1AG,1.1
WA10 1AJ,1.2
WA10 1AP,1.1
WA10 1AR,1.1
WA10 1AU,1.1
WA10 1AW,1.1
WA10 1AX,1.2
WA10 1BA,1.2
WA10 1BD,1.1
WA10 1BF,1.1
WA10 1BG,1.2
WA10 1BH,1.2
WA10 1BJ,1.2
WA10 1BN,1.1
WA10 1BQ,1.1
WA10 1BU,1.2
WA10 1BW,1.1
WA10 1BX,1.1
WA10 1BZ,1.2
WA10 1DA,1.2
WA10 1DB,1.2
WA10 1DD,1.2
WA10 1DF,1.2
WA10 1DG,1.2
WA10 1DH,1.2
WA10 1DJ,1.2
WA10 1DL,1.2
WA10 1DQ,1.2
WA10 1DR,1.1
WA10 1DS,1.2
WA10 1DU,1.1
WA10 1DW,1.2
WA10 1DY,1.2
WA10 1DZ,1.2
WA10 1EB,1.2
WA10 1ED,1.2
WA10 1EF,1.2
WA10 1EJ,1.2
WA10 1EL,1.1
WA10 1EN,1.2
WA10 1EP,1.2
WA10 1EQ,1.2
WA10 1ET,1.1
WA10 1EU,1.2
WA10 1EX,1.2
WA10 1EY,1.1
WA10 1FG,1.1
WA10 1FY,1.1
WA10 1GD,1.2
WA10 1GE,1.2
WA10 1GF,1.2
WA10 1GH,1.2
WA10 1HE,1.2
WA10 1HF,1.2
WA10 1HH,1.2
WA10 1HJ,1.2
WA10 1HP,1.2
WA10 1HQ,1.2
WA10 1HT,1.1
WA10 1HU,1.1
WA10 1HX,1.1
WA10 1HY,1.1
WA10 1JA,1.1
WA10 1JB,1.2
WA10 1JE,1.2
WA10 1JG,1.2
WA10 1JL,1.2
WA10 1JN,1.2
WA10 1JR,1.1
WA10 1JS,1.1
WA10 1JT,1.1
WA10 1JU,1.1
WA10 1JW,1.1
WA10 1LA,1.1
WA10 1LB,1.1
WA10 1LD,1.1
WA10 1LE,1.1
WA10 1LF,1.2
WA10 1LG,1.2
WA10 1LH,1.1
WA10 1LJ,1.1
WA10 1LL,1.2
WA10 1LN,1.1
WA10 1LP,1.1
WA10 1LQ,1.2
WA10 1LR,1.1
WA10 1LS,1.1
WA10 1LT,1.1
WA10 1LU,1.2
WA10 1LW,1.1
PR9 9PN,3.2
PR9 9PP,3.2
PR9 9PQ,3.2
PR9 9PR,3.2
PR9 9PS,3.2
PR9 9PT,1.1
PR9 9PU,3.2
PR9 9PX,1.1
PR9 9PY,1.1
PR9 9PZ,1.1
PR9 9QA,1.1
PR9 9QB,3.2
PR9 9QD,1.1
PR9 9QE,3.2
PR9 9QF,1.1
PR9 9QG,3.2
PR9 9QH,1.1
PR9 9QJ,3.2
PR9 9QN,1.1
PR9 9QQ,3.2
PR9 9QR,1.1
PR9 9QS,3.2
PR9 9QT,3.2
PR9 9QU,3.2
PR9 9QW,1.1
PR9 9QX,1.1
PR9 9QY,1.1
PR9 9RA,0.1
PR9 9RB,0.1
PR9 9RD,0.1
PR9 9RE,0.1
PR9 9RF,3.2
PR9 9RG,3.2
PR9 9RH,3.2
PR9 9RJ,3.2
PR9 9RL,3.2
PR9 9RN,3.2
PR9 9RP,3.2
PR9 9RQ,0.1
PR9 9RR,3.2
PR9 9RS,3.2
PR9 9RT,0.1
PR9 9RU,0.1
PR9 9RW,3.2
PR9 9RX,0.1
PR9 9RY,0.1
PR9 9RZ,3.2
PR9 9SA,3.2
PR9 9SB,3.2
PR9 9SD,3.2
PR9 9SG,3.2
PR9 9SH,0.1
PR9 9SL,0.1
PR9 9SN,3.2
PR9 9SP,0.1
PR9 9SQ,1.1
PR9 9SR,0.1
PR9 9SS,0.1
PR9 9ST,0.1
PR9 9SU,0.1
PR9 9SW,3.2
PR9 9SX,3.2
PR9 9SY,1.1
PR9 9SZ,1.1
PR9 9TA,3.2
PR9 9TB,3.2
PR9 9TD,3.2
PR9 9TE,1.1
PR9 9TF,1.1
PR9 9TG,0.1
PR9 9TH,3.2
PR9 9TJ,3.2
PR9 9TL,3.2
PR9 9TN,1.1
PR9 9TP,0.1
PR9 9TQ,3.2
PR9 9TR,0.1
PR9 9TS,0.1
PR9 9TT,0.1
PR9 9TU,0.1
PR9 9TW,1.1
PR9 9TX,3.2
PR9 9TY,0.1
PR9 9TZ,0.1
PR9 9UA,0.1
PR9 9UB,0.1
PR9 9UD,0.1
PR9 9UE,3.2
PR9 9UF,0.1
PR9 9UG,3.2
PR9 9UH,0.1
PR9 9UJ,0.1
PR9 9UL,0.1
PR9 9UN,0.1
PR9 9UP,0.1
PR9 9UQ,0.1
PR9 9UR,0.1
PR9 9US,0.1
PR9 9UT,0.1
PR9 9UU,0.1
PR9 9UW,0.1
PR9 9UY,0.1
PR9 9WB,3.2
PR9 9WL,1.1
PR9 9WN,0.1
PR9 9WU,0.1
PR9 9WZ,0.1
PR9 9XA,0.1
PR9 9XB,0.1
PR9 9XD,0.1
PR9 9XE,0.1
PR9 9XF,0.1
PR9 9XG,0.1
PR9 9XH,0.1
PR9 9XJ,0.1
PR9 9XL,0.1
PR9 9XN,0.1
PR9 9XP,0.1
PR9 9XQ,0.1
PR9 9XR,3.2
PR9 9XT,0.1
PR9 9XW,0.1
PR9 9XY,0.1
PR9 9XZ,0.1
PR9 9YB,0.1
PR9 9YD,0.1
PR9 9YF,0.1
PR9 9YH,0.1
PR9 9YJ,0.1
PR9 9YL,0.1
PR9 9YP,0.1
PR9 9YT,0.1
PR9 9YU,0.1
PR9 9YW,0.1
PR9 9YX,0.1
PR9 9YY,0.1
PR9 9YZ,0.1
PR9 9ZL,0.1
PR9 8PY,3.2
PR9 8QA,3.2
PR9 8QB,3.2
PR9 8QD,3.2
PR9 8QE,3.2
PR9 8QF,3.2
PR9 8QG,3.2
PR9 8QH,3.2
PR9 8QJ,3.2
PR9 8QL,3.2
PR9 8QN,3.2
PR9 8QP,3.2
PR9 8QQ,3.2
PR9 8QR,3.2
PR9 8QS,3.2
PR9 8QT,3.2
PR9 8QU,3.2
PR9 8QW,3.2
PR9 8QX,3.2
PR9 8QY,3.2
PR9 8RA,3.1
PR9 8RB,3.2
PR9 8RD,3.2
PR9 8RE,3.2
PR9 8RH,3.2
PR9 8RJ,3.1
PR9 8RL,3.2
PR9 8RQ,3.2
PR9 9AA,0.1
PR9 9AB,0.1
PR9 9AD,0.1
PR9 9AE,0.1
PR9 9AF,0.1
PR9 9AG,0.1
PR9 9AH,0.1
PR9 9AJ,0.1
PR9 9AL,0.1
PR9 9AN,0.1
PR9 9AP,0.1
PR9 9AQ,0.1
PR9 9AS,1.1
PR9 9AW,0.1
PR9 9AY,1.1
PR9 9AZ,1.1
PR9 9BA,1.1
PR9 9BB,1.1
PR9 9BD,1.2
PR9 9BF,1.2
PR9 9BG,1.1
PR9 9BH,0.1
PR9 9BJ,1.1
PR9 9BL,1.1
PR9 9BN,1.1
PR9 9BP,1.1
PR9 9BQ,1.1
PR9 9BS,1.1
PR9 9BT,0.1
PR9 9BU,0.1
PR9 9BW,1.1
PR9 9BX,0.1
PR9 9BY,0.1
PR9 9BZ,0.1
PR9 9DA,0.1
PR9 9DB,0.1
PR9 9DD,0.1
PR9 9DG,3.2
PR9 9DL,0.1
PR9 9DP,3.2
PR9 9DR,0.1
PR9 9DT,3.2
PR9 9DU,0.1
PR9 9DX,0.1
PR9 9DY,0.1
PR9 9DZ,0.1
PR9 9EB,3.2
PR9 9EE,3.2
PR9 9EF,3.2
PR9 9EG,3.2
PR9 9EP,1.1
PR9 9EQ,3.2
PR9 9ER,1.1
PR9 9ES,1.1
PR9 9ET,1.1
PR9 9EU,1.1
PR9 9EX,1.1
PR9 9EZ,1.2
PR9 9FA,0.1
PR9 9FB,0.1
PR9 9FD,0.1
PR9 9FJ,0.1
PR9 9FL,0.1
PR9 9FR,0.1
PR9 9FS,0.1
PR9 9FT,0.1
PR9 9FU,0.1
PR9 9FX,0.1
PR9 9FY,1.1
PR9 9GA,0.1
PR9 9GB,0.1
PR9 9GD,0.1
PR9 9GE,0.1
PR9 9GH,0.1
PR9 9GJ,0.1
PR9 9GL,0.1
PR9 9GN,0.1
PR9 9GP,0.1
PR9 9HA,1.1
PR9 9HB,1.2
PR9 9HD,1.2
PR9 9HE,1.1
PR9 9HF,1.1
PR9 9HG,1.1
PR9 9HH,1.1
PR9 9HL,1.1
PR9 9HN,1.1
PR9 9HQ,1.1
PR9 9HR,1.2
PR9 9HS,1.1
PR9 9HW,1.1
PR9 9HX,1.1
PR9 9JA,1.1
PR9 9JB,1.2
PR9 9JE,1.2
PR9 9JF,1.2
PR9 9JG,1.2
PR9 9JH,1.2
PR9 9JJ,1.2
PR9 9JL,3.2
PR9 9JN,3.2
PR9 9JP,3.2
PR9 9JQ,1.2
PR9 9JR,3.2
PR9 9JS,3.2
PR9 9JT,3.2
PR9 9JU,1.2
PR9 9JW,3.2
PR9 9JX,1.2
PR9 9LA,1.2
PR9 9LB,1.2
PR9 9LD,1.2
PR9 9LE,3.2
PR9 7UB,3.2
PR9 7WA,3.2
PR9 7XE,0.1
PR9 9LF,3.2
PR9 9LG,1.2
PR9 9LH,3.2
PR9 9LJ,1.2
PR9 9LL,3.2
PR9 9LN,1.2
PR9 9LP,3.2
PR9 9LQ,1.2
PR9 9LR,3.2
PR9 9LS,3.2
PR9 9LT,3.2
PR9 9LU,3.2
PR9 9LW,1.2
PR9 9LX,1.2
PR9 9LY,0.1
PR9 9NA,3.2
PR9 9NB,3.2
PR9 9ND,3.2
PR9 9NE,3.2
PR9 9NF,3.2
PR9 9NG,3.2
PR9 9NJ,3.2
PR9 9NL,3.2
PR9 9NN,3.2
PR9 9NP,3.2
PR9 9NQ,3.2
PR9 9NR,1.1
PR9 9NS,3.2
PR9 9NT,1.1
PR9 9NU,1.1
PR9 9NW,3.2
PR9 9NX,1.1
PR9 9NY,1.1
PR9 9NZ,1.2
PR9 9PA,1.2
PR9 9PB,3.2
PR9 9PD,3.2
PR9 9PE,3.2
PR9 9PF,3.2
PR9 9PG,3.2
PR9 9PH,1.1
PR9 9PJ,1.1
PR9 9PL,1.1
PR9 8HN,3.1
PR9 8HP,3.1
PR9 8HT,3.2
PR9 8HU,3.2
PR9 8HW,3.2
PR9 8HX,3.1
PR9 8HY,3.2
PR9 8HZ,3.2
PR9 8JA,0.1
PR9 8JB,3.2
PR9 8JD,3.2
PR9 8JE,3.2
PR9 8JF,3.2
PR9 8JG,3.2
PR9 8JH,3.2
PR9 8JJ,3.2
PR9 8JN,0.1
PR9 8JP,3.2
PR9 8JR,0.1
PR9 8JS,0.1
PR9 8JT,0.1
PR9 8JU,3.2
PR9 8JW,0.1
PR9 8JX,3.2
PR9 8JY,3.1
PR9 8LB,3.1
PR9 8LD,3.1
PR9 8LE,3.1
PR9 8LF,3.1
PR9 8LG,3.1
PR9 8LL,3.1
PR9 8LP,3.1
PR9 8LQ,3.1
PR9 8LR,3.1
PR9 8LS,3.1
PR9 8LT,3.1
PR9 8LU,3.1
PR9 7AG,0.1
PR9 7AH,0.1
PR9 7AJ,0.1
PR9 7AL,1.2
PR9 7AN,0.1
PR9 7AP,3.2
PR9 7AQ,0.1
PR9 7AR,0.1
PR9 7AS,3.2
PR9 7AT,0.1
PR9 7AU,0.1
PR9 7AW,0.1
PR9 7BD,3.2
PR9 7BE,0.1
PR9 7BG,3.2
PR9 7BH,0.1
PR9 7BJ,0.1
PR9 7BL,0.1
PR9 7BN,0.1
PR9 7BP,3.2
PR9 7BQ,3.2
PR9 7BS,0.1
PR9 7BT,3.2
PR9 7BU,3.2
PR9 7BW,0.1
PR9 7BX,3.2
PR9 7BY,3.2
PR9 7BZ,3.2
PR9 7DA,3.2
PR9 7DB,0.1
PR9 7DD,0.1
PR9 7DE,0.1
PR9 7DF,0.1
PR9 7DH,3.2
PR9 7DP,3.2
PR9 7DR,0.1
PR9 7DS,0.1
PR9 7DT,3.2
PR9 7DU,0.1
PR9 7DX,0.1
PR9 7DY,0.1
PR9 7DZ,0.1
PR9 7EA,0.1
PR9 7EB,0.1
PR9 7ED,3.2
PR9 7EE,0.1
PR9 7EF,0.1
PR9 7EG,0.1
PR9 7EH,0.1
PR9 7EQ,0.1
PR9 7ER,0.1
PR9 7ET,3.2
PR9 7EU,3.2
PR9 7EX,0.1
PR9 7EY,3.2
PR9 7EZ,3.2
PR9 7FL,0.1
PR9 7HA,3.2
PR9 7HB,3.2
PR9 7HD,3.2
PR9 7HH,3.2
PR9 7HR,3.2
PR9 8LX,3.1
PR9 8LY,3.1
PR9 8LZ,3.1
PR9 8NA,3.1
PR9 8NB,0.1
PR9 8ND,3.1
PR9 8NE,3.2
PR9 8NF,3.2
PR9 8NG,0.1
PR9 8NH,0.1
PR9 8NJ,0.1
PR9 8NL,3.2
PR9 8NN,0.1
PR9 8NP,0.1
PR9 8NR,0.1
PR9 8NS,0.1
PR9 8NT,0.1
PR9 8NU,0.1
PR9 8NW,3.2
PR9 8NX,0.1
PR9 8NY,0.1
PR9 8PA,3.2
PR9 8PB,3.2
PR9 8PD,3.2
PR9 8PE,3.2
PR9 8PF,3.2
PR9 8PH,3.2
PR9 8PJ,3.2
PR9 8PL,3.2
PR9 8PN,3.2
PR9 8PP,3.2
PR9 8PR,3.2
PR9 8PS,3.1
PR9 8PT,3.2
PR9 8PU,0.1
PR9 8PW,3.2
PR9 7HT,3.2
PR9 7HX,3.2
PR9 7JA,3.2
PR9 7JB,3.2
PR9 7JD,3.2
PR9 7JE,3.2
PR9 7JF,3.2
PR9 7JG,3.2
PR9 7JH,3.2
PR9 7JJ,3.2
PR9 7JQ,3.2
PR9 7JT,3.2
PR9 7JU,3.2
PR9 7JX,3.2
PR9 7JY,3.2
PR9 7LA,3.2
PR9 7LD,3.2
PR9 7LE,3.2
PR9 7LF,3.2
PR9 7LG,3.2
PR9 7LJ,3.2
PR9 7LL,3.2
PR9 7LN,3.2
PR9 7LP,3.2
PR9 7LQ,3.2
PR9 7LR,3.2
PR9 7LS,3.2
PR9 7LT,3.2
PR9 7LU,3.2
PR9 7LW,3.2
PR9 7LX,3.2
PR9 7LY,3.2
PR9 7LZ,3.2
PR9 7NA,3.2
PR9 7NB,3.2
PR9 7NE,3.2
PR9 7NF,3.2
PR9 7NG,3.2
PR9 7NJ,3.2
PR9 7NL,3.2
PR9 7NN,3.2
PR9 7NP,3.2
PR9 7NQ,3.2
PR9 7NR,3.2
PR9 7NS,3.2
PR9 7NT,3.2
PR9 7NU,3.2
PR9 7NW,3.2
PR9 7NZ,3.2
PR9 7PA,3.2
PR9 7PD,3.2
PR9 7PE,3.2
PR9 7PF,3.2
PR9 7PG,3.2
PR9 7PJ,3.2
PR9 7PL,3.2
PR9 7PN,3.2
PR9 7PP,3.2
PR9 7PQ,3.2
PR9 7PS,3.2
PR9 7PT,3.2
PR9 7PU,3.2
PR9 7PW,3.2
PR9 7PX,3.2
PR9 7PY,3.2
PR9 7PZ,3.2
PR9 7QB,3.2
PR9 7QD,3.2
PR9 7QE,3.2
PR9 7QH,3.2
PR9 7QJ,3.2
PR9 7QL,3.2
PR9 7QN,3.2
PR9 7QP,3.2
PR9 7QQ,3.2
PR9 7QR,3.2
PR9 7QS,3.2
PR9 7QT,3.2
PR9 7QU,3.2
PR9 7QW,3.2
PR9 7QX,1.2
PR9 7QY,3.2
PR9 7QZ,1.2
PR9 7RA,1.2
PR9 7RB,1.2
PR9 7RD,1.2
PR9 7RF,0.1
PR9 7RG,0.1
PR9 7RH,3.2
PR9 7RJ,0.1
PR9 7RL,0.1
PR9 7RN,1.2
PR9 7RQ,0.1
PR9 7RR,0.1
PR9 7RS,0.1
PR9 7RU,0.1
PR9 7RW,1.2
PR9 7RX,0.1
PR9 0BQ,1.1
PR9 0BS,1.1
PR9 0BU,1.1
PR9 0BU,1.1
PR9 0BX,1.1
PR9 0BY,1.1
PR9 0DA,1.1
PR9 0DB,1.1
PR9 0DD,1.1
PR9 0DE,1.1
PR9 0DE,1.1
PR9 0DF,1.1
PR9 0DF,1.1
PR9 0DG,1.1
PR9 0DH,1.1
PR9 0DJ,1.1
PR9 0DN,1.1
PR9 0DP,1.1
PR9 0DQ,1.1
PR9 0DR,1.1
PR9 0DS,1.1
PR9 0DT,1.1
PR9 0DU,1.1
PR9 0DW,1.1
PR9 0DX,1.1
PR9 0DY,1.1
PR9 0DZ,1.2
PR9 0EA,1.2
PR9 0ED,1.1
PR9 0EF,1.1
PR9 0EG,1.1
PR9 0EJ,1.1
PR9 0EL,1.1
PR9 0EN,1.1
PR9 0EP,1.1
PR9 0ER,1.2
PR9 0ES,1.1
PR9 0EW,1.1
PR9 0EX,1.2
PR9 0EZ,1.1
PR9 0HA,1.1
PR9 0HB,1.2
PR9 0HD,1.2
PR9 0HE,1.1
PR9 0HF,1.1
PR9 0HG,1.2
PR9 0HJ,1.2
PR9 0HL,1.2
PR9 0HN,1.2
PR9 0HP,1.2
PR9 0HQ,1.2
PR9 0HR,1.2
PR9 0HW,1.2
PR9 0HZ,1.2
PR9 0JA,1.2
PR9 0JB,1.2
PR9 0JD,1.2
PR9 0JE,1.2
PR9 0JF,1.2
PR9 0JG,1.2
PR9 0JH,1.2
PR9 0JJ,1.2
PR9 0JL,1.2
PR9 0JN,1.2
PR9 0JP,1.2
PR9 0JQ,1.2
PR9 0JS,1.2
PR9 0JT,1.2
PR9 0JU,1.2
PR9 0JW,1.2
PR9 0JX,1.2
PR9 0JY,1.2
PR9 0JZ,1.2
PR9 7RZ,0.1
PR9 7SA,0.1
PR9 7SB,0.1
PR9 7SD,1.2
PR9 7SE,1.2
PR9 7SF,1.2
PR9 7SG,1.2
PR9 7SJ,0.1
PR9 7SL,1.2
PR9 7SN,0.1
PR9 7SP,0.1
PR9 7SQ,1.2
PR9 7SR,1.2
PR9 7SS,0.1
PR9 7ST,0.1
PR9 7SU,0.1
PR9 7SW,0.1
PR9 7SX,0.1
PR9 7SY,0.1
PR9 7SZ,0.1
PR9 7TF,1.2
PR9 7TJ,0.1
PR9 7TL,0.1
PR9 7TN,0.1
PR9 7TP,0.1
PR9 7TR,0.1
PR9 7TS,0.1
PR9 7TW,0.1
PR9 7UA,1.2
PR9 0LA,1.2
PR9 0LB,1.1
PR9 0LE,1.1
PR9 0LF,1.1
PR9 0LG,1.1
PR9 0LH,1.1
PR9 0LL,1.1
PR9 0LN,1.1
PR9 0LP,1.1
PR9 0LQ,1.1
PR9 0LS,1.2
PR9 0LU,1.1
PR9 0LX,1.1
PR9 0LY,1.1
PR9 0LZ,1.1
PR9 0NA,1.1
PR9 0NB,1.1
PR9 0ND,1.1
PR9 0NE,1.1
PR9 0NF,1.2
PR9 0NG,1.1
PR9 0NH,1.2
PR9 0NJ,1.2
PR9 0NP,1.1
PR9 0NP,1.1
PR9 0NR,1.1
PR9 0NS,1.1
PR9 0NS,1.1
PR9 0NU,1.2
PR9 0NW,1.1
PR9 0NW,1.1
PR9 0NX,1.1
PR9 0NX,1.1
PR9 0NY,0.1
PR9 0NZ,1.1
PR9 0NZ,1.1
PR9 0PA,1.1
PR9 0PA,1.1
PR9 0PE,1.1
PR9 0PE,1.1
PR9 0PF,1.1
PR9 0PF,1.1
PR9 0PG,1.1
PR9 0PG,1.1
PR9 0PN,1.1
PR9 0PQ,1.1
PR9 0PR,1.1
PR9 0PW,1.1
PR9 0PY,1.1
PR9 0QA,1.1
PR9 0QB,1.1
PR9 0QE,1.1
PR9 0QF,1.1
PR9 0QG,1.1
PR9 0QQ,1.1
PR9 0QS,1.1
PR9 0QT,1.1
PR9 0QX,1.1
PR9 0QY,1.1
PR9 0QZ,1.1
PR9 0RA,1.1
PR9 0RB,1.1
PR9 0RD,1.1
PR9 0RE,1.1
PR9 0RF,1.1
PR9 0RG,1.1
PR9 0RH,0.1
PR9 0RN,1.1
PR9 0RQ,1.1
PR9 0RS,1.1
PR9 0RT,1.1
PR9 0RW,1.1
PR9 0RY,0.1
PR9 0RZ,0.1
PR9 0SA,0.1
PR9 0SB,0.1
PR9 0SD,0.1
PR9 0SE,1.1
PR9 0SF,1.1
PR9 0SG,0.1
PR9 0SH,0.1
PR9 0SJ,0.1
PR9 0SL,0.1
PR9 0SN,0.1
PR9 0SP,0.1
PR9 0SQ,0.1
PR9 0SR,1.1
PR9 0SS,1.1
PR9 0TB,1.1
PR9 0TB,1.1
PR9 0TE,1.1
PR9 0TE,1.1
PR9 0TF,1.1
PR9 0TF,1.1
PR9 0TH,1.1
PR9 0TH,1.1
PR9 0TJ,1.1
PR9 0TJ,1.1
PR9 0TL,1.1
PR9 0TL,1.1
PR9 0TN,1.1
PR9 0TP,1.1
PR9 0TQ,1.1
PR9 0TR,1.1
PR9 0TR,1.1
PR9 0TS,1.1
PR9 0TS,1.1
PR9 0TT,1.1
PR9 0TU,1.1
PR9 0TU,1.1
PR8 6QR,0.1
PR8 6QW,0.2
PR8 6QX,0.2
PR8 6QZ,0.2
PR8 6RA,0.1
PR8 6RB,0.1
PR8 6RD,0.1
PR8 6RE,0.1
PR8 6RG,0.1
PR8 6RH,0.2
PR8 6RP,0.2
PR8 6RR,0.1
PR8 6RU,0.1
PR8 6RY,0.1
PR8 6RZ,0.2
PR8 6SB,0.1
PR8 6SD,0.2
PR8 6SE,0.1
PR8 6SG,0.1
PR8 6SH,0.2
PR8 6SJ,0.1
PR8 6SL,0.1
PR8 6SP,0.1
PR8 6SQ,0.1
PR8 6SR,0.1
PR8 6SS,0.1
PR8 6ST,0.1
PR8 6SW,0.1
PR8 6SX,0.1
PR8 6SY,0.1
PR8 6TH,0.2
PR8 6TL,0.1
PR8 6UA,0.1
PR8 6UB,0.1
PR8 6UD,0.1
PR8 6UH,0.1
PR8 6UJ,0.1
PR8 6UL,0.1
PR8 6UP,0.1
PR8 6UR,0.1
PR8 6US,0.1
PR8 6XB,0.1
PR8 6XD,0.1
PR8 6XE,0.1
PR8 6XH,0.1
PR8 6XJ,0.1
PR8 6XL,0.1
PR8 6XP,0.1
PR8 6XQ,0.1
PR8 6XR,0.1
PR8 6XS,0.1
PR8 6XT,0.1
PR8 6XU,0.1
PR8 6ZR,0.1
PR8 9AF,0.1
PR8 9AH,0.1
PR8 9BR,0.1
PR8 9BY,0.1
PR9 0TW,1.1
PR9 0TX,1.1
PR9 0TX,1.1
PR9 0TY,1.1
PR9 0TZ,1.1
PR9 0UA,1.1
PR9 0UB,1.1
PR9 0UB,1.1
PR9 0UD,1.1
PR9 0UD,1.1
PR9 0UE,1.1
PR9 0UE,1.1
PR9 0UF,1.1
PR9 0UF,1.1
PR9 0UH,1.1
PR9 0UH,1.1
PR9 0US,1.1
PR9 0US,1.1
PR9 0UT,1.1
PR9 0UT,1.1
PR9 0UX,1.1
PR9 0UX,1.1
PR9 0UZ,1.1
PR9 0UZ,1.1
PR9 7AA,0.1
PR9 7AB,0.1
PR9 7AD,0.1
PR9 7AE,0.1
PR9 7AF,0.1
PR8 9FG,0.1
PR8 9FX,0.1
PR8 9JJ,0.1
PR8 9SU,1.1
PR8 9SU,1.1
PR9 0AD,1.1
PR9 0AD,1.1
PR9 0AE,1.1
PR9 0AE,1.1
PR9 0AF,1.1
PR9 0AF,1.1
PR9 0AG,1.1
PR9 0AJ,1.1
PR9 0AJ,1.1
PR9 0AL,1.1
PR9 0AL,1.1
PR9 0AN,1.1
PR9 0AP,1.1
PR8 5LT,0.1
PR8 5LU,0.1
PR8 5NA,0.1
PR8 5ND,0.1
PR8 5NE,0.1
PR8 5NF,0.1
PR8 5NG,0.1
PR8 5NH,0.1
PR8 5NJ,0.1
PR8 5NP,0.1
PR8 5NQ,0.1
PR8 5NR,0.1
PR8 5NS,0.1
PR8 5NU,0.1
PR8 5NX,0.1
PR8 5NY,0.1
PR8 5PA,0.1
PR8 5PB,0.1
PR8 5PD,0.1
PR8 5PH,0.1
PR8 5PJ,0.1
PR8 5PL,0.1
PR8 5PP,0.1
PR8 5PQ,0.1
PR8 5RG,0.1
PR8 6AA,0.1
PR8 6AB,0.1
PR8 6AD,0.1
PR8 6AE,0.1
PR8 6AF,0.1
PR8 6AG,0.1
PR8 6AH,0.1
PR8 6AJ,0.1
PR8 6AL,0.1
PR8 6AN,0.1
PR8 6AP,0.1
PR8 6AQ,0.1
PR8 6AS,0.1
PR8 6AT,0.1
PR8 6AU,0.1
PR8 6AW,0.1
PR8 6AX,0.1
PR8 6AY,0.1
PR8 6AZ,0.1
PR8 6BA,0.1
PR8 6BB,0.1
PR8 6BD,0.1
PR8 6BE,0.1
PR8 6BF,0.1
PR8 6BG,0.1
PR8 6BH,0.1
PR8 6BN,0.1
PR8 6BP,0.1
PR8 6BQ,0.1
PR8 6BS,0.1
PR8 6BT,0.1
PR8 6BW,0.1
PR8 6BX,0.1
PR8 6BY,0.1
PR8 6BZ,0.1
PR8 6DA,0.1
PR8 6DD,0.1
PR8 6DE,0.1
PR8 6DF,0.1
PR8 6DG,0.1
PR8 6DJ,0.1
PR8 6DL,0.1
PR8 6DP,0.1
PR8 6DQ,0.1
PR8 6DS,0.1
PR8 6DT,0.1
PR8 6DX,0.1
PR8 6DY,0.1
PR8 6EE,0.1
PR8 6EF,0.1
PR8 6EG,0.1
PR8 6EH,0.1
PR9 0AQ,1.1
PR9 0AU,1.1
PR9 0AW,1.1
PR9 0AY,1.1
PR9 0AZ,1.1
PR9 0AZ,1.1
PR9 0BA,1.1
PR9 0BB,1.1
PR9 0BE,1.1
PR9 0BF,1.1
PR9 0BG,1.1
PR9 0BH,1.1
PR9 0BJ,1.1
PR9 0BL,1.1
PR9 0BN,1.2
PR8 6EJ,0.1
PR8 6EL,0.1
PR8 6EN,0.1
PR8 6ER,0.1
PR8 6ET,0.1
PR8 6HA,0.1
PR8 6HB,0.1
PR8 6HD,0.1
PR8 6HE,0.1
PR8 6HF,0.1
PR8 6HG,0.1
PR8 6HH,0.1
PR8 6HJ,0.1
PR8 6HL,0.1
PR8 6HN,0.1
PR8 6HP,0.1
PR8 6HQ,0.1
PR8 6HR,0.1
PR8 6HS,0.1
PR8 6HT,0.1
PR8 6HU,0.1
PR8 6HX,0.1
PR8 6HY,0.1
PR8 6HZ,0.1
PR8 6JA,0.1
PR8 6JB,0.1
PR8 6JD,0.1
PR8 6JE,0.1
PR8 6JF,0.1
PR8 6JG,0.1
PR8 6JH,0.2
PR8 6JJ,0.1
PR8 6JL,0.1
PR8 6JN,0.1
PR8 6JP,0.1
PR8 6JQ,0.1
PR8 6JR,0.1
PR8 6JS,0.1
PR8 6JU,0.1
PR8 6JW,0.1
PR8 6JX,0.1
PR8 6JY,0.1
PR8 6JZ,0.1
PR8 6LA,0.1
PR8 6LB,0.1
PR8 6LD,0.1
PR8 6LE,0.1
PR8 6LF,0.1
PR8 6LG,0.1
PR8 6LH,0.1
PR8 6LJ,0.1
PR8 6LL,0.1
PR8 6LQ,0.1
PR8 6LR,0.1
PR8 6LS,0.1
PR8 6LU,0.1
PR8 6LX,0.1
PR8 6LY,0.1
PR8 6LZ,0.1
PR8 6NA,0.1
PR8 6NB,0.1
PR8 6ND,0.1
PR8 6NE,0.1
PR8 6NF,0.1
PR8 6NG,0.1
PR8 6NH,0.1
PR8 6NJ,0.1
PR8 6NL,0.1
PR8 6NN,0.1
PR8 6NP,0.1
PR8 6NQ,0.1
PR8 6NR,0.1
PR8 6NS,0.1
PR8 6NT,0.1
PR8 6NU,0.1
PR8 6NW,0.1
PR8 6NX,0.1
PR8 6NY,0.1
PR8 6NZ,0.1
PR8 6PA,0.1
PR8 6PB,0.1
PR8 6PD,0.1
PR8 6PE,0.1
PR8 6PF,0.1
PR8 6PG,0.1
PR8 6PJ,0.1
PR8 6PL,0.1
PR8 6PN,0.1
PR8 6PQ,0.1
PR8 6PR,0.1
PR8 6PU,0.1
PR8 6PW,0.1
PR8 6PY,0.2
PR8 6QA,0.2
PR8 6QB,0.1
PR8 6QD,0.1
PR8 6QE,0.2
PR8 4LT,3.2
PR8 4LU,3.2
PR8 4LX,3.2
PR8 4LY,3.2
PR8 4LZ,3.2
PR8 4NA,3.2
PR8 4NB,3.2
PR8 4ND,3.2
PR8 4NE,3.2
PR8 4NF,3.2
PR8 4NG,3.2
PR8 4NH,3.2
PR8 4NJ,0.1
PR8 4NQ,3.2
PR8 4NS,0.1
PR8 4NT,0.1
PR8 4NU,0.1
PR8 4NX,0.1
PR8 4NY,0.1
PR8 4NZ,0.1
PR8 4PA,0.1
PR8 4PB,0.1
PR8 4PD,0.1
PR8 4PE,0.1
PR8 4PF,0.1
PR8 4PG,0.1
PR8 4PH,3.2
PR8 4PJ,0.1
PR8 4PL,0.1
PR8 4PN,0.1
PR8 4PP,3.2
PR8 4PQ,0.1
PR8 4PR,3.2
PR8 4PS,3.2
PR8 4PT,3.2
PR8 4PW,0.1
PR8 4PY,3.2
PR8 4QA,0.1
PR8 4QB,3.3
PR8 4QD,3.3
PR8 4QE,0.1
PR8 4QF,0.1
PR8 4QG,3.3
PR8 4QH,0.1
PR8 4QJ,0.1
PR8 4QL,3.3
PR8 4QN,3.3
PR8 4QP,3.3
PR8 4QQ,3.3
PR8 4QU,0.1
PR8 4QW,3.3
PR8 4QY,0.1
PR8 4QZ,0.1
PR8 4RA,0.1
PR8 4RB,0.1
PR8 4RD,0.1
PR8 4RE,0.1
PR8 4RF,0.1
PR8 4RG,0.1
PR8 4RH,0.1
PR8 4RJ,3.3
PR8 4RL,3.3
PR8 4RP,0.1
PR8 4RQ,0.1
PR8 4RT,0.1
PR8 4RU,0.1
PR8 4RX,0.1
PR8 4RY,0.1
PR8 4RZ,0.1
PR8 4SA,0.1
PR8 4SB,0.1
PR8 4SD,0.1
PR8 4SE,0.1
PR8 4SF,0.1
PR8 4SG,0.1
PR8 4SQ,0.1
PR8 4SR,0.1
PR8 4SS,0.1
PR8 4ST,0.1
PR8 4SU,0.1
PR8 4SW,0.1
PR8 4SX,0.1
PR8 4SY,0.1
PR8 4SZ,0.1
PR8 4TA,0.1
PR8 4TB,0.1
PR8 4TD,0.1
PR8 4TE,0.1
PR8 4TF,0.1
PR8 4TH,0.1
PR8 4TJ,0.1
PR8 6QF,0.1
PR8 6QG,0.1
PR8 6QH,0.2
PR8 6QJ,0.2
PR8 6QL,0.2
PR8 6QN,0.2
PR8 6QP,0.1
PR8 6QQ,0.1
PR8 4WX,0.1
PR8 4ZZ,0.1
PR8 5AA,0.2
PR8 5AB,0.2
PR8 5AE,0.2
PR8 5AF,0.2
PR8 5AG,0.1
PR8 5AJ,0.2
PR8 5AN,0.1
PR8 5AP,0.2
PR8 5AQ,0.1
PR8 5AU,0.1
PR8 5AW,0.1
PR8 5AY,0.1
PR8 5AZ,0.1
PR8 5BA,0.1
PR8 5BB,0.1
PR8 5BD,0.2
PR8 5BE,0.2
PR8 5BG,0.1
PR8 5BQ,0.1
PR8 5BT,0.1
PR8 5BU,0.2
PR8 5BX,0.1
PR8 5BY,0.2
PR8 5BZ,0.1
PR8 5DA,0.1
PR8 5DB,0.1
PR8 5DD,0.1
PR8 5DE,0.1
PR8 5DF,0.2
PR8 5DG,0.2
PR8 5DH,0.1
PR8 5DJ,0.1
PR8 5DL,3.1
PR8 5DN,0.1
PR8 5DP,3.1
PR8 5DQ,0.2
PR8 5DY,0.1
PR8 5DZ,0.1
PR8 5EA,0.1
PR8 5EB,0.1
PR8 5EE,0.1
PR8 5EF,0.1
PR8 5EG,0.1
PR8 5EH,3.1
PR8 5EJ,0.1
PR8 5EL,0.1
PR8 5EN,3.1
PR8 5EP,3.1
PR8 5EQ,0.1
PR8 5ES,0.1
PR8 5ET,0.1
PR8 5EU,3.1
PR8 5EW,3.1
PR8 5EX,0.1
PR8 5EY,0.1
PR8 5EZ,0.1
PR8 5FA,0.1
PR8 5HA,0.1
PR8 5HE,3.1
PR8 5HF,3.1
PR8 5HL,0.1
PR8 5HW,0.1
PR8 5JH,0.1
PR8 5LH,0.1
PR8 3PW,0.1
PR8 3PX,0.1
PR8 3PY,0.1
PR8 3PZ,0.1
PR8 3QB,0.1
PR8 3QD,1.2
PR8 3QE,0.1
PR8 3QF,0.1
PR8 3QG,3.2
PR8 3QH,3.2
PR8 3QJ,1.2
PR8 3QL,3.2
PR8 3QN,3.2
PR8 3QP,0.1
PR8 3QQ,3.2
PR8 3QR,0.1
PR8 3QS,3.2
PR8 3QT,0.1
PR8 3QU,3.2
PR8 3QW,3.3
PR8 3RA,0.1
PR8 3RB,0.1
PR8 3RD,0.1
PR8 3RE,0.1
PR8 3RH,1.2
PR8 3RJ,1.2
PR8 3RL,1.2
PR8 3RN,1.2
PR8 3RP,1.2
PR8 3RQ,0.1
PR8 3RR,1.2
PR8 3RS,1.2
PR8 3RT,1.2
PR8 3RU,1.2
PR8 3RW,1.2
PR8 3RX,1.2
PR8 3RY,1.2
PR8 3RZ,1.2
PR8 3SA,1.2
PR8 3SE,1.2
PR8 3SF,1.2
PR8 3SG,3.2
PR8 3SH,3.2
PR8 3SJ,3.2
PR8 3SL,3.2
PR8 3SN,3.2
PR8 3SP,3.2
PR8 3SQ,3.2
PR8 3SR,3.2
PR8 3ST,3.2
PR8 3SU,1.2
PR8 3SW,3.2
PR8 3SX,1.2
PR8 3SZ,1.2
PR8 3TE,0.1
PR8 3TF,0.1
PR8 3TG,3.2
PR8 3TH,3.2
PR8 3TJ,0.1
PR8 3TL,0.1
PR8 3TN,3.2
PR8 3TP,0.1
PR8 3TQ,3.2
PR8 3TR,0.1
PR8 3TS,3.3
PR8 3TT,3.3
PR8 3TU,3.2
PR8 3TW,3.2
PR8 3TX,3.2
PR8 3TY,3.2
PR8 3TZ,0.1
PR8 3UA,1.2
PR8 3UE,3.2
PR8 3UF,3.2
PR8 3YT,0.1
PR8 4AA,0.1
PR8 4AE,0.1
PR8 4AF,0.1
PR8 4AG,0.1
PR8 4AN,0.1
PR8 4AQ,0.1
PR8 4AR,0.1
PR8 4AS,0.1
PR8 4AT,0.1
PR8 4AW,0.1
PR8 4AY,0.1
PR8 4AZ,0.1
PR8 4BA,0.1
PR8 4BB,0.1
PR8 2SE,3.3
PR8 2SF,3.3
PR8 2SG,3.3
PR8 2SH,0.1
PR8 2SJ,3.3
PR8 2SL,3.3
PR8 4BD,0.1
PR8 4BE,0.1
PR8 4BG,0.1
PR8 4BH,0.1
PR8 4BJ,0.1
PR8 4BL,0.1
PR8 4BN,3.1
PR8 4BQ,0.1
PR8 4BS,0.1
PR8 4BT,0.1
PR8 4BX,0.1
PR8 4BY,0.1
PR8 4BZ,0.1
PR8 4DA,0.1
PR8 4DB,0.1
PR8 4DD,0.1
PR8 4DE,0.1
PR8 4DF,0.1
PR8 4DG,0.1
PR8 4DH,0.1
PR8 4DJ,0.1
PR8 4DL,0.1
PR8 4DN,0.1
PR8 4DP,0.1
PR8 4DQ,0.1
PR8 4DS,3.1
PR8 4DT,0.1
PR8 4DU,0.1
PR8 4DW,0.1
PR8 4DX,0.1
PR8 4DY,0.1
PR8 4DZ,0.1
PR8 4EA,0.1
PR8 4EB,0.1
PR8 4ED,3.1
PR8 4EE,3.1
PR8 4EF,3.1
PR8 4EG,3.1
PR8 4EH,3.1
PR8 4EJ,3.1
PR8 4EL,3.1
PR8 4EN,3.1
PR8 4EP,3.1
PR8 4EQ,3.1
PR8 4ER,3.1
PR8 4ES,3.1
PR8 4ET,3.1
PR8 4EU,3.1
PR8 4EW,3.1
PR8 4EX,0.1
PR8 4HA,3.1
PR8 4HB,0.1
PR8 4HF,0.1
PR8 4HH,0.1
PR8 4HJ,0.1
PR8 4HL,0.1
PR8 4HN,3.1
PR8 4HP,0.1
PR8 4HQ,0.1
PR8 4HR,0.1
PR8 4HT,0.1
PR8 4HU,0.1
PR8 4HW,0.1
PR8 4HY,0.1
PR8 4JB,0.1
PR8 4JE,0.1
PR8 4JF,0.1
PR8 4JP,0.1
PR8 4JR,0.1
PR8 4JS,0.1
PR8 4JT,0.1
PR8 4JU,0.1
PR8 4JX,0.1
PR8 4JY,3.2
PR8 4JZ,3.2
PR8 4LA,3.2
PR8 4LB,3.2
PR8 4LD,0.1
PR8 4LP,0.1
PR8 4LR,3.2
PR8 4LS,3.2
PR8 2SN,3.3
PR8 2SP,3.3
PR8 2SQ,3.3
PR8 2SR,3.3
PR8 2SS,3.3
PR8 2ST,3.3
PR8 2SU,3.3
PR8 2SW,0.1
PR8 2SX,3.3
PR8 2SY,3.3
PR8 2TA,3.3
PR8 2TB,3.3
PR8 2TD,3.3
PR8 2TE,3.3
PR8 2TF,3.2
PR8 2TG,0.1
PR8 2TH,3.3
PR8 2TJ,0.1
PR8 2TL,3.2
PR8 2TN,3.2
PR8 2TP,3.2
PR8 2TQ,3.3
PR8 2TX,3.2
PR8 2TY,3.2
PR8 2WJ,0.1
PR8 3AA,3.3
PR8 3AB,3.3
PR8 3AD,3.3
PR8 3AE,3.3
PR8 3AF,3.3
PR8 3AG,3.3
PR8 3AH,3.3
PR8 3AJ,3.3
PR8 3AL,3.3
PR8 3AN,3.3
PR8 3AP,3.3
PR8 3AQ,3.3
PR8 3AU,3.3
PR8 3AW,3.3
PR8 3AX,3.3
PR8 3AY,3.3
PR8 3AZ,3.3
PR8 3BA,3.1
PR8 3BB,0.1
PR8 3BD,0.1
PR8 3BE,0.1
PR8 3BG,0.1
PR8 3BH,0.1
PR8 3BJ,0.1
PR8 3BL,0.1
PR8 3BN,0.1
PR8 3BP,3.1
PR8 3BQ,0.1
PR8 3BS,3.1
PR8 3BT,3.1
PR8 3BU,0.1
PR8 3BW,3.1
PR8 3BX,3.2
PR8 3BY,3.2
PR8 3BZ,0.1
PR8 3DA,3.3
PR8 3DB,3.2
PR8 3DD,3.2
PR8 3DE,3.2
PR8 3DF,3.2
PR8 3DG,0.1
PR8 3DQ,0.1
PR8 3DT,3.1
PR8 3DU,3.3
PR8 3DX,3.1
PR8 3DY,3.1
PR8 3DZ,3.2
PR8 3EA,3.2
PR8 3EB,3.2
PR8 3ED,3.2
PR8 3EE,3.1
PR8 3EF,3.1
PR8 3EG,3.2
PR8 3EH,3.2
PR8 3EL,3.1
PR8 3EN,3.1
PR8 3EP,3.1
PR8 3EQ,3.2
PR8 3ER,3.1
PR8 3ES,3.1
PR8 3ET,3.1
PR8 3EU,3.1
PR8 3EW,3.1
PR8 3EX,3.1
PR8 3EY,3.1
PR8 3EZ,3.1
PR8 2BE,0.1
PR8 2BG,3.2
PR8 2BH,0.1
PR8 2BJ,0.1
PR8 2BL,0.1
PR8 2BN,0.1
PR8 2BP,0.1
PR8 2BQ,3.2
PR8 2BS,0.1
PR8 2BT,3.2
PR8 2BU,0.1
PR8 2BW,3.2
PR8 2BX,3.2
PR8 3HE,3.1
PR8 3HF,3.1
PR8 3HG,3.1
PR8 3HH,3.3
PR8 3HJ,3.3
PR8 3HL,3.3
PR8 3HN,0.1
PR8 3HR,0.1
PR8 3HS,0.1
PR8 3HT,0.1
PR8 3HU,0.1
PR8 3HW,0.1
PR8 3HX,0.1
PR8 3HY,0.1
PR8 3HZ,0.1
PR8 3JA,0.1
PR8 3JE,0.1
PR8 3JF,0.1
PR8 3JH,0.1
PR8 3JJ,0.1
PR8 3JL,0.1
PR8 3JN,0.1
PR8 3JP,3.3
PR8 3JR,3.3
PR8 3JS,0.1
PR8 3JT,0.1
PR8 3JU,0.1
PR8 3JW,0.1
PR8 3JX,0.1
PR8 3JY,0.1
PR8 3JZ,0.1
PR8 3LA,0.1
PR8 3LB,0.1
PR8 3LE,0.1
PR8 3LF,0.1
PR8 3LG,0.1
PR8 3LH,0.1
PR8 3LJ,0.1
PR8 3LL,0.1
PR8 3LN,0.1
PR8 3LP,0.1
PR8 3LQ,0.1
PR8 3LR,0.1
PR8 3LS,0.1
PR8 3LT,0.1
PR8 3LU,0.1
PR8 3LW,3.3
PR8 3LZ,0.1
PR8 3NA,0.1
PR8 3NB,0.1
PR8 3ND,0.1
PR8 3NE,0.1
PR8 3NF,0.1
PR8 3NG,0.1
PR8 3NH,0.1
PR8 3NJ,0.1
PR8 3NL,0.1
PR8 3NN,0.1
PR8 3NP,0.1
PR8 3NQ,0.1
PR8 3NR,0.1
PR8 3NS,0.1
PR8 3NT,0.1
PR8 3NU,3.2
PR8 3NX,3.2
PR8 3NY,3.2
PR8 3NZ,3.2
PR8 3PA,3.2
PR8 3PB,0.1
PR8 3PE,0.1
PR8 3PF,0.1
PR8 3PG,0.1
PR8 3PH,0.1
PR8 3PJ,0.1
PR8 3PL,0.1
PR8 3PN,3.3
PR8 3PP,0.1
PR8 3PQ,0.1
PR8 3PR,0.1
PR8 3PS,0.1
PR8 3PT,0.1
PR8 3PU,0.1
PR8 2BY,3.2
PR8 2BZ,0.1
PR8 2DA,0.1
PR8 2DB,0.1
PR8 2DD,3.2
PR8 2DE,0.1
PR8 2DF,0.1
PR8 2DG,3.2
PR8 2DH,3.2
PR8 2DJ,3.2
PR8 2DL,3.2
PR8 2DN,3.2
PR8 2DP,3.2
PR8 2DR,3.2
PR8 2DS,3.2
PR8 2DT,3.2
PR8 2DU,3.2
PR8 2DW,3.2
PR8 2DX,3.2
PR8 2DY,3.2
PR8 2DZ,3.2
PR8 2EA,3.2
PR8 2EB,0.1
PR8 2ED,3.2
PR8 2EE,3.2
PR8 2EF,0.1
PR8 2EG,0.1
PR8 2EJ,0.1
PR8 2EL,3.2
PR8 2EN,0.1
PR8 2EP,0.1
PR8 2EQ,0.1
PR8 2ER,0.1
PR8 2ES,0.1
PR8 2ET,0.1
PR8 2EU,3.2
PR8 2EW,0.1
PR8 2EX,0.1
PR8 2EY,0.1
PR8 2EZ,3.2
PR8 2FA,3.2
PR8 2FB,0.1
PR8 2FY,0.1
PR8 2FZ,3.2
PR8 2GH,0.1
PR8 2HA,0.1
PR8 2HB,0.1
PR8 2HD,0.1
PR8 2HE,0.1
PR8 2HF,0.1
PR8 2HG,0.1
PR8 2HH,0.1
PR8 2HJ,0.1
PR8 2HL,0.1
PR8 2HN,0.1
PR8 2HP,0.1
PR8 2HQ,0.1
PR8 2HS,0.1
PR8 2HT,3.2
PR8 2HU,3.2
PR8 2HW,0.1
PR8 2HX,3.2
PR8 2HY,3.2
PR8 2HZ,3.2
PR8 2JA,3.2
PR8 2JB,3.2
PR8 2JD,0.1
PR8 2JE,3.2
PR8 2JF,3.2
PR8 2JG,0.1
PR8 2JH,0.1
PR8 2JJ,3.2
PR8 2JN,3.2
PR8 2JQ,0.1
PR8 2JR,3.2
PR8 2JS,3.2
PR8 2JT,3.2
PR8 2JU,3.2
PR8 2JW,3.2
PR8 2JX,0.1
PR8 2JZ,0.1
PR8 2LA,3.2
PR8 2LB,3.2
PR8 2LD,3.2
PR8 2LE,3.2
PR8 2LF,3.2
PR8 2LG,0.1
PR8 2LH,0.1
PR8 2LL,3.2
PR8 2LN,0.1
PR8 2LQ,3.2
PR8 2LR,0.1
PR8 2LS,0.1
PR8 2LT,0.1
PR8 2LU,0.1
PR8 1AA,1.1
PR8 1AA,1.1
PR8 1AD,1.1
PR8 1AD,1.1
PR8 1AE,1.1
PR8 1AE,1.1
PR8 1AF,1.1
PR8 1AF,1.1
PR8 1AG,1.1
PR8 1AG,1.1
PR8 1AH,1.1
PR8 1AH,1.1
PR8 1AL,1.1
PR8 1AL,1.1
PR8 1AN,1.1
PR8 1AN,1.1
PR8 1AP,1.1
PR8 1AP,1.1
PR8 1AQ,1.1
PR8 1AQ,1.1
PR8 1AS,1.1
PR8 1AS,1.1
PR8 2LW,0.1
PR8 2LX,0.1
PR8 2NA,0.1
PR8 2NB,0.1
PR8 2ND,0.1
PR8 2NE,0.1
PR8 2NF,0.1
PR8 2NG,0.1
PR8 2NH,0.1
PR8 2NJ,0.1
PR8 2NL,0.1
PR8 2NN,0.1
PR8 2NP,0.1
PR8 2NQ,0.1
PR8 2NR,0.1
PR8 2NS,0.1
PR8 2NU,3.2
PR8 2NW,0.1
PR8 2NX,0.1
PR8 2NY,3.3
PR8 2NZ,3.3
PR8 2PA,3.3
PR8 2PB,3.3
PR8 2PD,3.3
PR8 2PE,3.3
PR8 2PF,3.3
PR8 2PG,3.3
PR8 2PH,3.3
PR8 2PJ,3.3
PR8 2PN,3.3
PR8 2PP,0.1
PR8 2PQ,3.3
PR8 2PR,3.3
PR8 2PS,3.3
PR8 2PT,3.3
PR8 2PU,3.3
PR8 2PW,3.3
PR8 2PX,3.3
PR8 2PY,3.3
PR8 2PZ,3.3
PR8 2QA,3.3
PR8 2QB,3.3
PR8 2QE,3.3
PR8 2QF,3.3
PR8 2QG,3.3
PR8 2QH,3.3
PR8 2QJ,3.3
PR8 2QL,3.3
PR8 2QN,3.3
PR8 2QP,3.3
PR8 2QQ,3.3
PR8 2QR,3.3
PR8 2QS,3.3
PR8 2QT,3.3
PR8 2QU,3.3
PR8 2QW,3.3
PR8 2QX,3.3
PR8 2QY,3.3
PR8 2QZ,3.3
PR8 2RB,3.3
PR8 2RD,3.3
PR8 2RE,3.3
PR8 2RF,3.3
PR8 2RG,3.3
PR8 2RH,3.3
PR8 2RJ,3.3
PR8 2RL,3.3
PR8 2RN,3.3
PR8 2RP,3.3
PR8 2RR,3.3
PR8 2RS,3.3
PR8 2RT,3.3
PR8 2RU,3.3
PR8 2RW,3.3
PR8 2RX,3.3
PR8 2RY,3.3
PR8 2SA,0.1
PR8 2SB,3.3
PR8 2SD,3.3
PR8 1AU,1.1
PR8 1AW,1.1
PR8 1BD,1.1
PR8 1BE,1.1
PR8 1BE,1.1
PR8 1BH,1.1
PR8 1BH,1.1
PR8 1BL,1.1
PR8 1BL,1.1
PR8 1BN,1.1
PR8 1BN,1.1
PR8 1BT,1.1
PR8 1BT,1.1
PR8 1BW,1.1
PR8 1BX,1.1
PR8 1BX,1.1
PR8 1BZ,1.1
PR8 1BZ,1.1
PR8 1DA,1.1
PR8 1DA,1.1
PR8 1DB,1.1
PR8 1DB,1.1
PR8 1DF,1.1
PR8 1DF,1.1
PR8 1DG,1.1
PR8 1DH,1.1
PR8 1DH,1.1
PR8 1DJ,1.1
PR8 1DJ,1.1
PR8 1DL,1.1
PR8 1DL,1.1
PR8 1DN,1.1
PR8 1DN,1.1
PR8 1DQ,1.1
PR8 1DS,1.1
PR8 1DS,1.1
PR8 1DT,1.1
PR8 1DT,1.1
PR8 1DW,1.1
PR8 1DW,1.1
PR8 1DY,1.1
PR8 1DY,1.1
PR8 1EE,1.1
PR8 1EF,1.1
PR8 1EG,1.1
PR8 1EG,1.1
PR8 1EH,1.1
PR8 1EH,1.1
PR8 1EJ,1.1
PR8 1EJ,1.1
PR8 1EN,1.1
PR8 1EN,1.1
PR8 1EQ,1.1
PR8 1EQ,1.1
PR8 1ER,1.1
PR8 1ES,1.1
PR8 1ET,1.1
PR8 1ET,1.1
PR8 1EW,1.1
PR8 1EZ,1.1
PR8 1EZ,1.1
PR8 1GD,0.1
PR8 1HA,1.1
PR8 1HB,1.1
PR8 1HD,1.1
PR8 1HD,1.1
PR8 1HE,1.1
PR8 1HF,1.1
PR8 1HG,1.1
PR8 1HH,1.1
PR8 1HH,1.1
PR8 1HJ,1.1
PR8 1HJ,1.1
PR8 1HL,1.1
PR8 1HL,1.1
PR8 1HN,1.1
PR8 1HP,1.1
PR8 1HP,1.1
PR8 1HR,1.1
PR8 1HS,1.1
PR8 1HT,1.1
PR8 1HU,1.1
PR8 1HW,1.1
PR8 1HX,1.1
PR8 1HY,1.1
PR8 1HZ,1.1
PR8 1JA,1.1
PR8 1JB,1.1
PR8 1JD,0.1
PR8 1JE,1.1
PR8 1JF,1.1
PR8 1JH,1.1
PR8 1JJ,0.1
PR8 1JL,1.1
PR8 1JP,1.1
PR8 1JP,1.1
PR8 1JR,1.1
PR8 1JR,1.1
PR8 1JS,1.1
PR8 1JS,1.1
PR8 1JU,1.1
PR8 1JU,1.1
PR8 1JX,1.1
PR8 1JX,1.1
PR8 1JY,0.1
PR8 1JZ,1.1
PR8 1JZ,1.1
PR8 1LA,1.1
PR8 1LA,1.1
PR8 1LB,1.1
PR8 1LB,1.1
PR8 1LE,1.1
PR8 1LE,1.1
PR8 1LF,1.1
PR8 1LF,1.1
PR8 1LG,1.1
PR8 1LG,1.1
PR8 1LH,1.1
PR8 1LH,1.1
PR8 1LJ,1.1
PR8 1LJ,1.1
PR8 1LL,1.1
PR8 1LL,1.1
PR8 1LN,1.1
PR8 1LQ,1.1
PR8 1LR,1.1
PR8 1LR,1.1
PR8 1LS,1.1
PR8 1LU,0.1
PR8 1LW,0.1
PR8 1LX,0.1
PR8 1LY,0.1
PR8 1LZ,0.1
PR8 1NB,0.1
PR8 1ND,1.1
PR8 1ND,1.1
PR8 1NE,0.1
PR8 1NF,0.1
PR8 1NG,1.1
PR8 1NH,1.1
PR8 1NH,1.1
PR8 1NJ,1.1
PR8 1NJ,1.1
PR8 1NN,1.1
PR8 1NN,1.1
PR8 1NQ,1.1
PR8 1NT,1.1
PR8 1NT,1.1
PR8 1NW,1.1
PR8 1NW,1.1
PR8 1NY,1.1
PR8 1NY,1.1
PR8 1NZ,1.1
PR8 1NZ,1.1
PR8 1PD,1.1
PR8 1PD,1.1
PR8 1PE,1.1
PR8 1PE,1.1
PR8 1PF,1.1
PR8 1PF,1.1
PR8 1PG,1.1
PR8 1PG,1.1
PR8 1PQ,1.1
PR8 1PQ,1.1
PR8 1PU,1.1
PR8 1PU,1.1
PR8 1PW,1.1
PR8 1PW,1.1
PR8 1QB,1.1
PR8 1QB,1.1
PR8 1QD,1.1
PR8 1QD,1.1
PR8 1QE,1.1
PR8 1QE,1.1
PR8 1QF,1.1
PR8 1QJ,1.1
PR8 1QJ,1.1
PR8 1QN,1.1
PR8 1QN,1.1
PR8 1QR,1.1
PR8 1QR,1.1
PR8 1QS,1.1
PR8 1QS,1.1
PR8 1QU,1.1
PR8 1QU,1.1
PR8 1QW,1.1
PR8 1QW,1.1
PR8 1QX,1.1
PR8 1QX,1.1
PR8 1QY,1.1
PR8 1QY,1.1
PR8 1RB,1.1
PR8 1RB,1.1
PR8 1RD,1.1
PR8 1RD,1.1
PR8 1RE,1.1
PR8 1RE,1.1
PR8 1RF,1.1
PR8 1RF,1.1
PR8 1RH,1.1
PR8 1RH,1.1
PR8 1RN,1.1
PR8 1RN,1.1
PR8 1RP,1.1
PR8 1RP,1.1
PR8 1RR,0.1
PR8 1RS,0.1
PR8 1RT,0.1
PR8 1RU,0.1
PR8 1RX,0.1
PR8 1RY,1.2
PR8 1SA,1.2
PR8 1SB,1.1
PR8 1SB,1.1
PR8 1SE,1.1
PR8 1SE,1.1
PR8 1SN,1.1
PR8 1SN,1.1
PR8 1SP,1.1
PR8 1SP,1.1
PR8 1YB,0.1
PR8 2AA,0.1
PR8 2AB,0.1
PR8 2AD,3.2
PR8 2AE,0.1
PR8 2AF,0.1
PR8 2AG,0.1
PR8 2AH,3.2
PR8 2AJ,0.1
PR8 2AN,3.2
PR8 2AQ,3.2
PR8 2AR,0.1
PR8 2AS,3.2
PR8 2AT,3.2
PR8 2AU,3.2
PR8 2AW,3.2
PR8 2AX,3.2
PR8 2AY,3.2
PR8 2AZ,3.2
PR8 2BA,3.2
PR8 2BD,3.2
L9 8AY,0.1
L9 8AZ,0.1
L9 8BA,0.1
L9 8BB,0.1
L9 8BD,0.1
L9 8BE,0.1
L9 8BG,0.1
L9 8BH,0.1
L9 8BJ,0.1
L9 8BL,0.1
L9 8BN,0.1
L9 8BP,0.1
L9 8BQ,0.1
L9 8BR,0.1
L9 8BS,0.1
L9 8BT,0.1
L9 8BU,0.1
L9 8BX,1.1
L9 8BY,1.1
L9 8BZ,1.1
L9 8DA,0.1
L9 8DB,0.1
L9 8DD,0.1
L9 8DE,1.1
L9 8DF,1.1
L9 8DG,3.2
L9 8DH,1.1
L9 8DJ,3.2
L9 8DL,3.2
L9 8DN,3.2
L9 8DP,1.1
L9 8DQ,3.2
L9 8DR,1.1
L9 8DS,1.1
L9 8DT,1.1
L9 8DU,0.1
L9 8DW,3.2
L9 8DX,0.1
L9 8DY,1.1
L9 8DZ,1.1
L9 8EA,0.1
L9 8EB,0.1
L9 8ED,1.1
L9 8EE,1.1
L9 8EF,1.1
L9 8EG,1.1
L9 8EH,0.1
L9 8EP,0.1
L9 8EQ,0.1
L9 8ER,0.1
L9 8ES,0.1
L9 8ET,0.1
L9 8EU,0.1
L9 8EW,1.1
L9 8EX,0.1
L9 8EY,0.1
L9 8EZ,0.1
L9 8HA,0.1
L9 8HF,1.1
L9 8HG,1.1
L9 8HH,1.1
L9 8HJ,1.1
L9 8HP,1.1
L9 8HQ,1.1
L9 8HR,1.1
L9 8HS,0.1
L9 8HW,1.1
L9 8YX,1.1
L9 9AA,1.1
L9 9AD,1.1
L9 9AE,1.1
L9 9AF,1.1
L9 9AH,1.1
L9 9AJ,1.1
L9 9AL,1.1
L9 9AN,1.2
L9 9AP,1.1
L9 9AQ,1.1
L9 9AR,1.1
L9 9AS,1.1
L9 9AT,1.1
L9 9AU,1.1
L9 9AW,1.2
L9 9AX,1.1
L9 9AY,1.2
L9 9AZ,1.1
L9 9BA,1.2
L9 9BB,1.1
L9 9BD,1.2
L9 9BE,1.2
L9 9BG,1.1
L9 9BH,1.1
L9 9BJ,1.1
L9 9BL,1.2
L9 9BN,1.1
L9 9BP,1.1
L9 9BQ,1.1
L9 9BR,1.1
L9 9BS,1.2
L9 9BT,1.1
L9 9BU,1.1
L9 9BW,1.1
L9 9BX,1.1
L9 9BY,1.1
L9 9BZ,1.1
L9 9DA,1.1
L9 9DB,1.1
L9 9DD,1.2
L9 9DE,1.1
L9 9DF,1.1
L9 9DG,1.1
L9 9DH,1.1
L9 9DJ,1.1
L9 9DL,0.1
L9 9DN,1.1
L9 9DP,1.1
L9 9DQ,1.1
L9 9DR,1.1
L9 9DS,1.1
L9 9DT,1.1
L9 9DU,1.1
L9 9DW,1.1
L9 9DX,1.1
L9 9DY,0.1
L9 9DZ,0.1
L9 9EA,0.1
L9 9EB,0.1
L9 9ED,0.1
L9 9EE,1.1
L9 9EF,1.1
L9 9EG,1.1
L9 9EH,0.1
L9 9EN,1.1
L9 9EP,0.1
L9 9EQ,1.1
L9 9ES,1.1
L9 9ET,1.1
L9 9EW,1.1
L9 9EX,1.1
L9 9HA,1.1
L9 9HG,1.1
L9 9HH,1.1
L9 9HL,0.1
L9 9HN,1.1
L9 9HQ,1.1
L9 9HT,0.1
L9 9HU,0.1
L9 9HX,1.2
L9 9HY,0.1
L9 9HZ,0.1
L9 9JA,0.1
L9 9JB,0.1
L9 9JD,0.1
L9 9JE,0.1
L9 9JF,0.1
L9 3BY,1.1
L9 3BZ,1.1
L9 3DA,1.1
L9 3DB,0.1
L9 3DD,0.1
L9 3DF,0.1
L9 3DG,1.1
L9 3DN,1.1
L9 4GA,3.2
L9 4RA,1.1
L9 4RB,1.1
L9 4RD,1.1
L9 4RE,1.1
L9 4RF,1.1
L9 4RJ,1.1
L9 4RL,1.1
L9 4RN,1.1
L9 4RQ,1.1
L9 4RR,3.2
L9 4RS,1.1
L9 4RT,1.1
L9 4RU,1.1
L9 4RW,1.1
L9 4RX,1.1
L9 4RY,1.1
L9 4RZ,3.2
L9 4SA,3.2
L9 4SB,1.1
L9 4SD,3.2
L9 4SE,3.2
L9 4SF,3.2
L9 4SG,3.2
L9 4SH,3.2
L9 4SJ,3.2
L9 4SL,1.1
L9 4SN,1.1
L9 4SR,1.1
L9 4ST,1.1
L9 4SW,1.1
L9 5AA,3.2
L9 5AD,3.2
L9 5AE,3.2
L9 5AF,3.2
L9 5AH,3.2
L9 5AL,3.2
L9 5AN,3.2
L9 5AQ,3.2
L9 5AS,3.2
L9 5AT,3.2
L9 5AW,3.2
L9 5AY,3.2
L9 5BD,3.2
L9 5BE,3.2
L9 6AA,1.1
L9 6AB,1.1
L9 6AD,1.2
L9 6AE,1.1
L9 6AG,1.2
L9 6AH,1.1
L9 6AJ,1.1
L9 6AL,1.1
L9 6AN,1.1
L9 6AP,1.1
L9 6AQ,1.2
L9 6AR,1.1
L9 6AS,1.1
L9 6AT,1.1
L9 6AU,1.1
L9 6AW,1.1
L9 6AX,1.2
L9 6AY,1.1
L9 6AZ,1.2
L9 6BA,1.2
L9 6BB,1.2
L9 6BD,1.2
L9 6BE,1.2
L9 6BG,1.2
L9 6BJ,1.2
L9 6BL,1.2
L9 6BN,1.2
L9 6BP,1.2
L9 6BQ,1.2
L9 6BR,1.2
L9 6BT,1.2
L9 6BU,1.2
L9 6BW,1.2
L9 6BX,1.2
L9 6BY,1.2
L9 6BZ,1.2
L9 6DA,1.2
L9 6DB,1.2
L9 6DG,1.2
L9 6DH,1.2
L9 6DJ,1.2
L9 6DL,1.2
L9 6DN,1.2
L9 6DP,1.2
L9 6DQ,1.2
L9 6DR,1.2
L9 6DS,1.2
L9 6DT,1.2
L9 6DX,1.1
L9 6DZ,1.1
L9 6EB,1.2
L9 6ED,1.2
L9 6EE,1.2
L9 6EF,1.2
L9 6EG,1.2
L9 6EL,1.2
L9 6EN,1.2
L9 6EP,1.1
L9 6GA,1.1
L9 6GB,1.1
L9 6GD,1.1
L9 6GE,1.1
L9 6GF,1.1
L9 7AA,1.2
L9 7AB,1.2
L9 7AD,1.1
L9 7AE,1.2
L9 7AH,1.1
L9 7AJ,1.2
L9 7AL,1.2
L9 7AN,1.2
L9 7AQ,1.1
L9 7AR,1.2
L9 7AS,1.2
L9 7AT,1.2
L9 7AU,1.1
L9 7BG,1.2
L9 7BN,1.1
L9 7BP,1.2
L9 7BQ,1.1
L9 7DB,1.1
L9 7DT,1.2
L9 7EL,1.1
L9 7ES,1.1
L9 7ET,1.1
L9 7HA,1.2
L9 7HJ,1.2
L9 7JN,1.2
L9 7JU,1.1
L9 7LA,1.1
L9 7LD,1.1
L9 7LF,1.1
L9 7LG,1.1
L9 7LH,1.2
L9 7LJ,1.2
L9 7LN,1.1
L9 7LQ,1.1
L9 7LT,1.1
L9 7LU,1.1
L9 7LX,1.1
L9 7LZ,1.1
L9 1AG,1.1
L9 1AJ,1.1
L9 1AL,1.1
L9 1AN,1.1
L9 1AQ,1.1
L9 1AS,1.1
L9 1AT,1.1
L9 1AU,1.1
L9 1AW,1.1
L9 1AX,1.1
L9 1AY,1.1
L9 1BG,1.1
L9 1BH,1.1
L9 1BJ,1.1
L9 1BN,1.1
L9 1BP,1.1
L9 1BQ,1.1
L9 1BS,1.1
L9 1BT,1.1
L9 1BU,1.1
L9 1BW,1.1
L9 1BX,1.1
L9 1BY,1.1
L9 1BZ,1.1
L9 1DA,1.1
L9 1DB,1.1
L9 1DD,1.1
L9 1DG,1.1
L9 1DJ,1.1
L9 1DL,1.1
L9 1DP,1.1
L9 1DX,1.1
L9 1DY,1.1
L9 1DZ,1.1
L9 1EA,1.1
L9 1EB,1.1
L9 1ED,1.1
L9 1EE,1.1
L9 1EF,1.1
L9 1EG,1.1
L9 1EH,1.1
L9 1EJ,1.1
L9 1EL,1.1
L9 1EN,1.1
L9 1EP,1.1
L9 1EQ,1.1
L9 1ER,1.1
L9 1ES,1.1
L9 1EW,1.1
L9 1EX,1.1
L9 1EY,1.1
L9 1EZ,1.1
L9 1FB,1.1
L9 1GA,0.1
L9 1HB,1.1
L9 1HF,1.1
L9 1HG,1.1
L9 1HH,1.1
L9 1HJ,1.1
L9 1HL,1.1
L9 1HN,1.1
L9 1HQ,1.1
L9 1HU,1.1
L9 1HW,1.1
L9 1HX,1.1
L9 1HY,1.1
L9 1HZ,1.1
L9 1JA,1.1
L9 1JB,1.1
L9 1JD,1.1
L9 1JE,1.1
L9 1JF,1.1
L9 1JG,1.1
L9 1JH,1.1
L9 1JJ,1.1
L9 1JL,1.1
L9 1JN,1.1
L9 1JP,1.1
L9 1JQ,1.1
L9 1JR,1.1
L9 1JS,1.1
L9 1JT,1.1
L9 1JU,1.1
L9 8AA,0.1
L9 8AB,0.1
L9 8AD,0.1
L9 8AE,0.1
L9 8AG,0.1
L9 8AJ,0.1
L9 8AL,1.1
L9 8AN,0.1
L9 8AP,1.1
L9 8AQ,0.1
L9 8AS,1.1
L9 8AT,0.1
L9 8AU,0.1
L9 8AW,0.1
L9 8AX,0.1
L9 1JW,1.1
L9 1JX,1.1
L9 1JY,1.1
L9 1JZ,1.1
L9 1LA,1.1
L9 1LB,1.1
L9 1LD,1.1
L9 1LE,1.1
L9 1LF,1.1
L9 1LG,1.1
L9 1LJ,1.1
L9 1LR,1.1
L9 1LS,1.1
L9 1NB,1.1
L9 1NE,1.1
L9 1NL,1.1
L9 1NR,1.1
L9 2AA,1.1
L9 2AB,1.1
L9 2AD,1.1
L9 2AE,1.1
L9 2AF,1.1
L9 2AG,1.1
L9 2AH,1.1
L9 2AJ,1.1
L9 2AL,1.1
L9 2AN,1.1
L9 2AP,1.1
L9 2AR,1.1
L9 2AS,1.1
L9 2AT,1.1
L9 2AU,1.1
L9 2AW,1.1
L9 2AX,1.1
L9 2AY,1.1
L9 2AZ,1.1
L9 2BA,1.1
L9 2BB,1.1
L9 2BD,1.1
L9 2BE,1.1
L9 2BG,1.1
L9 2BH,1.1
L9 2BJ,1.1
L9 2BL,1.1
L9 2BP,1.1
L9 2BQ,1.1
L9 2BR,1.1
L9 2BS,1.1
L9 2BT,1.1
L9 2BU,1.1
L9 2BW,1.1
L9 2BX,1.1
L9 2BY,1.1
L9 2DA,1.1
L9 2DB,1.1
L9 2DD,1.1
L9 2DE,1.1
L9 2DF,1.1
L9 2DG,1.1
L9 2DJ,1.1
L9 2DP,1.1
L9 2DR,1.1
L9 2DT,1.1
L9 3AA,0.1
L9 3AB,0.1
L9 3AD,0.1
L9 3AE,1.1
L9 3AF,1.1
L9 3AG,0.1
L9 3AH,0.1
L9 3AJ,0.1
L9 3AL,1.1
L9 3AN,0.1
L9 3AP,0.1
L9 3AQ,0.1
L9 3AR,0.1
L9 3AS,0.1
L9 3AT,0.1
L9 3AU,0.1
L9 3AW,0.1
L9 3AX,0.1
L9 3AY,0.1
L9 3AZ,0.1
L9 3BA,0.1
L9 3BB,0.1
L9 3BD,0.1
L9 3BE,0.1
L9 3BG,0.1
L9 3BH,0.1
L9 3BJ,0.1
L9 3BL,0.1
L8 8EH,1.1
L8 8EN,1.2
L8 8EQ,1.1
L8 8EY,1.1
L8 8EZ,1.1
L8 8HD,1.1
L8 8HE,1.1
L8 8HG,1.1
L8 8HL,1.2
L8 8HN,1.1
L8 8HQ,1.1
L8 8HT,1.1
L8 8HU,1.1
L8 8HW,1.1
L8 8HX,1.1
L8 8HY,1.1
L8 8HZ,1.1
L8 8JA,1.1
L8 8JD,1.1
L8 8JE,1.2
L8 8JN,1.1
L8 8JT,1.1
L8 8JW,1.2
L8 8JY,1.1
L8 8JZ,1.1
L8 8LA,1.1
L8 8LB,1.1
L8 8LD,1.1
L8 8LF,1.1
L8 8LG,1.1
L8 8LH,1.2
L8 8LJ,1.2
L8 8LL,1.1
L8 8LN,1.1
L8 8LQ,1.1
L8 8LR,1.1
L8 8LS,1.1
L8 8LT,1.1
L8 8LU,1.1
L8 8LX,1.2
L8 8LY,1.1
L8 8ND,1.2
L8 8NE,1.2
L8 8NF,1.1
L8 9RE,1.1
L8 9RF,0.2
L8 9RL,0.2
L8 9RN,0.2
L8 9RP,0.2
L8 9RR,1.1
L8 9RS,0.2
L8 9RT,0.2
L8 9RU,0.2
L8 9RW,0.2
L8 9RX,1.1
L8 9RY,1.1
L8 9RZ,1.1
L8 9SA,0.2
L8 9SB,0.2
L8 9SD,0.2
L8 9SH,0.2
L8 9SJ,0.2
L8 9SN,1.1
L8 9SP,1.1
L8 9SR,1.1
L8 9SS,1.1
L8 9ST,1.1
L8 9SU,0.2
L8 9SX,1.1
L8 9TA,1.1
L8 9TB,1.1
L8 9TD,1.1
L8 9TH,1.1
L8 9TJ,1.1
L8 9UB,1.1
L8 9UN,1.1
L8 9UR,1.1
L8 9US,1.1
L8 9UU,1.1
L8 9UX,1.1
L8 9XD,1.1
L8 9XP,1.1
L8 9XS,1.1
L8 9XT,1.1
L8 9XU,1.1
L8 9XX,1.1
L8 9XY,1.1
L8 9XZ,1.1
L8 9YA,1.1
L8 9YB,1.1
L8 9YD,1.1
L9 3BN,0.1
L9 3BP,0.1
L9 3BQ,0.1
L9 3BR,0.1
L9 3BS,0.1
L9 3BT,1.1
L9 3BU,1.1
L9 3BW,0.1
L9 3BX,1.1
L8 9YE,1.1
L8 9YG,1.1
L8 9ZA,1.1
L8 9ZB,1.1
L8 9ZD,0.2
L9 0EA,1.1
L9 0ED,1.2
L9 0EF,1.1
L9 0EG,1.1
L9 0EJ,1.2
L9 0EL,1.2
L9 0EN,1.1
L9 0EP,1.1
L9 0ER,1.1
L9 0ES,0.1
L9 0ET,1.1
L9 0EU,1.1
L9 0EW,1.1
L9 0EX,1.1
L9 0EY,1.2
L9 0EZ,1.2
L9 0HA,0.1
L9 0HB,0.1
L9 0HD,0.1
L9 0HE,1.1
L9 0HF,1.1
L9 0HG,1.1
L9 0HH,1.1
L9 0HJ,1.2
L9 0HL,1.2
L9 0HN,1.2
L9 0HQ,1.2
L9 0HR,1.2
L9 0HT,1.2
L9 0HU,3.2
L9 0HX,3.2
L9 0HY,0.1
L9 0HZ,3.2
L9 0JB,3.2
L9 0JD,0.1
L9 0JE,0.1
L9 0JF,0.1
L9 0JH,1.2
L9 0JJ,0.1
L9 0JL,0.1
L9 0JN,0.1
L9 0JP,0.1
L9 0JQ,0.1
L9 0JR,0.1
L9 0JS,0.1
L9 0JT,0.1
L9 0JU,0.1
L9 0JW,0.1
L9 0JX,0.1
L9 0JY,0.1
L9 0JZ,0.1
L9 0LA,0.1
L9 0LB,0.1
L9 0LD,3.2
L9 0LE,3.2
L9 0LF,0.1
L9 0LG,0.1
L9 0LH,0.1
L9 0LJ,0.1
L9 0LL,3.2
L9 0LN,3.2
L9 0LP,3.2
L9 0LQ,0.1
L9 0LR,3.2
L9 0LS,3.2
L9 0LT,0.1
L9 0LU,0.1
L9 0LW,3.2
L9 0LX,3.2
L9 0LY,3.2
L9 0NA,0.1
L9 0NB,0.1
L9 0ND,0.1
L9 0NE,0.1
L9 0NF,0.1
L9 0NG,1.2
L9 0NL,0.1
L9 0NQ,0.1
L9 0NT,0.1
L9 0NU,0.1
L9 0NW,0.1
L9 0NX,0.1
L9 0NY,0.1
L9 0NZ,0.1
L9 0PA,0.1
L9 0PF,3.2
L9 0PG,3.2
L9 1AA,1.1
L9 1AB,1.1
L9 1AD,1.1
L8 5XE,1.2
L8 5XF,1.2
L8 5XG,1.2
L8 5XH,1.1
L8 5XJ,1.1
L8 5XJ,1.1
L8 5XL,1.2
L8 5XP,1.2
L8 5XQ,1.2
L8 5XU,1.1
L8 5XU,1.1
L8 5XW,1.1
L8 5XX,1.1
L8 6PA,1.1
L8 6PB,1.1
L8 6PZ,1.1
L8 6QB,1.1
L8 6QE,1.1
L8 6QF,1.1
L8 6QH,1.1
L8 6QL,1.1
L8 6QN,1.1
L8 6QP,1.1
L8 6QR,1.1
L8 6QW,1.1
L8 6RB,1.1
L8 6RD,1.1
L8 6RE,0.2
L8 6RG,1.1
L8 6RN,0.2
L8 6RQ,1.1
L8 6RT,1.1
L8 6RU,0.2
L8 6RW,0.2
L8 6RX,0.2
L8 6RY,0.2
L8 6SE,1.1
L8 6SH,1.1
L8 6SJ,1.1
L8 6SL,1.1
L8 6SN,1.1
L8 6SR,1.1
L8 6SS,1.1
L8 6SX,1.1
L8 6SY,1.1
L8 6TA,1.1
L8 6TG,1.2
L8 6TN,1.2
L8 6TP,1.1
L8 6TQ,1.2
L8 6TR,1.2
L8 6TS,1.2
L8 6TT,1.2
L8 6TW,1.2
L8 6TX,1.2
L8 6UA,1.1
L8 6UD,1.2
L8 6UG,1.2
L8 6UH,1.2
L8 6UJ,1.1
L8 6UL,1.1
L8 6UN,1.2
L8 6UR,1.1
L8 6UT,1.2
L8 6UW,1.1
L8 6UY,1.1
L8 6UZ,1.1
L8 6XA,1.2
L8 6XB,1.2
L8 6XD,1.1
L8 6XE,1.2
L8 6XF,1.1
L8 6XG,1.1
L8 6XH,1.1
L8 6XN,1.1
L8 6XP,0.2
L8 6XR,1.1
L8 6XW,1.1
L8 7BA,1.1
L8 7BB,1.1
L8 7BD,1.1
L8 7BE,1.1
L8 7GA,1.1
L8 7JU,1.1
L8 7JX,1.1
L8 7JY,1.2
L8 7JZ,1.1
L8 7LA,1.1
L8 7LB,1.1
L8 7LD,1.1
L8 7LF,1.2
L8 7LG,1.2
L8 7LH,1.1
L8 7LL,1.2
L8 7LN,1.1
L9 1AF,1.1
L8 2XG,1.2
L8 2XH,1.1
L8 2XP,1.1
L8 2XQ,1.2
L8 2XS,1.1
L8 7LP,1.1
L8 7LQ,1.2
L8 7LR,1.1
L8 7LS,1.1
L8 7LT,1.1
L8 7LU,1.1
L8 7LW,1.1
L8 7LX,1.1
L8 7LY,1.1
L8 7NA,1.1
L8 7NB,1.1
L8 7NE,1.1
L8 7NG,1.1
L8 7NH,1.1
L8 7NL,1.1
L8 7NN,1.1
L8 7NP,1.1
L8 7NR,1.1
L8 7NS,1.1
L8 7NT,1.1
L8 7NU,1.1
L8 7NW,1.1
L8 7NY,1.1
L8 7NZ,1.1
L8 7PA,1.1
L8 7PB,1.1
L8 7PE,1.1
L8 7PH,1.1
L8 7PJ,1.1
L8 7PL,1.1
L8 7PP,1.1
L8 7PQ,1.1
L8 7PU,1.1
L8 7PZ,1.1
L8 7QA,1.1
L8 7QE,1.1
L8 7QL,1.1
L8 7RF,1.1
L8 7SF,1.1
L8 7SP,1.1
L8 7SQ,1.1
L8 7SR,1.1
L8 7SS,1.1
L8 7ST,1.1
L8 7SU,1.1
L8 7SW,1.1
L8 7SY,1.2
L8 7SZ,1.1
L8 7TA,1.1
L8 8AD,1.2
L8 8AE,1.1
L8 8AF,1.2
L8 8AG,1.1
L8 8AH,1.2
L8 8AJ,1.2
L8 8AL,1.2
L8 8AN,1.1
L8 8AP,1.2
L8 8AQ,1.1
L8 8AT,1.1
L8 8AW,1.1
L8 8AY,1.1
L8 8AZ,1.1
L8 8BG,1.1
L8 8BH,1.1
L8 8BJ,1.1
L8 8BL,1.1
L8 8BN,1.1
L8 8BQ,1.1
L8 8BR,1.1
L8 8BS,1.1
L8 8BT,1.1
L8 8BU,1.1
L8 8BW,1.1
L8 8BX,1.1
L8 8DA,1.1
L8 8DB,1.1
L8 8DD,1.1
L8 8DE,1.2
L8 8DH,1.1
L8 8DJ,1.1
L8 8DL,1.1
L8 8DN,1.2
L8 8DX,1.1
L8 8EF,1.1
L8 8EG,1.1
L8 2XU,1.1
L8 2XW,1.1
L8 2XX,1.1
L8 2XY,1.1
L8 2YA,1.1
L8 2YB,1.1
L8 2YD,1.1
L8 2YE,1.1
L8 2YF,1.1
L8 2YG,1.1
L8 3RZ,1.1
L8 3SA,1.1
L8 3SB,1.1
L8 3SD,1.1
L8 3SE,1.1
L8 3SF,1.1
L8 3SG,1.1
L8 3SH,1.1
L8 3SJ,1.1
L8 3SL,1.1
L8 3SN,1.1
L8 3SP,1.1
L8 3SQ,1.1
L8 3SR,1.1
L8 3SS,1.1
L8 3SU,1.1
L8 3SX,1.1
L8 3SY,1.1
L8 3SZ,1.1
L8 3TA,1.1
L8 3TB,1.1
L8 3TD,1.1
L8 3TE,1.1
L8 3TF,1.1
L8 3TG,1.1
L8 3TH,1.1
L8 3TJ,1.1
L8 3TL,1.1
L8 3TN,1.1
L8 3TP,1.1
L8 3TQ,1.1
L8 3TW,1.1
L8 3TX,1.1
L8 3TY,1.1
L8 3TZ,1.1
L8 3UE,1.1
L8 3UF,1.1
L8 3UG,1.1
L8 3UJ,1.1
L8 3UQ,1.1
L8 3UR,1.1
L8 3US,1.1
L8 4AB,1.1
L8 4BP,1.1
L8 4BX,0.2
L8 4PB,1.1
L8 4PF,1.1
L8 4PL,1.1
L8 4PN,1.1
L8 4PW,1.1
L8 4PX,1.1
L8 4QL,1.1
L8 4QN,1.1
L8 4QQ,1.1
L8 4QR,1.1
L8 4QU,1.1
L8 4QX,1.1
L8 4QY,1.1
L8 4RB,1.1
L8 4RD,1.1
L8 4RF,1.1
L8 4RG,1.1
L8 4RN,1.1
L8 4RP,1.1
L8 4RR,1.1
L8 4RS,1.1
L8 4RT,1.1
L8 4RU,1.1
L8 4RX,1.1
L8 4SA,1.1
L8 4SB,1.1
L8 4SF,1.1
L8 4SG,1.1
L8 4SN,1.1
L8 4SQ,1.1
L8 4SS,1.1
L8 4SW,1.1
L8 4SY,1.1
L8 4SZ,1.1
L8 4TD,1.1
L8 4TF,1.1
L8 4TG,1.1
L8 4TH,1.1
L8 4TJ,1.1
L8 4TL,1.1
L75 1EE,1.2
L75 1EU,0.2
L75 1HP,1.1
L75 1HR,1.1
L75 1HS,1.1
L75 1HT,1.1
L75 1HU,1.1
L75 1HW,1.1
L75 1HX,1.1
L75 1HY,1.1
L8 4TN,1.1
L8 4TQ,1.1
L8 4TW,1.1
L8 4TX,1.1
L8 4UA,1.1
L8 4UB,1.1
L8 4UD,1.1
L8 4UE,1.1
L8 4UG,1.1
L8 4UH,1.1
L8 4UN,1.1
L8 4UP,1.1
L8 4UR,1.1
L8 4UT,1.1
L8 4UX,1.1
L8 4UY,1.1
L8 4XE,1.1
L8 4XF,1.1
L8 4XH,1.1
L8 4XJ,1.1
L8 4XL,1.1
L8 4XN,1.1
L8 4XP,1.1
L8 4XR,1.1
L8 4XT,1.1
L8 4XW,1.1
L8 4XX,1.1
L8 4YB,1.1
L8 4YD,1.1
L8 4YE,1.1
L8 4YF,1.1
L8 4YG,1.1
L8 4YH,1.1
L8 4YJ,1.1
L8 4YL,1.1
L8 4YN,1.1
L8 4YP,1.1
L8 4YQ,1.1
L8 4YR,1.1
L8 4YS,1.1
L8 4YT,1.1
L8 4YU,1.1
L8 4YW,1.1
L8 5RA,1.1
L8 5RD,1.1
L8 5RE,1.1
L8 5RE,1.1
L8 5RF,1.2
L8 5RH,1.1
L8 5RH,1.1
L8 5RJ,1.1
L8 5RJ,1.1
L8 5RL,1.2
L8 5RN,1.1
L8 5RN,1.1
L8 5RQ,1.2
L8 5RS,0.2
L8 5RU,1.1
L8 5RU,1.1
L8 5RW,1.1
L8 5RW,1.1
L8 5RX,0.2
L8 5SD,1.2
L8 5SE,1.1
L8 5SF,1.2
L8 5SG,1.2
L8 5SL,1.2
L8 5SN,0.2
L8 5SX,1.2
L8 5SY,1.2
L8 5TA,1.1
L8 5TB,1.1
L8 5TD,1.1
L8 5TH,0.2
L8 5TJ,1.1
L8 5TL,1.1
L8 5TN,1.1
L8 5TP,1.1
L8 5TR,1.1
L8 5TS,1.1
L8 5TW,1.1
L8 5UA,1.1
L8 5UB,1.1
L8 5UL,1.1
L8 5UL,1.1
L8 5UN,1.2
L8 5UR,1.1
L8 5US,1.1
L8 5UT,1.1
L8 5UW,1.2
L8 5UX,1.1
L8 5UY,1.1
L75 1XA,0.2
L75 1ZX,1.2
L75 1ZY,0.2
L75 2BB,1.1
L75 2DD,1.1
L75 2EE,1.1
L75 2GG,1.1
L75 2LL,1.1
L75 2PR,1.1
L75 2TT,1.1
L75 2YY,1.1
L8 0HA,1.2
L8 0PA,1.2
L8 0PY,1.1
L8 0PZ,1.2
L8 0QB,1.1
L8 0QD,1.1
L8 0QE,1.1
L8 0QF,1.2
L8 0QG,1.1
L8 0QH,1.1
L8 0QL,1.1
L8 0QN,1.2
L8 0QP,1.1
L8 0QQ,1.2
L8 0QR,1.1
L8 0QS,1.1
L8 0QT,1.1
L8 0QU,1.1
L8 0QW,1.2
L8 0QX,1.1
L8 0QY,1.1
L8 0QZ,1.1
L8 0RA,1.1
L8 0RB,1.1
L8 0RD,1.1
L8 0RE,1.1
L8 0RF,1.1
L8 0RG,1.1
L8 0RH,1.1
L8 0RJ,1.1
L8 0RL,1.2
L8 0RN,1.1
L8 0RP,1.1
L8 0RQ,1.1
L8 0RR,1.1
L8 0RS,1.2
L8 0RT,1.2
L8 0RU,1.1
L8 0RW,1.1
L8 0RX,1.1
L8 0RY,1.2
L8 0RZ,1.2
L8 0SA,1.2
L8 0SD,1.1
L8 0SE,1.2
L8 0SF,1.1
L8 0SG,1.1
L8 0SH,1.1
L8 0SJ,1.2
L8 0SL,1.2
L8 0SN,1.2
L8 0SP,1.2
L8 0SQ,1.2
L8 0SR,1.2
L8 0ST,1.2
L8 0SU,1.2
L8 0SW,1.2
L8 0SX,1.1
L8 0SY,1.2
L8 0SZ,1.1
L8 0TA,1.2
L8 0TB,1.2
L8 0TD,1.2
L8 0TH,1.2
L8 0TJ,1.1
L8 0TL,1.2
L8 0TN,1.2
L8 0TP,1.2
L8 0TU,1.2
L8 0TW,1.2
L8 0TX,1.2
L8 0TY,1.2
L8 0TZ,1.2
L8 0UE,1.2
L8 0UF,1.2
L8 0UG,1.2
L8 0UJ,1.1
L8 0UN,1.2
L8 0UQ,1.2
L8 0UR,1.1
L8 0UT,1.1
L8 0UW,1.2
L8 0UX,1.1
L8 0UZ,1.1
L8 0WN,1.1
L8 0XA,1.1
L7 8XP,1.1
L7 8XW,1.1
L7 8YE,1.1
L7 9LA,1.1
L7 9LB,1.1
L7 9LD,1.1
L7 9LE,1.1
L7 9LF,1.1
L7 9LG,1.1
L7 9LH,1.1
L7 9LN,1.1
L7 9LP,1.1
L7 9LQ,1.1
L7 9LR,1.1
L7 9LS,1.1
L7 9LT,1.1
L7 9LU,1.1
L7 9LX,1.1
L7 9LY,1.1
L8 0XF,1.1
L8 0XJ,1.2
L8 0XP,1.1
L8 0XS,1.2
L8 0XT,1.2
L8 0XU,1.2
L8 0XX,1.2
L8 0XY,1.2
L8 0XZ,1.2
L8 0YA,1.2
L8 0YB,1.2
L8 0YD,1.1
L8 0YE,1.1
L8 0YF,1.1
L8 0YG,1.1
L8 0YH,1.1
L8 0YQ,1.1
L8 1ST,1.2
L8 1SU,1.2
L8 1SX,1.2
L8 1SY,1.2
L8 1TD,1.1
L8 1TD,1.1
L8 1TE,1.1
L8 1TE,1.1
L8 1TG,1.2
L8 1TH,1.2
L8 1TL,1.2
L8 1TN,1.2
L8 1TP,1.2
L8 1TS,1.2
L8 1TX,1.2
L8 1UJ,1.1
L8 1UL,1.2
L8 1UN,1.2
L8 1UW,1.1
L8 1UW,1.1
L8 1UY,1.1
L8 1UY,1.1
L8 1XB,1.2
L8 1XE,1.2
L8 1XF,1.1
L8 1XF,1.1
L8 1XH,1.2
L8 1XN,1.2
L8 1XY,1.2
L8 1YB,1.1
L8 1YD,1.1
L8 1YE,1.1
L8 1YP,1.1
L8 1YQ,1.1
L8 1YR,1.2
L8 1YS,1.2
L8 1YT,1.2
L8 1YU,1.1
L8 1YW,1.1
L8 1YX,1.1
L8 1YY,1.1
L8 1YY,1.1
L8 2TA,1.1
L8 2TB,1.2
L8 2TD,1.1
L8 2TF,1.1
L8 2TG,1.1
L8 2TJ,1.1
L8 2TN,1.1
L8 2TU,1.1
L8 2TX,1.1
L8 2TY,1.2
L8 2UA,1.2
L8 2UF,1.2
L8 2UL,1.1
L8 2UN,1.1
L8 2UP,1.1
L8 2UQ,1.2
L8 2UR,1.1
L8 2US,1.1
L8 2UU,1.1
L8 2UW,1.2
L8 2UX,1.2
L8 2UY,1.1
L8 2XA,1.2
L8 2XD,1.1
L7 9LZ,1.1
L7 9NA,1.1
L7 9NB,1.1
L7 9NE,1.1
L7 9NF,1.1
L7 9NG,1.1
L7 9NJ,1.1
L7 9PA,1.1
L7 9PE,1.1
L7 9PF,1.1
L7 9PG,1.1
L7 9PL,1.1
L7 9PQ,1.1
L7 9PT,1.1
L7 9QA,1.1
L70 1AB,1.1
L70 1AD,0.2
L70 1AN,0.2
L70 1AN,0.2
L70 1AN,0.2
L70 1AN,0.2
L70 1DX,0.2
L70 1DX,0.2
L70 1DX,0.2
L70 1DX,0.2
L70 1EY,0.2
L70 1JL,3.2
L70 1NQ,0.2
L70 1PU,0.2
L70 1ZT,0.2
L70 2QA,1.2
L70 2QG,0.2
L70 2QH,0.2
L70 2UD,1.2
L70 8AZ,0.2
L70 9AB,0.2
L71 2AA,1.1
L71 2AB,1.1
L71 2AE,1.1
L71 2AG,1.1
L71 2AH,1.1
L71 2AJ,1.1
L71 2AZ,1.1
L71 2AZ,1.1
L71 2LA,1.1
L71 2LB,0.2
L71 2PA,0.2
L71 2WF,0.2
L71 2WW,0.2
L71 2WX,0.2
L72 0AD,1.2
L72 0AY,1.2
L72 0GU,1.2
L72 0HE,1.2
L7 4LF,1.1
L7 4LF,1.1
L7 4LF,1.1
L7 4LF,1.1
L7 4LG,1.1
L7 4LG,1.1
L7 4LG,1.1
L7 4LG,1.1
L7 4LH,1.1
L7 4LH,1.1
L7 4LH,1.1
L7 4LH,1.1
L7 4LN,1.1
L7 4LN,1.1
L7 4LN,1.1
L7 4LN,1.1
L7 4LQ,1.1
L7 4LQ,1.1
L7 4LQ,1.1
L7 4LQ,1.1
L7 4LW,1.1
L7 4LW,1.1
L7 4LW,1.1
L7 4LW,1.1
L7 5DA,1.1
L7 5DB,1.1
L7 5LZ,1.1
L7 5LZ,1.1
L7 5LZ,1.1
L7 5LZ,1.1
L7 5NA,1.1
L7 5ND,1.1
L7 5NF,1.1
L7 5NG,1.1
L7 5NH,1.1
L7 5NZ,1.1
L7 5PN,1.1
L7 5PX,1.1
L7 5PY,1.1
L7 5PZ,1.1
L7 5QB,1.1
L7 5QD,1.1
L7 5QE,1.1
L7 5QF,1.1
L7 5QG,1.1
L7 5QH,1.1
L72 0WA,1.2
L72 1AD,1.2
L72 1AY,1.2
L72 1GU,1.2
L72 1HE,1.2
L72 1LA,1.2
L72 1LB,1.2
L72 1LD,1.2
L72 1LE,1.2
L72 1LF,1.2
L72 1LG,1.2
L72 1LH,1.2
L72 1LJ,1.2
L72 1LL,1.2
L72 1LN,1.2
L72 1LR,1.2
L72 1WA,1.2
L72 8AD,0.1
L72 8AY,0.1
L72 8GU,1.2
L72 8HE,0.1
L72 8LA,1.2
L72 8LB,1.2
L72 8LD,1.2
L72 8LE,1.2
L72 8LF,1.2
L72 8LH,1.2
L72 8LP,1.2
L72 8WA,0.1
L74 4AA,0.2
L74 4AB,0.2
L74 4AD,0.2
L74 4AE,0.2
L74 4AF,0.2
L74 4AH,0.2
L74 4AJ,0.2
L74 4AL,0.2
L74 4AN,0.2
L74 4AP,0.2
L74 4AQ,0.2
L74 4AR,0.2
L74 4AS,0.2
L74 4AT,0.2
L74 4AU,0.2
L74 4AW,0.2
L74 4AX,0.2
L74 4AY,0.2
L74 4AZ,0.2
L74 4BA,0.2
L74 4BB,0.2
L74 4BD,0.2
L74 4BE,0.2
L74 4BF,0.2
L74 4BG,0.2
L75 1AX,1.2
L75 1AY,1.2
L75 1BB,1.1
L7 5QN,1.1
L7 5QP,1.1
L7 5QQ,1.1
L7 5QR,1.1
L7 5QS,1.1
L7 5QT,1.1
L7 5QU,1.1
L7 5QW,1.1
L7 5QX,1.1
L7 5QY,1.1
L7 5QZ,1.1
L7 5WA,1.1
L7 6AA,1.1
L7 6AA,1.1
L7 6AA,1.1
L7 6AA,1.1
L7 6AB,1.1
L7 6AB,1.1
L7 6AB,1.1
L7 6AB,1.1
L7 6AD,1.1
L7 6AD,1.1
L7 6AD,1.1
L7 6AD,1.1
L7 6AE,1.1
L7 6AE,1.1
L7 6AE,1.1
L7 6AE,1.1
L7 6AF,1.1
L7 6AF,1.1
L7 6AF,1.1
L7 6AF,1.1
L7 6AG,1.1
L7 6AG,1.1
L7 6AG,1.1
L7 6AG,1.1
L7 6AH,1.1
L7 6AH,1.1
L7 6AH,1.1
L7 6AH,1.1
L7 6AJ,1.1
L7 6AJ,1.1
L7 6AJ,1.1
L7 6AJ,1.1
L7 6AQ,1.1
L7 6AQ,1.1
L7 6AQ,1.1
L7 6AQ,1.1
L7 6AT,1.1
L7 6AT,1.1
L7 6AT,1.1
L7 6AT,1.1
L7 6AU,1.1
L7 6AU,1.1
L7 6AU,1.1
L7 6AU,1.1
L7 6GA,1.1
L7 6HA,1.1
L7 6HA,1.1
L7 6HA,1.1
L7 6HA,1.1
L7 6HB,1.1
L7 6HB,1.1
L7 6HB,1.1
L7 6HB,1.1
L7 6HD,1.1
L7 6HD,1.1
L7 6HD,1.1
L7 6HD,1.1
L7 6HE,1.1
L7 6HE,1.1
L7 6HE,1.1
L7 6HE,1.1
L7 6HF,1.1
L7 6HF,1.1
L7 6HF,1.1
L7 6HF,1.1
L7 6HG,1.1
L7 6HG,1.1
L7 6HG,1.1
L7 6HG,1.1
L7 6HH,1.1
L7 6HH,1.1
L7 6HH,1.1
L7 6HH,1.1
L7 6HL,1.1
L7 6HL,1.1
L7 6HL,1.1
L7 6HL,1.1
L7 6HQ,1.1
L7 6HQ,1.1
L7 6HQ,1.1
L7 6HQ,1.1
L7 6HY,1.1
L7 6HY,1.1
L7 6HY,1.1
L7 6HY,1.1
L7 6JH,1.1
L7 6JH,1.1
L7 6JH,1.1
L7 6JH,1.1
L7 6JP,1.1
L7 6JP,1.1
L7 6JP,1.1
L7 6JP,1.1
L7 6JS,1.1
L7 6JS,1.1
L7 6JS,1.1
L7 6JS,1.1
L7 6JY,1.1
L7 6JY,1.1
L7 6JY,1.1
L7 6JY,1.1
L7 6LA,1.1
L7 6LA,1.1
L7 6LA,1.1
L7 6LA,1.1
L7 6LB,1.1
L7 6LD,1.1
L7 6LF,1.1
L7 6LG,1.1
L7 6LH,1.1
L7 6LJ,1.1
L7 6LJ,1.1
L7 6LJ,1.1
L7 6LJ,1.1
L7 6LL,1.1
L7 6LP,1.1
L7 6LQ,1.1
L7 6LR,1.1
L7 6LY,1.1
L7 6LY,1.1
L7 6LY,1.1
L7 6LY,1.1
L7 6ND,1.1
L7 6ND,1.1
L7 6ND,1.1
L7 6ND,1.1
L7 6NG,1.1
L7 6NP,1.1
L7 6NP,1.1
L7 6NP,1.1
L7 6NP,1.1
L7 6NR,1.1
L7 6NR,1.1
L7 6NR,1.1
L7 6NR,1.1
L7 6NX,1.1
L7 6NX,1.1
L7 6NX,1.1
L7 6NX,1.1
L7 6NY,1.1
L7 6NY,1.1
L7 6NY,1.1
L7 6NY,1.1
L7 6PA,1.1
L7 6PA,1.1
L7 6PA,1.1
L7 6PA,1.1
L7 6PB,1.1
L7 6PB,1.1
L7 6PB,1.1
L7 6PB,1.1
L7 6PD,1.1
L7 6PD,1.1
L7 6PD,1.1
L7 6PD,1.1
L7 6PT,1.1
L7 6PX,1.1
L7 6PX,1.1
L7 6PX,1.1
L7 6PX,1.1
L7 6PY,1.1
L7 6PY,1.1
L7 6PY,1.1
L7 6PY,1.1
L7 6PZ,1.1
L7 6PZ,1.1
L7 6PZ,1.1
L7 6PZ,1.1
L7 6QA,1.1
L7 6QA,1.1
L7 6QA,1.1
L7 6QA,1.1
L7 6QB,1.1
L7 6QB,1.1
L7 6QB,1.1
L7 6QB,1.1
L7 6QD,1.1
L7 7AD,1.1
L7 7AF,1.1
L7 7AG,1.1
L7 7AG,1.1
L7 7AH,1.1
L7 7AH,1.1
L7 7AL,1.1
L7 7AU,1.1
L7 7AU,1.1
L7 7AZ,1.1
L7 7BA,1.1
L7 7BJ,1.1
L7 7BJ,1.1
L7 7BL,1.1
L7 7BL,1.1
L7 7BT,1.1
L7 7BX,1.1
L7 7BY,1.1
L7 7DA,1.1
L7 7DB,1.1
L7 7DD,1.1
L7 7DL,1.1
L7 7DL,1.1
L7 7DN,1.1
L7 7DN,1.1
L7 7DP,1.1
L7 7DX,1.1
L7 7EA,1.1
L7 7EB,1.1
L7 7EE,1.1
L7 7EF,1.1
L7 7EL,1.1
L7 7EN,1.1
L7 7EP,1.1
L7 7ER,1.1
L7 7ES,1.1
L7 7ET,1.1
L7 7EU,1.1
L7 0EH,1.1
L7 0EJ,1.1
L7 0EL,1.1
L7 0EN,1.1
L7 0EP,1.1
L7 0EQ,1.1
L7 0ER,1.1
L7 0ES,1.1
L7 0ET,1.1
L7 0EU,1.1
L7 0EW,1.1
L7 0EY,1.1
L7 0HA,1.1
L7 0HD,1.1
L7 0HE,1.1
L7 0HF,1.1
L7 0HG,1.1
L7 0HH,1.1
L7 0HJ,1.1
L7 0HL,1.1
L7 0HN,1.1
L7 0HP,1.1
L7 0HR,1.1
L7 0HT,1.1
L7 0HW,1.1
L7 0HX,1.1
L7 0JA,1.1
L7 0JB,1.1
L7 0JD,1.1
L7 0JE,1.1
L7 0JF,1.1
L7 0JG,1.1
L7 0JH,1.1
L7 7EW,1.1
L7 7EX,1.1
L7 7EX,1.1
L7 7HA,1.1
L7 7HA,1.1
L7 7HG,1.1
L7 7HL,1.1
L7 7HL,1.1
L7 7JA,1.1
L7 7JA,1.1
L7 7JB,1.1
L7 7JB,1.1
L7 7JD,1.1
L7 7JD,1.1
L7 7JE,1.1
L7 7JE,1.1
L7 7JF,1.1
L7 7JF,1.1
L7 7JG,1.1
L7 8RA,1.1
L7 8RB,1.1
L7 8RD,1.1
L7 8RE,1.1
L7 8RF,1.1
L7 8RG,1.1
L7 8RH,1.1
L7 8RJ,1.1
L7 8RL,1.1
L7 8RN,1.1
L7 8RP,1.1
L7 8RQ,1.1
L7 8RR,1.1
L7 8RS,1.1
L7 8RT,1.1
L7 8RU,1.1
L7 8RW,1.1
L7 8RX,1.1
L7 8RY,1.1
L7 8RZ,1.1
L7 8SA,1.1
L7 8SD,1.1
L7 8SE,1.1
L7 8SF,1.1
L7 8SG,1.1
L7 8SH,1.1
L7 8SJ,1.1
L7 8SL,1.1
L7 8SN,1.1
L7 8SP,1.1
L7 8SQ,1.1
L7 8SR,1.1
L7 8SS,1.1
L7 8SW,1.1
L7 8SY,1.1
L7 8SZ,1.1
L7 8TD,1.1
L7 8TE,1.1
L7 8TF,1.1
L7 8TQ,1.1
L7 8TS,1.1
L7 8TT,1.1
L7 8TU,1.1
L7 8UE,1.1
L7 8UL,1.1
L7 8UU,1.1
L7 8UX,1.1
L7 8UY,1.1
L7 8XA,1.1
L7 8XB,1.1
L7 8XD,1.1
L7 8XE,1.1
L7 0JJ,1.1
L7 0JL,1.1
L7 0JN,1.1
L7 0JP,1.1
L7 0JQ,1.1
L7 0JR,1.1
L7 0JS,1.1
L7 0JT,1.1
L7 0JU,1.1
L7 0JW,1.1
L7 0JX,1.1
L7 0JY,1.1
L7 0JZ,1.1
L7 0LA,1.1
L7 0LB,1.1
L7 0LD,0.2
L7 0LG,0.2
L7 0LH,1.1
L7 0LJ,1.1
L7 0LP,1.1
L7 0LQ,1.1
L7 0LR,1.1
L7 0LS,1.1
L7 0LT,1.1
L7 0LW,1.1
L7 1PA,1.1
L7 1PB,1.1
L7 1PD,1.1
L7 1PE,1.1
L7 1PF,1.1
L7 1PH,1.1
L7 1PQ,1.1
L7 1PZ,1.1
L7 1QF,1.1
L7 1QH,1.1
L7 1QX,1.1
L7 1RJ,1.1
L7 1RN,1.1
L7 2GA,1.1
L7 2PD,1.1
L7 2PE,1.1
L7 2PF,1.1
L7 2PJ,1.1
L7 2PL,1.1
L7 2PN,1.1
L7 2PR,1.1
L7 2PS,1.1
L7 2PT,1.1
L7 2PU,1.1
L7 2PX,1.1
L7 2PY,1.1
L7 2PZ,1.1
L7 2QA,1.1
L7 2QB,1.1
L7 2QD,1.1
L7 2QE,1.1
L7 2QF,1.1
L7 2QG,1.1
L7 2QH,1.1
L7 2QN,1.1
L7 2QQ,1.1
L7 2QR,1.1
L7 2QS,1.1
L7 2QT,1.1
L7 2QU,1.1
L7 2QX,1.1
L7 2QZ,1.1
L7 2RE,1.1
L7 2RF,1.1
L7 2RG,1.1
L7 2RJ,1.1
L7 2RN,1.1
L7 2SA,1.1
L7 3ED,1.1
L7 3EE,1.1
L7 3EF,1.1
L7 3EG,1.1
L7 3EN,1.1
L7 3EQ,1.1
L7 3ES,1.1
L7 3ET,1.1
L7 3EU,1.1
L7 3EW,1.1
L7 3EY,1.1
L69 3GA,1.1
L69 3GB,1.1
L69 3GD,1.1
L69 3GD,1.1
L69 3GE,1.1
L69 3GF,1.1
L69 3GH,1.1
L69 3GJ,1.1
L69 3GL,1.1
L69 3GN,1.1
L69 3GP,1.1
L69 3GQ,1.1
L69 3GS,1.1
L69 3GW,1.1
L69 3GW,1.1
L69 3HS,0.2
L69 3JD,0.2
L69 3NG,0.2
L69 3RB,0.2
L7 3HD,1.1
L7 3HE,1.1
L7 3HJ,1.1
L7 3HL,1.1
L7 3HT,1.1
L7 3JE,1.1
L7 3JQ,1.1
L7 3JS,1.1
L7 3JU,1.1
L7 3LA,1.1
L7 3LB,1.1
L7 3LJ,1.1
L7 3LL,1.1
L7 3LN,1.1
L7 3LN,1.1
L7 3LN,1.1
L7 3LN,1.1
L7 3LP,1.1
L7 3LP,1.1
L7 3LP,1.1
L7 3LP,1.1
L7 3LS,1.1
L7 3LT,1.1
L7 3LT,1.1
L7 3LT,1.1
L7 3LT,1.1
L7 3LW,1.1
L7 3LW,1.1
L7 3LW,1.1
L7 3LW,1.1
L7 3LZ,1.1
L7 3NY,1.1
L7 3PD,1.1
L7 3PE,1.1
L7 3PG,1.1
L7 3PP,1.1
L7 3PR,1.1
L7 3QA,1.1
L7 3QB,1.1
L7 3QD,1.1
L7 3QE,1.1
L7 3QF,1.1
L7 3QG,1.1
L7 3QH,1.1
L7 3QL,1.1
L7 3QN,1.1
L7 3QN,1.1
L7 3QN,1.1
L7 3QN,1.1
L7 3QQ,1.1
L7 3QR,1.1
L7 3QS,1.1
L7 3QT,1.1
L7 3QU,1.1
L7 3QW,1.1
L7 3QW,1.1
L7 3QW,1.1
L7 3QW,1.1
L7 3QX,1.1
L7 3QY,1.1
L7 3QZ,1.1
L7 3RA,1.1
L7 3RB,1.1
L7 3RD,1.1
L7 3RD,1.1
L7 3RD,1.1
L7 3RD,1.1
L7 3RG,1.1
L7 3RH,1.1
L7 4JB,1.1
L7 4JB,1.1
L7 4JB,1.1
L7 4JB,1.1
L7 4JE,1.1
L7 4JE,1.1
L7 4JE,1.1
L7 4JE,1.1
L7 4JF,1.1
L7 4JF,1.1
L7 4JF,1.1
L7 4JF,1.1
L7 4JG,1.1
L7 4JP,1.1
L7 4JP,1.1
L7 4JP,1.1
L7 4JP,1.1
L7 4JQ,1.1
L7 4JW,1.1
L7 4JW,1.1
L7 4JW,1.1
L7 4JW,1.1
L7 4LD,1.1
L7 4LD,1.1
L7 4LD,1.1
L7 4LD,1.1
L7 4LE,1.1
L7 4LE,1.1
L7 4LE,1.1
L7 4LE,1.1
L69 3SD,0.2
L69 3SF,0.2
L69 3SJ,0.2
L69 3ST,0.2
L69 3TA,0.2
L69 3UD,0.2
L69 3UL,0.2
L69 3UQ,0.2
L69 3UT,0.2
L69 3WP,0.2
L69 3WR,0.2
L69 3ZE,0.2
L69 4PS,0.2
L69 4RG,0.2
L69 7HG,0.2
L69 7QR,0.2
L69 7RU,0.2
L69 7SH,1.1
L69 7SW,0.2
L69 7TR,0.2
L69 7WW,1.1
L69 7WX,1.1
L69 7WX,1.1
L69 7WY,1.1
L69 7WZ,1.1
L69 7ZA,1.1
L69 7ZB,1.1
L69 7ZD,1.1
L69 7ZD,1.1
L69 7ZE,1.1
L69 7ZE,1.1
L69 7ZF,1.1
L69 7ZF,1.1
L69 7ZG,1.1
L6 8NJ,0.2
L6 8NL,0.2
L6 8NN,1.1
L6 8NP,1.1
L6 8NQ,1.1
L6 8NR,1.1
L6 8NS,0.2
L6 8NT,0.2
L6 8NU,0.2
L6 8NW,0.2
L6 8NX,0.2
L6 8NY,1.1
L6 8NZ,0.2
L6 8PA,0.2
L6 8PB,0.2
L6 8PD,0.2
L6 8PE,0.2
L6 8PF,0.2
L6 8PG,0.2
L6 8PH,0.2
L6 8PJ,0.2
L6 8PQ,0.2
L6 9AB,1.1
L6 9AD,1.1
L6 9AE,1.1
L6 9AG,1.1
L6 9AH,1.1
L6 9AJ,1.1
L6 9AL,1.1
L6 9AP,1.1
L6 9AY,1.1
L6 9BA,1.1
L6 9BB,1.1
L6 9BD,1.1
L6 9BY,1.1
L6 9DF,1.1
L6 9DG,1.1
L6 9DH,1.1
L6 9DP,1.1
L6 9DT,1.1
L6 9DU,1.1
L6 9DZ,1.1
L6 9ES,1.1
L6 9EU,1.1
L6 9EY,1.1
L6 9HG,1.1
L6 9HR,1.1
L69 7ZH,1.1
L69 7ZJ,1.1
L69 7ZJ,1.1
L69 7ZL,1.1
L69 7ZL,1.1
L69 7ZN,1.1
L69 7ZN,1.1
L69 7ZP,1.1
L69 7ZQ,1.1
L69 7ZR,1.1
L69 7ZS,1.1
L69 7ZT,1.1
L69 7ZU,1.1
L69 7ZU,1.1
L69 7ZX,1.1
L69 7ZX,1.1
L69 8EJ,0.2
L69 8HB,0.2
L69 8HF,0.2
L69 9BN,1.1
L69 9BP,1.1
L69 9BR,1.1
L69 9BS,1.1
L69 9BU,1.1
L7 0BA,1.1
L7 0EA,1.1
L7 0EB,1.1
L7 0ED,1.1
L7 0EE,1.1
L7 0EF,1.1
L7 0EG,1.1
L6 9HS,1.1
L6 9HT,1.1
L6 9HU,1.1
L6 9HX,1.1
L6 9HY,1.1
L6 9HZ,1.1
L6 9JA,1.1
L6 9JB,1.1
L6 9JD,1.1
L6 9JE,1.1
L6 9JF,1.1
L6 9JG,1.1
L6 9JH,1.1
L6 9JJ,1.1
L6 9JL,1.1
L6 9JN,1.1
L6 9JQ,1.1
L67 1AA,1.1
L67 1AB,1.1
L68 0AQ,1.2
L69 1WN,0.2
L69 1WW,0.2
L69 1YL,0.2
L69 2AF,0.2
L69 2BW,0.2
L69 2JG,0.2
L69 2LN,0.2
L69 2QB,0.2
L69 2QB,0.2
L69 2RE,0.2
L69 2SN,0.2
L69 2UF,0.2
L6 4AL,1.2
L6 4AN,1.2
L6 4AP,1.2
L6 4AQ,1.2
L6 4AR,1.2
L6 4AS,1.2
L6 4AT,1.2
L6 4AU,1.2
L6 4AW,1.2
L6 4AX,1.2
L6 4AY,1.2
L6 4AZ,1.2
L6 4BA,1.2
L6 4BB,1.2
L6 4BD,1.2
L6 4BE,1.2
L6 4BG,1.2
L6 4BH,1.2
L6 4BJ,1.2
L6 4BL,1.2
L6 4BN,1.2
L6 4BQ,1.2
L6 4BR,1.1
L6 4BS,1.2
L6 4BT,1.2
L6 4BU,1.2
L6 4BW,1.2
L6 4BX,1.2
L6 4BY,1.2
L6 4BZ,1.2
L6 4DA,1.2
L6 4DB,1.2
L6 4DE,1.2
L6 4DF,1.2
L6 4DG,1.2
L6 4DH,1.2
L6 4DJ,1.2
L6 4DL,1.2
L6 4DN,1.2
L6 4DP,1.2
L6 4DQ,1.2
L6 4DR,1.2
L6 4DS,1.2
L6 4DT,1.2
L6 4DU,1.1
L6 4DX,1.1
L6 4DY,1.2
L6 4DZ,1.2
L6 4EA,1.2
L6 4EB,1.2
L6 4ED,1.2
L6 4EE,1.2
L6 4EG,1.2
L6 4EH,1.2
L69 2UU,0.2
L69 2WH,0.2
L69 2WU,0.2
L69 2XU,1.2
L69 3AS,0.2
L69 3BX,0.2
L69 3DA,0.2
L69 3DB,0.2
L69 3DJ,0.2
L69 3DL,0.2
L69 3DN,0.2
L69 3DQ,1.1
L69 3DR,1.1
L69 3EB,0.2
L69 3EF,0.2
L69 3EN,0.2
L6 4EL,1.2
L6 4EN,1.2
L6 4EP,1.2
L6 4EQ,1.2
L6 4ER,1.2
L6 4ES,1.2
L6 4ET,1.2
L6 4EU,1.2
L6 4EW,1.2
L6 5AA,1.1
L6 5AB,1.1
L6 5AD,1.1
L6 5AE,1.1
L6 5AF,1.1
L6 5AG,1.1
L6 5AH,1.1
L6 5AJ,1.2
L6 5AL,1.2
L6 5AN,1.1
L6 5AQ,1.1
L6 5AT,1.1
L6 5AW,1.1
L6 5AY,1.1
L6 5AZ,1.1
L6 5BG,1.1
L6 5BJ,1.1
L6 5BN,1.1
L6 5BR,1.1
L6 5DB,1.1
L6 5DR,1.1
L6 5DW,1.1
L6 5EA,1.1
L6 5ED,1.1
L6 5EG,1.1
L6 5EH,1.1
L6 5ES,1.1
L6 5HJ,1.1
L6 5HT,1.1
L6 5HU,1.1
L6 5HX,1.1
L6 5JG,1.1
L6 5JN,1.1
L6 5JP,1.1
L6 5JR,1.1
L6 5JS,1.1
L6 5JT,1.1
L6 5JU,1.1
L6 5JW,1.1
L6 5JY,1.1
L6 5LA,1.1
L6 5LB,1.1
L6 5LG,1.1
L6 5LH,1.1
L6 5LL,1.1
L6 5LN,1.1
L6 5LP,1.1
L6 5LQ,1.1
L6 5LR,1.1
L6 5LS,1.1
L6 5LT,1.1
L6 5LU,1.1
L6 5LW,1.1
L6 5LX,1.1
L6 5LY,1.1
L6 5LZ,1.1
L6 5NA,1.1
L6 5NB,1.1
L6 5ND,1.1
L6 6AA,1.1
L6 6AD,1.1
L6 6AE,1.1
L6 6AG,1.1
L6 6AH,1.1
L6 6AJ,1.1
L6 6AL,1.1
L6 6AN,1.1
L6 6AP,1.1
L6 6AQ,1.1
L6 6AR,1.1
L6 6AS,1.1
L6 6AT,1.1
L6 6AU,1.1
L6 6AW,1.1
L6 6AX,1.1
L6 6AY,1.1
L6 6AZ,1.1
L6 6BA,1.1
L6 6BB,1.1
L6 6BD,1.1
L6 6BE,1.1
L6 6BG,1.1
L6 6BH,1.1
L6 6BJ,1.1
L6 6BL,1.1
L6 6BN,1.1
L6 6BQ,1.1
L6 6BS,1.1
L6 6BT,1.1
L6 6BU,1.1
L6 0AL,1.1
L6 0AN,1.1
L6 0AP,1.1
L6 0AQ,1.2
L6 0AR,1.1
L6 0AS,1.2
L6 0AT,1.2
L6 0AU,1.2
L6 0AW,1.1
L6 0AX,1.2
L6 0AY,1.2
L6 0AZ,1.2
L6 0BA,1.2
L6 0BB,1.2
L6 0BH,1.2
L6 0BJ,1.2
L6 0BL,1.2
L6 0BN,1.2
L6 0BP,1.2
L6 0BR,1.2
L6 0BS,1.2
L6 0BT,1.2
L6 0BU,1.2
L6 0BW,1.2
L6 0BX,1.2
L6 0BY,1.2
L6 0BZ,1.2
L6 0DA,1.2
L6 0DE,1.1
L6 0DG,1.2
L6 0DH,1.2
L6 0DJ,1.2
L6 0DL,1.2
L6 0DP,1.2
L6 0DQ,1.2
L6 0DW,1.2
L6 1AE,1.1
L6 1AL,1.1
L6 1AP,1.1
L6 1AU,1.1
L6 1BA,1.1
L6 1BS,1.1
L6 1DE,1.1
L6 1DL,1.1
L6 1DZ,1.1
L6 1EA,1.1
L6 1EG,1.1
L6 1EH,1.1
L6 1EJ,1.1
L6 1EN,1.1
L6 1EP,1.1
L6 1EX,1.1
L6 1HA,1.1
L6 1HB,1.1
L6 1HF,1.1
L6 1HH,1.1
L6 1HL,1.1
L6 1HN,1.1
L6 1HR,1.1
L6 6BW,1.1
L6 6BX,1.1
L6 6BY,1.1
L6 6BZ,1.1
L6 6DA,1.1
L6 6DB,1.1
L6 6DD,1.1
L6 6DE,1.1
L6 6DF,1.1
L6 6DG,1.1
L6 6DH,1.1
L6 6DJ,1.1
L6 6DL,1.1
L6 6DN,1.1
L6 6DP,1.1
L6 6DQ,1.1
L6 6DW,1.1
L6 7UA,1.2
L6 7UB,1.2
L6 7UD,1.2
L6 7UE,1.2
L6 7UF,1.2
L6 7UG,1.2
L6 7UH,1.2
L6 7UJ,1.2
L6 7UL,1.1
L6 7UN,1.1
L6 7UP,1.2
L6 7UQ,1.2
L6 7UR,1.1
L6 7UT,1.2
L6 7UW,1.2
L6 8NA,0.2
L6 8NB,1.1
L6 8ND,1.1
L6 8NE,0.2
L6 8NF,1.1
L6 8NG,1.1
L6 8NH,0.2
L6 1HU,1.1
L6 1JJ,1.1
L6 1JL,1.1
L6 1JN,1.1
L6 1JS,1.1
L6 1JW,1.1
L6 1JX,1.1
L6 1LX,1.1
L6 1LY,1.1
L6 1NA,1.1
L6 1NB,1.1
L6 1NF,1.1
L6 1NH,1.1
L6 1NJ,1.1
L6 1NL,1.1
L6 1NN,1.1
L6 1NP,1.1
L6 1NR,1.1
L6 1NS,1.1
L6 1NT,1.1
L6 1NW,1.1
L6 1NX,1.1
L6 1NY,1.1
L6 1NZ,1.1
L6 1PA,1.1
L6 1PB,1.1
L6 1PH,1.1
L6 1PJ,1.1
L6 1PQ,1.1
L6 1RD,1.1
L6 1RE,1.1
L6 1RF,1.1
L6 2AA,1.1
L6 2AB,1.1
L6 2AE,1.1
L6 2AF,1.1
L6 2AG,1.1
L6 2AL,1.1
L6 2AR,1.1
L6 2AS,1.1
L6 2AT,1.1
L6 2AU,1.1
L6 2AW,1.1
L6 2BB,1.1
L6 2BD,1.1
L6 2BG,1.1
L6 2BL,1.1
L6 2BQ,1.1
L6 2BZ,1.1
L6 2DY,1.1
L6 2EH,1.1
L6 2EN,1.1
L6 2EP,1.1
L6 2ER,1.2
L6 2EW,1.1
L6 2EY,1.1
L6 2HW,1.1
L6 2HZ,1.1
L6 2JA,1.1
L6 2JB,1.1
L6 2JD,1.1
L6 2JE,1.1
L6 2JF,1.1
L6 2JG,1.2
L6 2JH,1.2
L6 2JL,1.2
L6 2JN,1.2
L6 2LX,1.1
L6 2LY,1.1
L6 2LZ,1.1
L6 2NA,1.1
L6 2NB,1.1
L6 2NF,1.1
L6 2NG,1.1
L6 2NL,1.1
L6 2NX,1.1
L6 2PA,1.1
L6 2PB,1.1
L6 2PD,1.1
L6 2PE,1.1
L6 2PF,1.1
L6 2PG,1.2
L6 2PH,1.2
L6 2PJ,1.2
L6 2PL,1.1
L6 2PN,1.1
L6 2PQ,1.1
L6 2PW,1.1
L6 2WB,1.2
L6 2WD,1.1
L6 2WE,1.2
L6 2WF,1.1
L6 2WG,1.1
L6 2WH,1.1
L6 2WJ,1.2
L6 2WL,1.2
L6 2WN,1.2
L6 2WQ,1.1
L6 3AA,1.1
L5 6PR,1.1
L5 6PT,1.1
L5 6PU,1.1
L5 6PW,1.1
L5 6PX,1.1
L5 6QB,1.1
L5 6QP,1.1
L5 6QR,1.1
L5 6QS,1.1
L5 6QT,1.1
L5 6QU,1.1
L5 6QX,1.1
L5 6QY,1.1
L5 6QZ,1.1
L5 6RA,1.1
L5 6RB,1.1
L5 6RH,1.1
L5 6RJ,1.1
L5 6RN,1.2
L5 6RP,1.2
L5 6RR,1.1
L5 6RS,1.1
L5 6RU,1.1
L5 6RW,1.2
L5 6RX,1.1
L5 6RY,1.1
L5 6RZ,1.1
L5 6SA,1.1
L5 6SB,1.1
L5 6SE,1.1
L5 6SF,1.1
L5 6SG,1.1
L5 6SL,1.1
L5 6SP,1.1
L5 6SQ,1.1
L5 6SU,1.1
L5 6SW,1.1
L5 6SX,1.1
L5 7QB,1.1
L5 7QD,1.1
L5 7QF,1.1
L5 7QP,1.1
L5 7QQ,1.1
L5 7QQ,1.1
L5 7QQ,1.1
L5 7QY,1.1
L5 7RA,1.1
L5 7RB,1.1
L5 7RD,1.1
L5 7RL,1.1
L5 7RN,1.1
L5 7RP,1.1
L5 7RR,1.1
L5 7RS,1.1
L5 7RT,1.1
L5 7RU,1.1
L5 7RW,1.1
L5 7RZ,1.1
L5 7SB,1.1
L5 7SG,1.1
L6 3AB,1.1
L6 3AD,1.1
L6 3AE,1.1
L6 3AF,1.1
L6 3AG,1.1
L6 3AJ,1.1
L6 3AL,1.1
L6 3AN,1.1
L6 3AP,1.1
L6 3AQ,1.1
L6 3AR,1.1
L6 3AS,1.1
L6 3AT,1.1
L6 3AU,1.1
L6 3AW,1.1
L6 3BA,1.1
L6 3BB,1.1
L6 3BD,1.1
L6 3BE,1.1
L6 3BS,1.1
L6 3BT,1.1
L6 3BU,1.1
L6 3BX,1.1
L6 3BY,1.1
L6 3BZ,1.1
L6 3DA,1.1
L6 4AA,1.2
L6 4AB,1.2
L6 4AD,1.2
L6 4AG,1.2
L6 4AH,1.2
L6 4AJ,1.2
L5 7SH,1.1
L5 7SP,1.1
L5 7SQ,1.1
L5 7SS,1.1
L5 7SU,1.1
L5 7TA,1.1
L5 7TB,1.1
L5 7TR,1.1
L5 7TS,1.1
L5 7TT,1.1
L5 7TU,1.1
L5 7TX,1.1
L5 7TY,1.1
L5 7TZ,1.1
L5 7UA,1.1
L5 7UB,1.1
L5 8SA,1.2
L5 8SB,1.1
L5 8SB,1.1
L5 8SB,1.1
L5 8SE,1.1
L5 8SF,1.1
L5 8SF,1.1
L5 8SF,1.1
L5 8SG,1.1
L5 8SG,1.1
L5 8SG,1.1
L5 8SL,1.1
L5 8SN,1.1
L5 8SN,1.1
L5 8SN,1.1
L5 8SU,1.1
L5 8SX,1.1
L5 8SY,1.1
L5 8SZ,1.1
L5 8TN,1.1
L5 8TN,1.1
L5 8TN,1.1
L5 8TS,1.1
L5 8TY,1.2
L5 8TZ,1.2
L5 8US,1.1
L5 8US,1.1
L5 8US,1.1
L5 8UT,1.1
L5 8UT,1.1
L5 8UT,1.1
L5 8UX,1.1
L5 8UY,1.1
L5 8XE,1.2
L5 8XH,1.1
L5 8XJ,1.1
L5 8XJ,1.1
L5 8XJ,1.1
L5 8XL,1.1
L5 8XL,1.1
L5 8XL,1.1
L5 8XN,1.1
L5 8XN,1.1
L5 8XN,1.1
L5 8XR,1.1
L5 8XR,1.1
L5 8XR,1.1
L5 8XS,1.1
L5 8XT,1.1
L5 8XU,1.1
L5 8XU,1.1
L5 8XU,1.1
L5 8XW,1.1
L5 8XW,1.1
L5 8XW,1.1
L5 8XX,1.1
L5 8XY,1.1
L5 8XZ,1.2
L5 8YB,1.1
L5 8YD,1.1
L5 8YE,1.1
L5 8YF,1.1
L5 8YF,1.1
L5 8YF,1.1
L5 8YG,1.1
L5 8YG,1.1
L5 8YG,1.1
L5 8YH,1.1
L5 8YH,1.1
L5 8YH,1.1
L5 8YL,1.2
L5 8YP,1.2
L5 8YQ,1.1
L5 8YQ,1.1
L5 8YQ,1.1
L5 8YR,1.2
L5 8YS,1.2
L5 8YT,1.1
L5 8YU,1.1
L5 8YW,1.1
L5 9AA,1.1
L5 9PR,1.1
L5 9RA,1.2
L5 9RB,1.2
L5 9RD,1.1
L5 9RE,1.2
L5 9RF,1.2
L5 9RG,1.2
L5 9RH,1.1
L5 9RJ,1.1
L5 9RL,1.1
L5 9RP,1.1
L5 9RQ,1.2
L5 9RR,1.1
L5 9RS,1.1
L5 9RT,1.1
L5 9RU,1.1
L5 9RW,1.1
L5 9RX,1.1
L5 9RY,1.1
L5 9RZ,1.1
L5 9SD,1.1
L5 9SG,1.1
L5 9SR,1.1
L5 9SY,1.1
L5 9TD,1.1
L5 9TE,1.2
L5 9TF,1.2
L5 9TG,1.1
L5 9TN,1.1
L5 9TP,1.1
L5 9TR,1.2
L5 9TY,1.1
L5 9TZ,1.1
L5 9UB,1.1
L5 9UD,1.1
L5 1UY,1.2
L5 1XG,1.2
L5 1XH,1.2
L5 1XJ,1.2
L5 1XL,1.2
L5 1XQ,1.1
L5 2AR,1.2
L5 2AT,1.1
L5 2BD,1.1
L5 2BG,1.2
L5 2BH,1.2
L5 2BJ,1.2
L5 2PA,1.1
L5 2PA,1.1
L5 2PA,1.1
L5 2PG,1.1
L5 2PG,1.1
L5 2PG,1.1
L5 2PJ,1.1
L5 2PJ,1.1
L5 2PJ,1.1
L5 2PL,1.1
L5 2PL,1.1
L5 2PL,1.1
L5 2PT,1.1
L5 2PT,1.1
L5 2PT,1.1
L5 2PX,1.1
L5 2PY,1.1
L5 2QA,1.1
L5 2QA,1.1
L5 2QA,1.1
L5 2QB,1.1
L5 2QD,1.1
L5 2QH,1.1
L5 2QH,1.1
L5 2QH,1.1
L5 2QN,1.1
L5 2QN,1.1
L5 2QN,1.1
L5 2QQ,1.1
L5 2QQ,1.1
L5 2QQ,1.1
L5 2QS,1.1
L5 2QT,1.1
L5 2QX,1.1
L5 2QY,1.1
L5 2RA,1.1
L5 2RE,1.1
L5 2RF,1.1
L5 2RR,1.1
L5 2RU,1.1
L5 2RY,1.1
L5 2RZ,1.1
L5 2SA,1.1
L5 2SE,1.1
L5 2SF,1.1
L5 2SH,1.1
L5 2SH,1.1
L5 2SH,1.1
L5 2SJ,1.1
L5 2SJ,1.1
L5 2SJ,1.1
L5 2SL,1.1
L5 2SL,1.1
L5 2SL,1.1
L5 2SP,1.1
L5 2SQ,1.1
L5 2SQ,1.1
L5 2SQ,1.1
L5 2SR,1.1
L5 2SS,1.1
L5 2ST,1.1
L5 2SU,1.1
L5 2SW,1.1
L5 2SW,1.1
L5 2SW,1.1
L5 2SX,1.1
L5 2SY,1.1
L5 2SZ,1.1
L5 2SZ,1.1
L5 2SZ,1.1
L5 3BA,1.1
L5 3BB,1.1
L5 3LA,1.1
L5 3LB,1.1
L5 3LD,1.1
L5 3LF,1.1
L5 3LQ,1.1
L5 3LU,1.1
L5 3LW,1.1
L5 3ND,1.1
L5 3NG,1.1
L5 3NW,1.1
L5 3NZ,1.1
L5 3PD,1.1
L5 3PE,1.1
L5 3PF,1.1
L5 9UF,1.1
L5 9UU,1.2
L5 9UZ,1.2
L5 9XB,1.1
L5 9XE,1.1
L5 9XJ,1.1
L5 9XN,1.2
L5 9XR,1.1
L5 9XS,1.1
L5 9XT,1.1
L5 9XY,1.1
L5 9YJ,1.1
L5 9YN,1.2
L5 9ZE,1.1
L5 9ZH,1.1
L5 9ZQ,1.1
L5 9ZS,1.1
L6 0AA,1.1
L6 0AB,1.2
L6 0AE,1.1
L6 0AF,1.2
L6 0AG,1.2
L6 0AH,1.2
L6 0AJ,1.1
L5 3PH,1.1
L5 3PJ,1.1
L5 3PT,1.1
L5 3PU,1.1
L5 3QE,1.1
L5 3QF,1.1
L5 3QG,1.1
L5 3QN,1.1
L5 3QQ,1.1
L5 3QW,1.1
L5 3RJ,1.1
L5 3RL,1.1
L5 3RN,1.1
L5 3RX,1.1
L5 3SA,1.1
L5 3SB,1.1
L5 3SD,1.1
L5 3SG,1.1
L5 3SH,1.1
L5 3SJ,1.1
L5 3SL,1.1
L5 3SN,1.1
L5 3SP,1.1
L5 3SR,1.1
L5 3SS,1.1
L5 3ST,1.1
L5 3SU,1.1
L5 3SW,1.1
L5 3SX,1.1
L5 3SY,1.1
L5 3SZ,1.1
L5 4LA,1.1
L5 4LJ,1.2
L5 4LS,1.1
L5 4NH,1.1
L5 4NJ,1.1
L5 4NQ,1.2
L5 4PJ,1.2
L5 4PN,1.2
L5 4PY,1.2
L5 4QA,1.2
L5 4QT,1.1
L5 4QZ,1.1
L5 4RP,1.1
L5 4RT,1.2
L5 4SU,1.2
L5 4SX,1.2
L5 4SY,1.2
L5 4SZ,1.2
L5 4TA,1.2
L5 4TB,1.2
L5 4TD,1.2
L5 4TE,1.2
L5 4TF,1.2
L5 4TG,1.2
L5 4TH,1.2
L5 4TJ,1.2
L5 4TL,1.2
L5 4TN,1.1
L5 4TP,1.2
L5 4TQ,1.2
L5 4TR,1.1
L5 4TW,1.1
L5 5AE,1.1
L5 5AE,1.1
L5 5AE,1.1
L5 5AJ,1.1
L5 5AQ,1.1
L5 5AQ,1.1
L5 5AQ,1.1
L5 5BD,1.1
L5 5BD,1.1
L5 5BD,1.1
L5 5BE,1.1
L5 5BE,1.1
L5 5BE,1.1
L5 5BH,1.1
L5 5BH,1.1
L5 5BH,1.1
L5 5BL,1.1
L5 5BL,1.1
L5 5BL,1.1
L5 5BP,1.1
L5 5BP,1.1
L5 5BP,1.1
L5 5BQ,1.1
L5 5BQ,1.1
L5 5BQ,1.1
L5 5BR,1.1
L5 5BR,1.1
L5 5BR,1.1
L5 5BT,1.1
L5 5BT,1.1
L5 5BT,1.1
L5 5DX,1.1
L5 5DX,1.1
L5 5DX,1.1
L5 5DY,1.1
L5 5DY,1.1
L5 5DY,1.1
L5 5DZ,1.1
L5 5DZ,1.1
L5 5DZ,1.1
L5 5EB,1.1
L5 5EB,1.1
L5 5EB,1.1
L5 5EH,1.1
L5 5EJ,1.1
L5 5EJ,1.1
L5 5EJ,1.1
L5 5ER,1.1
L5 5ES,1.1
L5 5ES,1.1
L5 5ES,1.1
L5 5EY,1.1
L5 5EY,1.1
L5 5EY,1.1
L5 5EZ,1.1
L5 5EZ,1.1
L5 5EZ,1.1
L5 5HA,1.1
L5 5HN,1.1
L5 5HN,1.1
L5 5HN,1.1
L5 5HX,1.1
L5 5HX,1.1
L5 5HX,1.1
L5 5HY,1.1
L5 5JA,1.1
L5 5PH,1.1
L5 6PA,1.1
L5 6PB,1.1
L5 6PD,1.1
L5 6PE,1.1
L5 6PF,1.1
L5 6PH,1.1
L5 6PJ,1.1
L5 6PL,1.1
L5 6PN,1.1
L5 6PP,1.1
L5 0BA,1.1
L5 0BB,1.1
L5 0BD,1.1
L5 0BL,1.1
L5 0BN,1.2
L5 0PJ,1.1
L5 0PR,1.1
L5 0PS,1.1
L5 0PZ,1.2
L5 0QD,1.1
L5 0QW,1.1
L5 0QX,1.1
L5 0RA,1.1
L5 0RD,1.1
L5 0RE,1.1
L5 0RF,1.1
L5 0RH,1.1
L5 0RN,1.1
L5 0RQ,1.1
L5 0RR,1.1
L5 0RS,1.1
L5 0RW,1.1
L5 0RX,1.1
L5 0RZ,1.2
L5 0SL,1.1
L5 0SQ,1.2
L5 0SU,1.1
L5 0SX,1.1
L5 0SY,1.2
L5 0SZ,1.1
L5 0TB,1.1
L5 0TD,1.1
L5 0TE,1.1
L5 0TF,1.1
L5 0TU,1.1
L5 1TA,1.1
L5 1TG,1.2
L5 1TH,1.1
L5 1TP,1.2
L5 1TW,1.2
L5 1TX,1.1
L5 1UE,1.2
L5 1UF,1.2
L5 1UG,1.2
L5 1UR,1.2
L5 1UW,1.2
L4 7TT,1.2
L4 7TU,1.2
L4 7TW,3.2
L4 7TX,3.2
L4 7TY,1.2
L4 7TZ,1.2
L4 7UA,1.2
L4 7UB,1.2
L4 7UD,1.2
L4 7UE,1.2
L4 7UF,1.2
L4 7UG,1.2
L4 7UH,1.2
L4 7UJ,1.2
L4 7UL,1.2
L4 7UN,3.2
L4 7UP,3.2
L4 7UQ,1.2
L4 7UR,1.2
L4 7US,1.2
L4 7UT,1.2
L4 7UU,1.2
L4 7UW,1.2
L4 7UX,1.2
L4 7UY,1.2
L4 7UZ,1.2
L4 7XA,3.2
L4 7XB,1.2
L4 7XD,1.2
L4 7XE,1.2
L4 7XF,1.2
L4 7XG,1.2
L4 7XH,3.2
L4 7XJ,1.2
L4 7XL,3.2
L4 7XN,3.2
L4 7XP,1.2
L4 7XQ,3.2
L4 7XR,1.2
L4 7XS,1.2
L4 7XT,1.2
L4 7XW,1.2
L4 8RT,1.1
L4 8RU,1.1
L4 8RX,1.1
L4 8RY,1.1
L4 8RZ,1.1
L4 8SA,1.1
L4 8SB,1.1
L4 8SE,1.1
L4 8SF,1.1
L4 8SG,1.1
L4 8SH,1.1
L4 8SJ,1.1
L4 8SL,1.1
L4 8SN,1.1
L4 8SP,1.1
L4 8SR,1.1
L4 8SS,1.1
L4 8ST,1.2
L4 8SW,1.1
L4 8SX,1.1
L4 8SY,1.1
L4 8TA,1.1
L4 8TB,1.1
L4 8TD,1.1
L4 8TE,1.1
L4 8TF,1.1
L4 8TH,1.1
L4 8TJ,1.1
L4 8TL,1.1
L4 8TN,1.1
L4 8TP,1.1
L4 8TQ,1.2
L4 8TR,1.1
L4 8TS,1.1
L4 8TT,1.1
L4 8TU,1.1
L4 8TW,1.1
L4 8TX,1.2
L4 8TY,1.1
L4 8UA,1.1
L4 8UB,1.1
L4 8UD,1.1
L4 8UE,1.1
L4 8UF,1.1
L4 8UG,1.1
L4 8UH,1.1
L4 8UJ,1.1
L4 8UL,1.1
L4 8UN,1.1
L4 8UP,1.1
L4 8UQ,1.1
L4 8UR,1.1
L4 8US,1.1
L4 8UU,1.1
L4 8UW,1.1
L4 8UX,1.1
L4 8UY,1.1
L4 9RB,1.1
L4 9RD,1.1
L4 9RE,1.1
L4 9RF,1.1
L4 4QT,1.1
L4 4QU,1.1
L4 4QW,1.1
L4 4QX,1.1
L4 4QY,1.1
L4 4QZ,1.1
L4 4RB,1.1
L4 5PB,1.1
L4 5PE,1.1
L4 9RG,1.1
L4 9RH,1.1
L4 9RJ,1.1
L4 9RL,1.1
L4 9RN,1.1
L4 9RP,1.1
L4 9RQ,1.1
L4 9RR,1.1
L4 9RS,1.1
L4 9RT,1.1
L4 9RU,1.1
L4 9RW,1.1
L4 9RX,1.1
L4 9RZ,1.1
L4 9SA,1.1
L4 9SB,1.1
L4 9SD,1.1
L4 9SE,1.1
L4 9SF,1.1
L4 9SJ,1.1
L4 9SL,1.1
L4 9SN,1.1
L4 9SP,1.1
L4 9SR,1.1
L4 9SS,1.1
L4 9ST,1.1
L4 9SU,1.1
L4 9SW,1.1
L4 9SX,1.1
L4 9SY,1.1
L4 9SZ,1.1
L4 9TA,1.1
L4 9TB,1.1
L4 9TD,1.1
L4 9TE,1.1
L4 9TF,1.1
L4 9TG,1.1
L4 9TH,1.1
L4 9TJ,1.1
L4 9TL,1.1
L4 9TN,1.1
L4 9TP,1.1
L4 9TQ,1.1
L4 9TR,1.1
L4 9TS,1.1
L4 9TT,1.1
L4 9TU,1.1
L4 9TW,1.1
L4 9TX,1.1
L4 9TY,1.1
L4 9TZ,1.1
L4 9UA,1.1
L4 9UD,1.1
L4 9UE,1.1
L4 9UF,1.1
L4 9UG,1.1
L4 9UH,1.1
L4 9UJ,1.1
L4 9UL,1.1
L4 9UN,1.1
L4 9UP,1.1
L4 9UQ,1.1
L4 9UR,1.1
L4 9US,1.1
L4 9UT,1.1
L4 9UU,1.1
L4 9UW,1.1
L4 9UY,1.1
L4 9UZ,1.1
L4 9XB,1.1
L4 9XD,1.1
L4 9XP,1.1
L4 9XS,1.1
L4 9XT,1.1
L4 9XU,1.1
L4 9XX,1.1
L4 9XY,1.1
L4 5PH,1.1
L4 5PJ,1.1
L4 5PP,1.1
L4 5PQ,1.1
L4 5PR,1.1
L4 5PS,1.1
L4 5PT,1.2
L4 5PU,1.1
L4 5PW,1.1
L4 5PZ,1.2
L4 5QA,1.1
L4 5QB,1.1
L4 5QD,1.1
L4 5QE,1.2
L4 5QF,1.1
L4 5QG,1.1
L4 5QH,1.2
L4 5QJ,1.2
L4 5QL,1.1
L4 5QN,1.1
L4 5QP,1.1
L4 5QQ,1.1
L4 5QR,1.2
L4 5QS,1.2
L4 5QT,1.2
L4 5QU,1.2
L4 5QW,1.1
L4 5QX,1.1
L4 5QY,1.1
L4 5RA,1.1
L4 5RB,1.1
L4 5RD,1.1
L4 5RE,1.1
L4 5RF,1.1
L4 5RJ,1.2
L4 5RL,1.2
L4 5RN,1.2
L4 5RP,1.1
L4 5RQ,1.2
L4 5RR,1.1
L4 5RS,1.1
L4 5RT,1.1
L4 5RU,1.1
L4 5RW,1.2
L4 5RX,1.2
L4 5SB,1.2
L4 5SD,1.2
L4 5SG,1.2
L4 5SH,1.2
L4 5SJ,1.2
L4 5SL,1.2
L4 5SN,1.2
L4 5SP,1.2
L4 5SQ,1.2
L4 5SR,1.2
L4 5SS,1.2
L4 5ST,1.2
L4 5SU,1.2
L4 5SW,1.2
L4 5SX,1.2
L4 5SY,1.2
L4 5SZ,1.2
L4 5TA,1.2
L4 5TB,1.2
L4 5TD,1.1
L4 5TE,1.2
L4 5TF,1.2
L4 5TG,1.2
L4 5TH,1.1
L4 5TJ,1.1
L4 5TL,1.1
L4 5TN,1.1
L4 5TP,1.1
L4 5TQ,1.2
L4 5TR,1.1
L4 5TS,1.1
L4 5TT,1.1
L4 5TU,1.1
L4 5TW,1.1
L4 5TX,1.1
L4 5TY,1.1
L4 5TZ,1.1
L4 5UA,1.2
L4 5UB,1.1
L4 5UD,1.2
L4 5UE,1.1
L4 5UF,1.1
L4 5UG,1.2
L4 5UH,1.2
L4 5UJ,1.2
L4 5UL,1.2
L4 5UN,1.2
L4 5UQ,1.2
L4 5UR,1.1
L4 5US,1.2
L4 5UT,1.2
L4 5UU,1.2
L4 5UW,1.2
L4 5UX,1.2
L4 2UL,1.2
L4 2UN,1.2
L4 2UP,1.2
L4 2UQ,1.2
L4 2UR,1.2
L4 2US,1.2
L4 2UT,1.2
L4 2UU,1.2
L4 2UW,1.2
L4 2UX,1.2
L4 2UY,1.2
L4 2UZ,1.2
L4 2XA,1.2
L4 2XB,1.2
L4 2XD,1.2
L4 2XE,1.2
L4 2XF,1.2
L4 5UY,1.2
L4 5UZ,1.2
L4 5XA,1.2
L4 5XB,1.2
L4 5XD,1.2
L4 5XE,1.2
L4 5XF,1.2
L4 5XJ,1.2
L4 5XL,1.2
L4 5XN,1.2
L4 5XW,1.1
L4 6BA,1.2
L4 6RW,1.1
L4 6SB,1.2
L4 6SE,1.2
L4 6SF,1.2
L4 6SG,1.2
L4 6SH,1.2
L4 6SJ,1.2
L4 6SQ,1.1
L4 6SR,1.2
L4 6SS,1.2
L4 6ST,1.2
L4 6SU,1.2
L4 6SX,1.2
L4 6SY,1.2
L4 6SZ,1.2
L4 6TA,1.2
L4 6TB,1.2
L4 6TE,1.2
L4 6TF,1.2
L4 6TG,1.2
L4 6TH,1.2
L4 6TJ,1.1
L4 6TL,1.2
L4 6TN,1.2
L4 6TP,1.2
L4 6TQ,1.2
L4 6TR,1.2
L4 6TS,1.2
L4 6TT,1.2
L4 6TU,1.2
L4 6TW,1.2
L4 6TX,1.2
L4 6TY,1.2
L4 6TZ,1.2
L4 6UA,1.2
L4 6UB,1.2
L4 6UD,1.2
L4 6UF,1.2
L4 6UG,1.2
L4 6UH,1.1
L4 6UL,1.2
L4 6UP,1.2
L4 6UQ,1.1
L4 6UR,1.1
L4 6US,1.1
L4 6UT,1.1
L4 6UU,1.1
L4 6UY,1.1
L4 6XA,1.1
L4 6XD,1.1
L4 6XG,1.2
L4 6XH,1.2
L4 6XP,1.1
L4 6XQ,1.2
L4 6XR,1.2
L4 6XW,1.1
L4 7TA,1.2
L4 7TB,3.2
L4 7TD,3.2
L4 7TE,3.2
L4 7TF,3.2
L4 7TG,3.2
L4 7TH,3.2
L4 7TJ,3.2
L4 7TL,3.2
L4 7TN,3.2
L4 7TP,3.2
L4 7TQ,3.2
L4 7TR,3.2
L4 7TS,1.2
L4 2XG,1.2
L4 3QA,1.1
L4 3QD,1.1
L4 3QF,1.2
L4 3QG,1.2
L4 3QH,1.1
L4 3QJ,1.1
L4 3QL,1.1
L4 3QN,1.1
L4 3QP,1.1
L4 3QR,1.1
L4 3QS,1.1
L4 3QT,1.1
L4 3QU,1.1
L4 3QW,1.1
L4 3QX,1.1
L4 3QY,1.2
L4 3QZ,1.2
L4 3RA,1.1
L4 3RB,1.2
L4 3RD,1.1
L4 3RE,1.1
L4 3RF,1.1
L4 3RG,1.1
L4 3RH,1.1
L4 3RJ,1.1
L4 3RL,1.2
L4 3RN,1.2
L4 3RP,1.1
L4 3RQ,1.1
L4 3RR,1.1
L4 3RS,1.1
L4 3RT,1.2
L4 3RU,1.2
L4 3RW,1.2
L4 3RX,1.2
L4 3RY,1.2
L4 3RZ,1.2
L4 3SA,1.2
L4 3SB,1.2
L4 3SD,1.2
L4 3SE,1.1
L4 3SF,1.1
L4 3SG,1.1
L4 3SH,1.1
L4 3SJ,1.1
L4 3SL,1.1
L4 3SN,1.1
L4 3SQ,1.1
L4 3SR,1.1
L4 3SS,1.1
L4 3ST,1.1
L4 3SU,1.1
L4 3SW,1.1
L4 3SX,1.1
L4 3SY,1.1
L4 3SZ,1.2
L4 3TA,1.2
L4 3TB,1.2
L4 3TD,1.2
L4 3TE,1.1
L4 3TF,1.1
L4 3TL,1.1
L4 3TN,1.1
L4 3TQ,1.1
L4 3TS,1.1
L4 3TT,1.1
L4 3TW,1.1
L4 3TY,1.1
L4 3UA,1.1
L4 3UF,1.1
L4 4AD,1.1
L4 4AF,1.1
L4 4AG,1.1
L4 4AH,1.1
L4 4AJ,1.1
L4 4AR,1.1
L4 4AU,1.1
L4 4AY,1.1
L4 4AZ,1.1
L4 4BB,1.1
L4 4BE,1.1
L4 4BJ,1.1
L4 4BL,1.1
L4 4BL,1.1
L4 4BL,1.1
L4 4BU,1.1
L4 4BZ,1.1
L4 4DA,1.1
L4 4DE,1.1
L4 4DF,1.1
L4 4DG,1.1
L4 4DH,1.1
L4 4DJ,1.1
L4 4DL,1.1
L4 4DN,1.1
L4 4DP,1.1
L4 4DQ,1.1
L4 4DR,1.1
L4 4DS,1.1
L4 4DT,1.1
L4 4DU,1.1
L4 0SJ,1.1
L4 0SL,1.2
L4 0SR,1.1
L4 0SS,1.2
L4 0ST,1.2
L4 0SU,1.2
L4 0SX,1.2
L4 0SY,1.2
L4 0SZ,1.2
L4 0TA,1.2
L4 0TB,1.2
L4 0TD,1.1
L4 0TE,1.2
L4 0TF,1.2
L4 0TH,1.2
L4 0TJ,1.2
L4 0TL,1.2
L4 0TN,1.2
L4 0TP,1.2
L4 0TQ,1.2
L4 4DW,1.1
L4 4DX,1.1
L4 4DY,1.1
L4 4DZ,1.1
L4 4EA,1.1
L4 4EB,1.1
L4 4ED,1.1
L4 4EE,1.1
L4 4EF,1.1
L4 4EG,1.1
L4 4EH,1.1
L4 4EJ,1.2
L4 4EL,1.2
L4 4EN,1.2
L4 4EP,1.2
L4 4EQ,1.1
L4 4ER,1.1
L4 4EW,1.1
L4 4EX,1.1
L4 4HB,1.1
L4 4HE,1.1
L4 4HH,1.1
L4 4HP,1.1
L4 4HQ,1.1
L4 4HS,1.1
L4 4HT,1.1
L4 4HU,1.1
L4 4HY,1.1
L4 4JS,1.1
L4 4JT,1.1
L4 4JX,1.1
L4 4LE,1.1
L4 4LF,1.1
L4 4LG,1.1
L4 4LR,1.1
L4 4LS,1.1
L4 4LT,1.1
L4 4LW,1.1
L4 4LY,1.1
L4 4LZ,1.1
L4 4ND,1.1
L4 4NE,1.1
L4 4NF,1.1
L4 4NH,1.1
L4 4NJ,1.1
L4 4NL,1.1
L4 4NS,1.1
L4 4NU,1.1
L4 4PD,1.1
L4 4PE,1.1
L4 4PG,1.1
L4 4PH,1.1
L4 4PJ,1.1
L4 4PN,1.1
L4 4PP,1.1
L4 4PP,1.1
L4 4PP,1.1
L4 4PR,1.1
L4 4PR,1.1
L4 4PR,1.1
L4 4PS,1.1
L4 4PS,1.1
L4 4PS,1.1
L4 4PT,1.1
L4 4PT,1.1
L4 4PT,1.1
L4 4PU,1.1
L4 4PW,1.1
L4 4PX,1.1
L4 4PY,1.1
L4 4PZ,1.1
L4 4QB,1.1
L4 4QD,1.1
L4 4QE,1.1
L4 4QG,1.1
L4 4QH,1.1
L4 4QJ,1.1
L4 4QL,1.1
L4 4QN,1.1
L4 4QP,1.1
L4 4QQ,1.1
L4 4QR,1.1
L4 4QS,1.1
L4 0TR,1.2
L4 0TS,1.2
L4 0TT,1.2
L4 0TY,1.2
L4 0TZ,1.2
L4 0UA,1.2
L4 0UB,1.2
L4 0UD,1.2
L4 0UE,1.1
L4 0UF,1.2
L4 0UH,1.2
L4 0UQ,1.2
L4 1QB,1.1
L4 1QD,1.1
L4 1QF,1.1
L4 1QG,1.1
L4 1QG,1.1
L4 1QG,1.1
L4 1QH,1.1
L4 1QL,1.1
L4 1QL,1.1
L4 1QL,1.1
L4 1QP,1.1
L4 1QP,1.1
L4 1QP,1.1
L4 1QQ,1.1
L4 1QU,1.1
L4 1QW,1.1
L4 1QW,1.1
L4 1QW,1.1
L4 1QY,1.1
L4 1RA,1.1
L4 1RB,1.1
L4 1RD,1.1
L4 1RE,1.1
L4 1RG,1.1
L4 1RJ,1.1
L4 1RL,1.1
L4 1RN,1.1
L4 1RP,1.1
L4 1RQ,1.1
L4 1RR,1.1
L4 1RS,1.1
L4 1RW,1.1
L4 1SD,1.1
L4 1SD,1.1
L4 1SD,1.1
L4 1SH,1.1
L4 1SH,1.1
L4 1SH,1.1
L4 1SN,1.1
L4 1SN,1.1
L4 1SN,1.1
L4 1SR,1.1
L4 1ST,1.1
L4 1TB,1.1
L4 1TH,1.1
L4 1TS,1.1
L4 1TT,1.1
L4 1TU,1.1
L4 1UB,1.1
L4 1UH,1.1
L4 1UJ,1.1
L4 1UL,1.1
L4 1UN,1.1
L4 1UZ,1.1
L4 1XA,1.1
L4 1XB,1.1
L4 1XD,1.1
L4 1XE,1.1
L4 1XF,1.1
L4 1XG,1.1
L4 1XJ,1.1
L4 1XL,1.1
L4 1XN,1.1
L4 1XP,1.1
L4 1XQ,1.1
L4 1XR,1.1
L4 1XS,1.1
L4 1XT,1.1
L4 1XU,1.1
L4 1XW,1.1
L4 1XX,1.1
L4 1XX,1.1
L4 1XX,1.1
L4 1XY,1.1
L4 1XY,1.1
L4 1XY,1.1
L4 1XZ,1.1
L4 1XZ,1.1
L4 1XZ,1.1
L4 1YA,1.1
L4 1YA,1.1
L4 1YA,1.1
L4 1YB,1.1
L4 1YD,1.1
L4 1YD,1.1
L4 1YD,1.1
L4 1YE,1.1
L4 1YF,1.1
L4 1YG,1.1
L4 1YG,1.1
L4 1YG,1.1
L4 1YH,1.1
L4 1YH,1.1
L4 1YH,1.1
L4 1YQ,1.1
L4 1YQ,1.1
L4 1YQ,1.1
L4 2PA,1.2
L4 2QA,1.2
L4 2QB,1.2
L4 2QD,1.2
L4 2QE,1.1
L4 2QF,1.2
L4 2QG,1.2
L4 2QH,1.2
L4 2QL,1.2
L4 2QN,1.2
L4 2QP,1.2
L4 2QR,1.2
L4 2QS,1.2
L4 2QW,1.2
L4 2QX,1.2
L4 2QZ,1.2
L4 2RA,1.2
L4 2RB,1.2
L4 2RD,1.2
L4 2RE,1.2
L4 2RF,1.2
L4 2RG,1.2
L4 2RH,1.2
L4 2RJ,1.2
L4 2RL,1.2
L4 2RN,1.2
L4 2RP,1.2
L4 2RQ,1.2
L4 2RS,1.2
L4 2RT,1.2
L4 2RW,1.2
L4 2RX,1.2
L4 2RY,1.2
L4 2RZ,1.2
L4 2SA,1.2
L4 2SB,1.2
L4 2SD,1.2
L4 2SE,1.2
L4 2SG,1.2
L4 2SH,1.2
L4 2SJ,1.2
L4 2SL,1.2
L4 2SN,1.2
L4 2SP,1.2
L4 2SR,1.2
L4 2SS,1.2
L4 2ST,1.2
L4 2SU,1.2
L4 2SW,1.2
L4 2SX,1.2
L4 2SY,1.2
L4 2SZ,1.2
L4 2TA,1.2
L4 2TB,1.2
L4 2TD,1.2
L4 2TE,1.2
L4 2TF,1.2
L4 2TG,1.2
L4 2TH,1.2
L4 2TJ,1.2
L4 2TL,1.2
L4 2TN,1.2
L4 2TP,1.2
L4 2TQ,1.2
L4 2TR,1.2
L4 2TS,1.2
L4 2TT,1.2
L4 2TU,1.2
L4 2TW,1.2
L4 2TX,1.2
L4 2TY,1.2
L4 2TZ,1.2
L4 2UA,1.2
L4 2UB,1.2
L4 2UD,1.2
L4 2UE,1.2
L4 2UF,1.2
L4 2UG,1.2
L4 2UH,1.2
L4 2UJ,1.2
L4 0RA,1.1
L4 0RB,1.1
L4 0RD,1.1
L4 0RE,1.2
L4 0RF,1.1
L4 0RG,1.2
L4 0RH,1.1
L4 0RJ,1.1
L4 0RN,1.1
L4 0RP,1.2
L4 0RQ,1.2
L4 0RR,1.2
L4 0RS,1.2
L4 0RT,1.2
L4 0RU,1.1
L4 0RW,1.1
L4 0RX,1.1
L4 0RY,1.1
L4 0RZ,1.1
L4 0SA,1.1
L4 0SB,1.1
L4 0SD,1.1
L4 0SE,1.2
L4 0SF,1.2
L4 0SH,1.1
L37 7ER,3.3
L37 7ES,3.3
L37 7ET,3.3
L37 7EU,3.3
L37 7EW,3.2
L37 7EX,3.3
L37 7EY,3.3
L37 7EZ,3.3
L37 7FD,3.3
L37 7HA,3.3
L37 7HB,3.3
L37 7HD,3.3
L37 7HE,3.3
L37 7HF,3.3
L37 7HG,3.3
L37 7HH,3.3
L37 7HJ,3.3
L37 7HL,3.3
L37 7HN,3.3
L37 7HP,3.3
L37 7HQ,3.3
L37 7HR,3.3
L37 7HS,3.3
L37 7HW,3.3
L37 7HX,3.3
L37 7HY,3.3
L37 7HZ,3.3
L37 7JD,3.3
L37 7JL,3.3
L37 8BA,0.1
L37 8BB,0.1
L37 8BD,0.1
L37 8BE,0.1
L37 8BG,0.1
L37 8BH,0.1
L37 8BJ,0.1
L37 8BL,0.1
L37 8BN,0.1
L37 8BP,0.1
L37 8BQ,3.2
L37 8BR,0.1
L37 8BS,0.1
L37 8BT,0.1
L37 8BU,3.2
L37 8BW,0.1
L37 8BX,3.2
L37 8BY,0.1
L37 8BZ,0.1
L37 8DA,3.2
L37 8DB,3.2
L37 8DD,3.2
L37 8DE,3.2
L37 8DF,3.2
L37 8DG,3.2
L37 8DH,3.2
L37 8DJ,3.2
L37 8DL,0.1
L37 8DN,0.1
L37 8DP,0.1
L37 8DQ,3.2
L37 8DR,0.1
L37 8DS,0.1
L37 8DT,0.1
L37 8DU,0.1
L37 8DX,0.1
L37 8DY,0.1
L37 8DZ,0.1
L37 8EA,0.1
L37 8EB,0.1
L37 8ED,0.1
L37 8EE,0.1
L37 8EF,0.1
L37 8EG,0.1
L37 8EH,0.1
L37 8EN,0.1
L37 8RP,0.1
L38 0BA,2.1
L38 0BB,2.1
L38 0BD,2.1
L38 0BE,2.1
L38 0BG,2.1
L38 0BH,2.1
L38 0BJ,2.1
L38 0BL,2.1
L38 0BN,2.1
L38 0BP,2.1
L38 0BQ,2.1
L38 0BR,2.1
L38 0BS,2.1
L38 0BT,2.1
L38 0BU,2.1
L38 0BW,2.1
L38 0DB,2.1
L38 1QA,0.1
L38 1QB,0.1
L38 1QD,0.1
L38 1QE,0.1
L38 1QF,0.1
L38 1QG,0.1
L38 1QH,0.1
L38 1QQ,0.1
L38 3RA,1.1
L38 3RB,1.1
L38 3RD,2.1
L38 3RE,2.1
L38 3RF,2.1
L38 3RG,2.1
L38 3RH,2.1
L38 3RJ,2.1
L38 3RL,2.1
L38 3RN,2.1
L38 3RP,2.1
L38 3RQ,2.1
L38 3RR,2.1
L38 3RS,2.1
L38 3RT,2.1
L38 3RU,2.1
L38 3RW,2.1
L38 3RX,2.1
L38 3RY,2.1
L38 3RZ,2.1
L38 3SF,2.1
L38 3SG,2.1
L38 4JB,0.1
L38 5DA,0.1
L38 5DB,0.1
L38 5DD,0.1
L38 5DE,0.1
L38 6JA,0.1
L38 6JB,0.1
L38 6JD,0.1
L38 6JE,0.1
L38 6JF,0.1
L38 6JG,0.1
L38 6JH,0.1
L38 6JJ,0.1
L38 6JL,0.1
L38 6JQ,0.1
L37 4EU,0.1
L37 4EW,0.1
L37 4EX,0.1
L37 4EY,0.1
L37 4EZ,0.1
L37 4FB,3.2
L37 4HA,0.1
L37 4HB,0.1
L37 4HD,0.1
L37 4HE,0.1
L37 4HF,0.1
L37 4HG,0.1
L37 4HH,0.1
L37 4HJ,0.1
L37 4HL,0.1
L37 4HQ,0.1
L37 4HR,3.2
L37 4HS,3.3
L37 4HT,3.2
L37 4HU,3.2
L37 4HX,0.1
L37 4HY,3.2
L37 4JF,0.1
L37 4JG,0.1
L37 4JP,0.1
L37 4LF,0.1
L37 6AA,0.1
L37 6AB,0.1
L37 6AD,0.1
L37 6AE,0.1
L37 6AF,0.1
L37 6AG,0.1
L37 6AH,0.1
L37 6AL,0.1
L37 6AN,0.1
L37 6AP,3.2
L37 6AQ,0.1
L37 6AR,3.2
L37 6AS,3.2
L37 6AT,3.2
L37 6AU,0.1
L37 6AW,0.1
L37 6AX,0.1
L37 6AY,0.1
L37 6AZ,0.1
L37 6BA,0.1
L38 7JB,0.1
L38 7JD,0.1
L38 8AF,0.1
L38 9AN,2.1
L38 9AW,2.1
L38 9EA,2.1
L38 9EB,2.1
L38 9ED,2.1
L38 9EE,2.1
L38 9EF,2.1
L38 9EG,2.1
L38 9EH,2.1
L38 9EJ,2.1
L38 9EL,2.1
L38 9EN,2.1
L38 9EP,2.1
L38 9EQ,2.1
L38 9ER,2.1
L38 9ES,2.1
L38 9ET,2.1
L38 9EU,2.1
L38 9EW,2.1
L38 9EX,2.1
L38 9EY,2.1
L38 9EZ,2.1
L38 9GE,2.1
L38 9GF,2.1
L38 9GG,2.1
L38 9GH,2.1
L38 9GJ,2.1
L38 9GL,2.1
L38 9GQ,2.1
L37 6BB,0.1
L37 6BD,0.1
L37 6BE,0.1
L37 6BG,0.1
L37 6BH,0.1
L37 6BJ,0.1
L37 6BL,0.1
L37 6BN,0.1
L37 6BP,0.1
L37 6BQ,0.1
L37 6BR,0.1
L37 6BS,0.1
L37 6BT,0.1
L37 6BU,0.1
L37 6BW,0.1
L37 6BY,0.1
L37 6BZ,0.1
L37 6DA,0.1
L37 6DB,0.1
L37 6DD,0.1
L37 6DE,0.1
L37 6DF,0.1
L37 6DG,0.1
L37 6DH,0.1
L37 6DJ,0.1
L37 6DL,0.1
L37 6DN,0.1
L37 6DP,0.1
L37 6DQ,0.1
L37 6DR,0.1
L37 6DS,0.1
L37 6DT,0.1
L37 6DU,0.1
L37 6DW,0.1
L37 6DX,0.1
L37 6DY,3.2
L37 6DZ,0.1
L37 6EA,0.1
L37 6EB,0.1
L37 6ED,0.1
L37 6EE,3.2
L37 6EF,3.2
L37 6EG,3.2
L37 6EH,0.1
L37 6EJ,3.2
L37 6EL,3.2
L37 6EN,3.2
L37 6EP,3.2
L37 6EQ,3.2
L37 6ER,3.2
L37 6ES,3.2
L37 6ET,3.2
L37 6EW,3.2
L37 6EY,0.1
L37 6HD,0.1
L37 7AA,3.2
L37 7AD,3.3
L37 7AE,3.3
L37 7AF,3.3
L37 7AG,3.3
L37 7AH,3.3
L37 7AJ,3.3
L37 7AL,3.3
L37 7AN,3.3
L37 7AP,3.3
L37 7AQ,3.3
L37 7AR,3.3
L37 7AS,3.3
L37 7AT,3.3
L37 7AU,3.3
L37 7AW,3.3
L37 7AX,3.3
L37 7AY,3.3
L37 7AZ,3.3
L37 7BA,3.3
L37 7BB,3.3
L37 7BD,3.3
L37 7BE,3.3
L37 7BG,3.3
L37 7BH,3.3
L37 7BJ,3.3
L37 7BL,3.3
L37 7BN,3.3
L37 7BP,3.3
L37 7BQ,3.3
L37 7BR,3.3
L37 7BS,3.3
L37 7BT,3.3
L37 7BU,3.3
L37 7BW,3.3
L37 7BX,3.3
L37 7BY,3.3
L37 7BZ,3.3
L37 7DA,3.3
L37 7DB,3.3
L37 7DD,3.3
L37 7DE,3.3
L37 2WR,3.2
L37 2YA,3.3
L37 2YB,3.3
L37 2YD,3.3
L37 2YE,3.3
L37 2YF,3.3
L37 2YG,3.3
L37 2YH,3.2
L37 2YJ,3.3
L37 2YN,3.3
L37 2YP,3.3
L37 2YQ,3.3
L37 2YR,3.3
L37 2YS,3.3
L37 2YT,3.3
L37 2YU,3.3
L37 2YW,3.3
L37 2YX,3.3
L37 2YY,3.3
L37 2YZ,3.3
L37 3HA,3.2
L37 3HB,3.3
L37 3HD,3.2
L37 3HE,3.2
L37 3HF,3.2
L37 3HG,3.2
L37 3HH,3.3
L37 3HJ,3.3
L37 3HL,3.3
L37 3HN,3.3
L37 3HP,3.3
L37 3HQ,3.2
L37 3HR,3.3
L37 3HS,3.3
L37 3HT,3.3
L37 3HU,3.3
L37 3HW,3.3
L37 3HX,3.3
L37 3HY,3.3
L37 3HZ,3.2
L37 3JA,3.3
L37 3JB,3.3
L37 3JD,3.2
L37 3JE,3.2
L37 3JF,3.3
L37 3JG,3.3
L37 3JH,3.2
L37 3JJ,3.3
L37 3JL,3.3
L37 3JN,3.3
L37 3JP,3.3
L37 3JQ,3.2
L37 3JS,3.2
L37 3JT,3.2
L37 3JU,3.2
L37 3JW,3.3
L37 3JX,3.2
L37 3JY,3.2
L37 3JZ,3.2
L37 3LA,3.2
L37 3LB,3.2
L37 3LD,3.3
L37 3LE,3.2
L37 3LF,3.2
L37 3LG,3.2
L37 3LH,3.2
L37 3LJ,3.2
L37 3LL,3.3
L37 3LN,3.2
L37 3LP,3.2
L37 3LQ,3.2
L37 7DF,3.3
L37 7DG,3.3
L37 7DH,3.3
L37 7DJ,3.3
L37 7DL,3.3
L37 7DN,3.3
L37 7DP,3.3
L37 7DQ,3.3
L37 7DR,3.3
L37 7DT,3.3
L37 7DU,3.3
L37 7DW,3.3
L37 7DX,3.3
L37 7DY,3.3
L37 7DZ,3.3
L37 7EA,3.3
L37 7EB,3.3
L37 7ED,3.2
L37 7EE,3.2
L37 7EF,3.2
L37 7EG,3.2
L37 7EH,3.3
L37 7EJ,3.3
L37 7EL,3.3
L37 7EN,3.3
L37 7EP,3.3
L37 7EQ,3.2
L37 3LR,3.2
L37 3LS,3.2
L37 3LT,3.2
L37 3LU,3.2
L37 3LW,3.2
L37 3LX,3.2
L37 3LY,3.2
L37 3LZ,3.2
L37 3NA,3.2
L37 3NB,3.2
L37 3ND,3.3
L37 3NF,3.2
L37 3NG,3.2
L37 3NH,3.2
L37 3NN,3.2
L37 3NP,3.2
L37 3NR,3.2
L37 3NS,3.2
L37 3NT,3.2
L37 3NU,3.3
L37 3NW,3.2
L37 3NX,3.2
L37 3NY,3.2
L37 3NZ,3.3
L37 3PA,3.3
L37 3PB,3.3
L37 3PD,3.2
L37 3PE,3.2
L37 3PF,3.2
L37 3PH,3.2
L37 3PJ,3.2
L37 3PL,3.2
L37 3PN,3.2
L37 3PP,3.2
L37 3PR,3.2
L37 3PS,3.2
L37 3PT,3.2
L37 3PU,3.3
L37 3PX,3.2
L37 3PY,3.2
L37 3QE,3.2
L37 3QF,3.2
L37 3QG,3.3
L37 3QL,3.3
L37 3QN,3.2
L37 3QP,3.2
L37 3QQ,3.2
L37 3QS,3.3
L37 3QW,3.3
L37 3QX,3.2
L37 3RB,3.3
L37 3RL,3.3
L37 3RQ,3.2
L37 3RW,3.3
L37 4AA,3.2
L37 4AB,3.2
L37 4AD,3.2
L37 4AF,3.2
L37 4AG,3.2
L37 4AJ,0.1
L37 4AL,3.2
L37 4AN,3.2
L37 4AP,3.2
L37 4AQ,3.2
L37 4AR,3.2
L37 4AS,3.2
L37 4AT,3.2
L37 4AW,3.2
L37 4AX,3.2
L37 4AY,3.2
L37 4AZ,3.2
L37 4BA,3.2
L37 4BB,3.2
L37 4BD,3.2
L37 4BE,3.2
L37 4BG,3.2
L37 4BH,0.1
L37 4BJ,0.1
L37 4BL,3.2
L37 4BN,3.2
L37 4BP,3.2
L37 4BQ,3.2
L37 4BR,0.1
L37 4BS,3.2
L37 4BT,3.2
L37 4BU,0.1
L37 4BW,0.1
L37 4BX,3.2
L37 4BY,3.2
L37 4BZ,3.2
L37 4DA,3.2
L37 4DB,0.1
L37 4DD,0.1
L37 4DE,0.1
L37 4DF,3.2
L37 4DG,0.1
L37 0AL,3.3
L37 0AN,3.3
L37 0AP,3.3
L37 0AQ,3.3
L37 0AR,3.3
L37 0AW,3.3
L37 1LA,3.3
L37 1LB,3.3
L37 1LD,3.3
L37 1LE,3.3
L37 1LF,3.3
L37 1LH,3.3
L37 1LJ,3.3
L37 1LL,3.3
L37 1LN,3.3
L37 1LP,3.3
L37 1LQ,3.3
L37 1LR,3.3
L37 1LS,3.3
L37 1LT,3.3
L37 1LU,3.3
L37 1LW,3.3
L37 1LX,3.3
L37 1LY,3.3
L37 1LZ,3.3
L37 1NA,3.3
L37 1NB,3.3
L37 1ND,3.3
L37 1NE,3.3
L37 1NF,3.3
L37 1NG,3.3
L37 1NH,3.3
L37 1NJ,3.3
L37 1NL,3.3
L37 1NN,3.3
L37 1NP,3.3
L37 1NQ,3.3
L37 1NR,3.3
L37 1NS,3.3
L37 1NT,3.3
L37 1NU,3.3
L37 1NW,3.3
L37 1NX,3.3
L37 1NY,3.3
L37 1NZ,3.3
L37 1PA,3.3
L37 1PB,3.3
L37 1PD,3.3
L37 1PE,3.3
L37 1PF,3.3
L37 1PG,3.3
L37 1PH,3.3
L37 1PJ,3.3
L37 1PL,3.3
L37 1PN,3.3
L37 1PP,3.3
L37 1PQ,3.3
L37 1PR,3.3
L37 1PS,3.3
L37 1PT,3.3
L37 1PU,3.3
L37 1PW,3.3
L37 1PX,3.3
L37 1PY,3.3
L37 1PZ,3.3
L37 1QA,3.3
L37 1WW,3.2
L37 1XN,3.3
L37 1XP,3.3
L37 1XR,3.3
L37 1XS,3.3
L37 1XT,3.3
L37 1XU,3.3
L37 1XW,3.3
L37 1XX,3.3
L37 1XY,3.3
L37 1XZ,3.3
L37 4DH,3.2
L37 4DJ,3.2
L37 4DL,3.2
L37 4DQ,0.1
L37 4DU,3.2
L37 4ED,3.2
L37 4EG,0.1
L37 4EH,0.1
L37 4EJ,0.1
L37 4EL,0.1
L37 4EN,0.1
L37 4EP,0.1
L37 4EQ,0.1
L37 4ER,0.1
L37 4ES,0.1
L37 4ET,0.1
L37 1YB,3.3
L37 1YD,3.3
L37 1YF,3.3
L37 1YH,3.3
L37 1YX,3.3
L37 2DA,3.3
L37 2DB,3.3
L37 2DD,3.3
L37 2DF,3.3
L37 2DG,3.3
L37 2DH,3.3
L37 2DJ,3.3
L37 2DL,3.3
L37 2DN,3.3
L37 2DP,3.3
L37 2DQ,3.3
L37 2DR,3.3
L37 2DS,3.3
L37 2DT,3.3
L37 2DU,3.3
L37 2DW,3.3
L37 2DX,3.3
L37 2DY,3.3
L37 2DZ,3.3
L37 2EA,3.3
L37 2EB,3.3
L37 2ED,3.3
L37 2EE,3.3
L37 2EF,3.3
L37 2EG,3.2
L37 2EH,3.3
L37 2EJ,3.3
L37 2EL,3.3
L37 2EN,3.2
L37 2EP,3.2
L37 2EQ,3.2
L37 2ER,3.2
L37 2ES,3.2
L37 2ET,3.2
L37 2EU,3.2
L37 2EW,3.2
L37 2EX,3.3
L37 2EY,3.3
L37 2EZ,3.2
L37 2FF,3.3
L37 2FN,3.3
L37 2FP,3.3
L37 2FS,3.2
L37 2FW,3.3
L37 2HA,3.3
L37 2HB,3.3
L37 2HD,3.2
L37 2HE,3.2
L37 2HF,3.2
L37 2HG,3.2
L37 2HH,3.2
L37 2HJ,3.2
L37 2HL,3.2
L37 2HN,3.2
L37 2HP,3.2
L37 2HQ,3.2
L37 2HR,3.2
L37 2HS,3.3
L37 2HT,3.3
L37 2HU,3.3
L37 2HW,3.3
L37 2HX,3.3
L37 2HY,3.3
L37 2HZ,3.3
L37 2JA,3.2
L37 2JB,3.2
L37 2JD,3.2
L37 2JE,3.2
L37 2JF,3.2
L37 2JG,3.2
L37 2JH,3.2
L37 2JJ,3.2
L37 2JL,3.3
L37 2JN,3.3
L37 2JP,3.3
L37 2JQ,3.2
L37 2JR,3.3
L37 2JS,3.3
L37 2JT,3.3
L37 2JU,3.3
L37 2JW,3.3
L37 2JX,3.3
L37 2JY,3.3
L37 2JZ,3.3
L37 2LA,3.3
L37 2LB,3.3
L37 2LD,3.3
L37 2LE,3.3
L37 2LF,3.3
L37 2LG,3.3
L37 2LH,3.3
L37 2LJ,3.3
L37 2LL,3.3
L36 7YP,1.1
L36 7YR,1.2
L36 7YT,1.1
L36 7YU,1.2
L36 7YZ,1.2
L36 8AT,1.2
L36 8AT,3.2
L36 8AU,1.2
L36 8AU,3.2
L36 8AW,1.2
L36 8AW,3.2
L36 8AX,1.2
L36 8AX,3.2
L36 8AY,1.2
L36 8AY,3.2
L36 8BA,1.2
L36 8BB,1.2
L36 8BD,1.2
L36 8BE,1.2
L36 8BG,1.2
L36 8BH,1.2
L36 8BJ,1.2
L36 8BL,1.2
L36 8BN,1.2
L36 8BP,1.2
L36 8BQ,1.2
L36 8BR,1.2
L36 8BS,1.2
L36 8BT,1.2
L36 8BU,1.2
L36 8BW,1.2
L36 8BX,1.2
L36 8BY,1.2
L36 8BZ,1.2
L36 8DA,1.2
L36 8DB,1.2
L36 8DD,1.2
L36 8DE,1.2
L36 8DF,1.2
L36 8DG,1.2
L36 8DH,1.2
L36 8DJ,1.2
L36 8DL,1.2
L36 8DP,1.2
L36 8DQ,1.2
L36 8DR,1.2
L36 8DS,1.2
L36 8DS,3.2
L36 8DU,1.2
L36 8DU,3.2
L36 8DW,1.2
L36 8DX,1.2
L36 8EE,1.2
L36 8EE,3.2
L36 8EH,1.2
L36 8EH,3.2
L36 8EJ,1.2
L36 8EJ,3.2
L36 8EL,1.2
L36 8EL,3.2
L36 8EP,1.2
L36 8EQ,1.2
L36 8EQ,3.2
L36 8ER,1.2
L36 8ES,1.2
L36 8ET,1.2
L36 8EU,1.2
L36 8EX,1.2
L36 8EY,1.2
L36 8EZ,1.2
L36 8FB,1.2
L36 8FB,3.2
L36 8FD,1.2
L36 8FD,3.2
L36 8FE,1.2
L36 8FE,3.2
L36 8FF,1.2
L36 8FG,1.2
L36 8FG,3.2
L36 8FH,1.2
L36 8FH,3.2
L36 8FN,1.2
L36 8FN,3.2
L36 8HA,1.2
L36 8HB,1.2
L36 8HD,1.2
L36 8HE,1.2
L36 8HF,1.2
L36 8HG,1.2
L36 8HH,1.2
L36 8HJ,1.2
L36 8HL,1.2
L36 8HN,1.2
L36 8HP,1.2
L36 8HQ,1.2
L36 8HR,1.2
L36 8HS,1.2
L36 8HT,1.2
L36 8HU,1.2
L36 8HW,1.2
L36 8HX,1.2
L36 8JB,1.2
L36 8JB,3.2
L37 2LN,3.3
L37 2LP,3.3
L37 2LQ,3.3
L37 2LR,3.3
L37 2LS,3.3
L37 2LT,3.3
L37 2LU,3.3
L37 2LW,3.3
L37 2LX,3.3
L37 2LY,3.3
L36 8JD,1.2
L36 8JD,3.2
L36 8JE,1.2
L36 8JE,3.2
L36 8JF,1.2
L36 8JF,3.2
L36 8JG,1.2
L36 8JG,3.2
L36 8JH,1.2
L36 8JH,3.2
L36 8JJ,1.2
L36 8JJ,3.2
L36 8JL,1.2
L36 8JL,3.2
L36 8JN,1.2
L36 8JN,3.2
L36 8JQ,1.2
L36 8JQ,3.2
L36 8JW,1.2
L36 8JW,3.2
L36 9BB,3.2
L36 9FA,3.2
L36 9FB,3.2
L36 9GA,3.2
L36 9GD,3.2
L36 9GE,3.2
L36 9GL,3.2
L36 9RX,3.2
L36 9RY,3.2
L36 9RZ,3.2
L36 9SA,3.2
L36 9SB,3.2
L36 9SD,3.2
L36 9SE,3.2
L36 9SF,3.2
L36 9SG,3.2
L36 9SH,3.2
L36 9SJ,3.2
L36 9SL,3.2
L36 9SN,3.2
L36 9SP,3.2
L36 9SQ,3.2
L36 9SR,3.2
L36 9SS,3.2
L36 9ST,3.2
L36 9SU,3.2
L36 9SW,3.2
L36 9SX,3.2
L36 9SY,3.2
L36 9SZ,3.2
L36 9TA,3.2
L36 9TB,3.2
L36 9TD,3.2
L36 9TE,3.2
L36 9TF,3.2
L36 9TG,1.2
L36 9TH,1.2
L36 9TJ,1.2
L36 9TL,1.2
L36 9TN,1.2
L36 9TP,3.2
L36 9TQ,1.2
L36 9TR,1.2
L36 9TS,3.2
L36 9TT,3.2
L36 9TU,3.2
L36 9TW,3.3
L36 9TX,3.2
L36 9TY,3.2
L36 9TZ,3.2
L36 9UA,3.2
L36 9UB,3.2
L36 9UD,3.2
L36 9UE,3.2
L36 9UF,3.2
L36 9UG,1.1
L36 9UH,1.1
L36 9UJ,3.2
L36 9UL,1.1
L36 9UP,3.2
L36 9UQ,1.1
L36 9UR,1.1
L36 9US,3.2
L36 9UX,3.2
L36 9XA,3.2
L36 9XB,3.2
L36 9XD,3.2
L36 9XE,3.2
L36 9XF,3.2
L36 9XG,3.2
L36 9XH,3.2
L36 9XJ,1.2
L36 9XL,3.2
L36 9XN,3.2
L36 9XQ,3.2
L36 9XR,3.2
L36 9XS,1.1
L36 9XU,1.1
L36 9XW,3.2
L36 9YG,1.1
L36 9YX,3.2
L36 6AL,1.1
L36 6AN,1.1
L36 6AP,1.1
L36 6AQ,1.1
L36 6AR,1.1
L36 6AT,1.1
L36 6AW,0.1
L36 6AX,1.1
L36 6AY,1.1
L36 6AZ,1.1
L36 6BA,1.1
L36 6BB,1.1
L36 6BD,1.1
L36 6BE,1.1
L36 6BG,1.1
L36 6BH,1.1
L36 6BJ,1.1
L36 6BN,1.1
L36 6BP,1.1
L36 6BQ,1.1
L36 6BR,1.1
L36 6BS,1.1
L36 6BT,1.1
L36 6BU,1.1
L36 6BW,1.1
L36 6BX,1.1
L36 6BY,1.1
L36 6BZ,1.1
L36 6DA,1.1
L36 6DB,1.1
L36 6DD,1.1
L36 6DE,1.1
L36 6DF,1.1
L36 6DG,1.1
L36 6DH,1.1
L36 6DJ,1.1
L36 6DL,1.1
L36 6DN,1.1
L36 6DP,1.1
L36 6DQ,1.1
L36 6DR,1.1
L36 6DS,1.2
L36 6DT,1.1
L36 6DU,1.1
L36 6DW,1.1
L36 6DX,1.1
L36 6DY,3.2
L36 6DZ,1.2
L36 6EA,1.2
L36 6EB,1.1
L36 6ED,1.1
L36 6EE,1.2
L36 6EF,1.2
L36 6EG,1.1
L36 6EH,1.1
L36 6EJ,1.1
L36 6EL,1.1
L36 6EN,1.1
L36 6EP,1.1
L36 6EQ,1.1
L36 6ER,1.1
L36 6ET,1.1
L36 6EU,1.2
L36 6EX,1.1
L36 6EZ,1.1
L36 6FB,1.1
L36 6FH,1.1
L36 6FL,1.1
L36 6FN,1.1
L36 6FR,1.1
L36 6GA,3.2
L36 6HA,1.1
L36 6HB,1.1
L36 6HD,1.1
L36 6HE,1.1
L36 6HL,1.2
L36 6HN,1.2
L36 6HP,1.2
L36 6HR,1.1
L36 6HS,1.1
L36 6HW,1.2
L36 6HY,1.1
L36 6JF,3.2
L36 6JG,1.1
L36 6JQ,1.1
L36 6LF,1.1
L36 6LH,1.1
L36 6LP,1.1
L36 6LS,1.1
L36 9YZ,3.2
L37 0AB,3.3
L37 0AE,3.2
L37 0AF,3.2
L37 0AH,3.3
L36 4JA,3.3
L36 6LT,1.1
L36 6LX,1.1
L36 6NA,3.2
L36 7RJ,1.2
L36 7RN,1.2
L36 7RP,1.2
L36 7RQ,1.2
L36 7RR,1.2
L36 7RS,1.2
L36 7RU,1.2
L36 7RW,1.2
L36 7RX,1.2
L36 7RY,1.2
L36 7SA,1.2
L36 7SB,1.2
L36 7SD,1.2
L36 7SE,1.2
L36 7SF,1.2
L36 7SG,1.2
L36 7SH,1.2
L36 7SJ,1.2
L36 7SN,1.2
L36 7SP,1.2
L36 7SQ,1.2
L36 7SR,1.2
L36 7SS,1.2
L36 7ST,1.2
L36 7SU,1.2
L36 7SW,1.2
L36 7SX,1.2
L36 7SY,1.2
L36 7SZ,1.2
L36 7TA,1.2
L36 7TB,1.2
L36 7TD,1.2
L36 7TE,1.2
L36 7TF,1.2
L36 7TG,1.2
L36 7TH,1.2
L36 7TJ,1.2
L36 7TL,1.2
L36 7TN,1.2
L36 7TP,1.2
L36 7TQ,1.2
L36 7TR,1.2
L36 7TS,1.2
L36 7TT,1.2
L36 7TU,1.2
L36 7TW,3.2
L36 7TX,1.1
L36 7TY,1.2
L36 7TZ,1.2
L36 7UA,1.2
L36 7UB,1.2
L36 7UD,1.2
L36 7UE,1.2
L36 7UF,1.2
L36 7UG,1.2
L36 7UH,1.2
L36 7UJ,1.2
L36 7UL,1.2
L36 7UN,1.2
L36 7UP,1.2
L36 7UQ,1.2
L36 7UR,1.2
L36 7US,1.2
L36 7UT,1.2
L36 7UU,1.2
L36 7UW,1.2
L36 7UX,1.2
L36 7UY,1.2
L36 7UZ,1.2
L36 7XA,1.2
L36 7XB,1.2
L36 7XD,1.1
L36 7XE,1.2
L36 7XF,1.2
L36 7XG,1.1
L36 7XH,1.2
L36 7XJ,1.2
L36 7XL,1.2
L36 7XN,1.2
L36 7XP,1.2
L36 7XQ,1.2
L36 7XR,1.2
L36 7XS,1.2
L36 7XT,1.2
L36 7XU,1.2
L36 7XW,1.2
L36 7XX,1.2
L36 7XY,1.2
L36 7XZ,1.2
L36 7YA,1.2
L36 7YH,1.2
L36 7YJ,1.2
L36 7YL,1.2
L36 4JB,3.2
L36 4JD,3.2
L36 4JE,3.2
L36 4JF,3.2
L36 4JG,3.2
L36 4JH,3.2
L36 4JJ,1.2
L36 4JN,3.2
L36 4JQ,3.2
L36 4JR,3.2
L36 4JS,1.2
L36 4JT,3.2
L36 4JU,1.2
L36 4JW,1.2
L36 4JX,1.2
L36 4JZ,3.2
L36 4LB,3.2
L36 4LD,3.2
L36 4LE,3.2
L36 4LF,1.2
L36 4LG,1.2
L36 4LN,1.2
L36 4LR,1.2
L36 4LT,1.2
L36 4LX,1.2
L36 4LZ,1.2
L36 4NA,3.3
L36 4NE,3.2
L36 4NF,3.2
L36 4NG,3.2
L36 4NJ,3.2
L36 4NL,3.2
L36 4NN,3.2
L36 4NP,3.2
L36 4NQ,3.2
L36 4NR,3.2
L36 4NS,3.2
L36 4NT,3.2
L36 4NU,3.2
L36 4NW,3.2
L36 4NX,3.2
L36 4NY,1.1
L36 4NZ,3.2
L36 4PA,3.2
L36 4PB,1.1
L36 4PD,3.2
L36 4PE,1.2
L36 4PF,1.2
L36 4PG,1.2
L36 4PH,1.2
L36 4PJ,1.2
L36 4PL,1.2
L36 4PN,1.2
L36 4PP,3.2
L36 4PQ,1.2
L36 4PS,3.3
L36 4PW,1.2
L36 4PZ,3.3
L36 4QA,3.3
L36 4QB,3.3
L36 4QD,3.3
L36 4QE,3.3
L36 4QF,3.3
L36 4QG,3.3
L36 4QH,3.3
L36 4QJ,3.3
L36 4QL,3.3
L36 4QN,3.3
L36 4QP,3.3
L36 4QQ,3.3
L36 4QR,3.3
L36 4QS,3.2
L36 4QT,3.3
L36 4QU,3.3
L36 4QW,3.3
L36 4QX,3.3
L36 4QY,3.3
L36 4QZ,3.3
L36 4RN,3.3
L36 4RW,3.3
L36 5PL,3.2
L36 5RL,3.2
L36 5RP,3.3
L36 5RS,3.2
L36 5RT,1.1
L36 5RU,3.2
L36 5RX,3.2
L36 5RY,3.2
L36 5RZ,1.1
L36 5SA,1.1
L36 5SB,1.1
L36 5SD,1.1
L36 5SE,1.1
L36 5SF,1.1
L36 5SH,1.1
L36 5SJ,1.1
L36 1YF,1.1
L36 1YG,1.1
L36 1YH,1.2
L36 1YJ,1.1
L36 1YL,1.1
L36 1YN,1.1
L36 2JY,1.2
L36 2JZ,1.1
L36 5SL,1.1
L36 5SN,1.1
L36 5SP,3.2
L36 5SQ,1.1
L36 5SR,1.1
L36 5SS,3.2
L36 5ST,1.1
L36 5SU,3.2
L36 5SW,1.1
L36 5SX,1.1
L36 5SY,1.1
L36 5TA,1.1
L36 5TB,3.2
L36 5TD,3.2
L36 5TE,1.1
L36 5TG,1.1
L36 5TH,3.2
L36 5TJ,3.2
L36 5TL,3.2
L36 5TN,3.2
L36 5TP,3.2
L36 5TQ,3.2
L36 5TR,3.2
L36 5TS,1.1
L36 5TT,3.2
L36 5TU,3.2
L36 5TW,3.2
L36 5TX,3.2
L36 5TY,3.2
L36 5TZ,3.2
L36 5UA,3.2
L36 5UB,3.2
L36 5UD,3.2
L36 5UE,3.2
L36 5UF,3.2
L36 5UG,3.2
L36 5UH,3.2
L36 5UJ,3.2
L36 5UL,3.2
L36 5UN,3.2
L36 5UP,3.2
L36 5UQ,3.2
L36 5UR,0.1
L36 5US,1.1
L36 5UT,0.1
L36 5UU,3.2
L36 5UW,3.2
L36 5UX,1.1
L36 5UY,3.2
L36 5UZ,3.2
L36 5XA,3.2
L36 5XB,3.2
L36 5XD,3.2
L36 5XE,3.2
L36 5XF,3.2
L36 5XG,3.2
L36 5XH,3.2
L36 5XJ,3.2
L36 5XL,3.2
L36 5XN,3.2
L36 5XP,3.3
L36 5XR,3.3
L36 5XS,3.3
L36 5XT,3.2
L36 5XU,3.3
L36 5XW,3.2
L36 5XX,3.3
L36 5XY,3.3
L36 5XZ,3.3
L36 5YA,3.3
L36 5YB,3.2
L36 5YD,3.2
L36 5YF,1.1
L36 5YG,1.1
L36 5YH,1.1
L36 5YJ,3.2
L36 5YL,1.1
L36 5YN,0.1
L36 5YQ,3.2
L36 5YR,3.2
L36 5YS,3.2
L36 5YW,3.2
L36 5YX,3.2
L36 5YY,3.2
L36 6AA,3.2
L36 6AD,0.1
L36 6AE,1.1
L36 6AF,1.1
L36 6AG,1.1
L36 6AJ,1.1
L36 2LA,1.2
L36 2LB,1.1
L36 2LD,1.1
L36 2LE,1.2
L36 2LF,1.2
L36 2LG,1.2
L36 2LH,1.1
L36 2LJ,1.1
L36 2LL,1.1
L36 2LN,1.1
L36 2LP,1.1
L36 2LQ,1.2
L36 2LR,1.1
L36 2LS,1.1
L36 2LT,1.1
L36 2LU,1.1
L36 2LW,1.1
L36 2LX,1.1
L36 2LY,1.1
L36 2LZ,1.1
L36 2NA,1.1
L36 2NB,1.1
L36 2ND,1.1
L36 2NE,1.1
L36 2NF,1.1
L36 2NG,1.1
L36 2NH,1.1
L36 2NJ,1.1
L36 2NL,1.1
L36 2NN,1.1
L36 2NP,1.1
L36 2NQ,1.1
L36 2NR,1.1
L36 2NS,1.1
L36 2NT,1.2
L36 2NU,1.2
L36 2NW,1.1
L36 2NX,1.1
L36 2NY,1.1
L36 2NZ,1.1
L36 2PA,1.1
L36 2PB,1.1
L36 2PD,1.1
L36 2PE,1.1
L36 2PF,1.1
L36 2PG,1.1
L36 2PJ,1.2
L36 2PL,1.2
L36 2PN,1.2
L36 2PP,1.2
L36 2PQ,1.1
L36 2PR,1.2
L36 2PS,1.2
L36 2PT,1.2
L36 2PU,1.2
L36 2PW,1.2
L36 2PX,1.2
L36 2PY,1.2
L36 2PZ,1.2
L36 2QA,1.2
L36 2QB,1.2
L36 2QD,1.2
L36 2QE,1.2
L36 2QF,1.2
L36 2QG,1.2
L36 2QH,1.2
L36 2QJ,1.2
L36 2QL,1.2
L36 2QN,1.2
L36 2QP,1.2
L36 2QQ,1.2
L36 2QR,1.2
L36 2QS,1.2
L36 2QT,1.2
L36 2QU,1.2
L36 2QW,1.2
L36 2QX,1.1
L36 2QY,1.1
L36 2QZ,1.1
L36 2RB,1.2
L36 3RB,1.1
L36 3RD,1.1
L36 3RE,1.1
L36 3RF,1.1
L36 3RG,1.1
L36 3RH,1.1
L36 3RJ,1.1
L36 3RL,1.2
L36 3RN,1.2
L36 3RP,1.2
L36 3RR,1.2
L36 3RS,1.1
L36 3RT,1.1
L36 3RU,1.1
L36 3RW,1.2
L36 3RX,1.1
L36 3RY,1.1
L36 3RZ,1.1
L36 3SA,1.1
L36 3SB,1.1
L35 8PY,1.1
L35 8PZ,0.1
L35 8QA,1.1
L35 8QB,1.1
L35 8QQ,0.1
L35 9JA,0.1
L35 9JB,0.1
L35 9JE,0.1
L35 9JG,0.1
L35 9JH,0.1
L35 9JJ,0.1
L35 9JL,0.1
L35 9JN,0.1
L35 9JP,0.1
L36 3SD,1.1
L36 3SE,1.1
L36 3SF,1.1
L36 3SG,1.2
L36 3SH,1.2
L36 3SJ,1.2
L36 3SL,1.2
L36 3SN,1.2
L36 3SP,1.2
L36 3SQ,1.2
L36 3SR,1.2
L36 3SS,1.2
L36 3ST,1.2
L36 3SU,1.2
L36 3SW,1.2
L36 3SX,1.2
L36 3TA,1.1
L36 3TB,1.1
L36 3TD,1.1
L36 3TE,1.2
L36 3TF,1.2
L36 3TG,1.2
L36 3TH,1.1
L36 3TJ,1.2
L36 3TL,1.2
L36 3TN,1.1
L36 3TP,1.2
L36 3TQ,1.2
L36 3TR,1.2
L36 3TS,1.1
L36 3TT,1.1
L36 3TU,1.1
L36 3TW,1.1
L36 3TX,1.1
L36 3UB,1.2
L36 3UD,1.1
L36 3UE,1.1
L36 3UF,1.1
L36 3UG,1.1
L36 3UH,1.1
L36 3UP,1.1
L36 3UQ,1.1
L36 3UR,1.1
L36 3US,1.1
L36 3UT,1.1
L36 3UU,1.2
L36 3UX,1.1
L36 3UY,1.2
L36 3UZ,1.2
L36 3WA,1.1
L36 3WH,1.1
L36 3XA,1.2
L36 3XB,1.2
L36 3XD,1.2
L36 3XD,3.2
L36 3XE,1.2
L36 3XF,1.2
L36 3XH,1.2
L36 3XH,3.2
L36 3XJ,1.2
L36 3XL,1.2
L36 3XT,1.1
L36 3XU,1.1
L36 3XW,1.2
L36 3YB,1.1
L36 3YD,1.1
L36 3YE,1.1
L36 4HA,3.3
L36 4HD,3.3
L36 4HE,3.2
L36 4HF,3.3
L36 4HG,3.3
L36 4HH,3.2
L36 4HL,3.3
L36 4HN,3.3
L36 4HP,3.2
L36 4HQ,3.3
L36 4HR,3.3
L36 4HS,3.2
L36 4HT,3.3
L36 4HU,3.3
L36 4HW,3.3
L36 4HX,3.3
L36 4HY,3.2
L36 4HZ,3.2
L35 9JQ,0.1
L35 9JR,0.1
L35 9JS,0.1
L35 9JU,0.1
L35 9JW,0.1
L35 9JX,0.1
L35 9JY,0.1
L35 9JZ,0.1
L35 9LA,0.1
L35 9LB,0.1
L35 9LD,0.1
L35 9LE,0.1
L35 9LF,0.1
L35 9LG,0.1
L35 9LH,0.1
L35 9LJ,0.1
L35 9LL,0.1
L35 9LQ,0.1
L35 9LS,0.1
L35 9LT,0.1
L35 9LU,0.1
L35 9LW,1.2
L35 9LX,0.1
L35 9LY,0.1
L35 9LZ,0.1
L35 9ND,0.1
L36 0RQ,1.1
L36 0SA,1.1
L36 0SB,1.1
L36 0SD,1.1
L36 0SE,0.1
L36 0SF,0.1
L36 0SG,1.1
L36 0SH,1.1
L36 0SJ,1.1
L36 0SL,1.1
L36 0SN,1.1
L36 0SP,1.1
L36 0SQ,1.1
L36 0SR,1.1
L36 0SS,1.1
L36 0ST,1.1
L36 0SU,1.1
L36 0SW,1.1
L36 0SX,1.1
L36 0SY,1.1
L36 0SZ,1.1
L36 0TA,1.1
L36 0TB,1.1
L36 0TD,1.1
L36 0TE,1.1
L36 0TF,1.1
L36 0TG,1.1
L36 0TH,1.1
L36 0TJ,0.1
L36 0TL,1.1
L36 0TN,1.1
L36 0TP,1.1
L36 0TQ,1.1
L36 0TR,1.1
L36 0TS,1.1
L36 0TT,1.1
L36 0TU,1.1
L36 0TW,1.1
L36 0TX,1.1
L36 0TY,1.1
L36 0TZ,1.1
L36 0UB,1.1
L36 0UD,1.1
L36 0UE,1.1
L36 0UF,1.1
L36 0UG,1.1
L36 0UH,1.1
L36 0UJ,1.1
L36 0UL,1.1
L36 0UN,1.1
L36 0UP,1.1
L36 0UQ,1.1
L36 0UR,1.1
L36 0US,1.1
L36 0UT,1.1
L36 0UU,1.1
L36 0UW,1.1
L36 0UX,1.1
L36 0UY,1.1
L36 0UZ,1.1
L36 0XA,1.1
L36 0XB,1.1
L36 0XD,1.1
L36 0XE,1.1
L36 0XF,1.1
L36 0XG,1.1
L36 0XH,1.1
L36 0XJ,1.1
L36 0XL,1.1
L36 0XN,0.1
L36 0XP,1.1
L36 0XQ,1.1
L36 0XR,0.1
L35 5DW,1.1
L35 5DX,1.1
L35 5DY,1.2
L35 5DZ,1.1
L35 5EB,1.1
L35 5ED,1.2
L35 5EE,1.1
L35 5EF,1.1
L35 5EG,1.2
L35 5EH,1.1
L35 5EJ,1.2
L35 5EL,1.1
L35 5EN,1.2
L35 5EP,1.2
L35 5EQ,1.2
L35 5ER,1.2
L35 5ES,1.2
L35 5ET,1.2
L35 5EU,1.2
L35 5EW,1.2
L35 5EX,1.2
L35 5EY,1.2
L36 0XS,0.1
L36 0XT,0.1
L36 0XU,0.1
L36 0XW,0.1
L36 0XX,0.1
L36 0XY,0.1
L36 0XZ,0.1
L36 0YD,1.1
L36 0YE,0.1
L36 0YF,0.1
L36 0YG,0.1
L36 0YH,0.1
L36 0YJ,0.1
L36 0YL,0.1
L36 0YN,0.1
L36 0YQ,0.1
L36 0YW,1.1
L36 1SY,1.2
L36 1TA,1.2
L36 1TB,1.1
L36 1TD,3.2
L36 1TE,3.2
L36 1TF,3.2
L36 1TG,1.2
L36 1TH,3.2
L36 1TJ,3.2
L36 1TL,3.2
L36 1TN,1.1
L36 1TP,1.2
L36 1TQ,3.2
L36 1TR,1.1
L36 1TS,1.1
L36 1TT,3.2
L36 1TU,3.2
L36 1TW,1.2
L36 1TX,3.2
L36 1TY,3.2
L36 1TZ,1.1
L36 1UA,3.2
L36 1UB,3.2
L36 1UD,3.2
L36 1UE,1.1
L36 1UF,1.1
L36 1UG,1.1
L36 1UH,1.1
L36 1UJ,1.2
L36 1UL,1.1
L36 1UN,1.1
L36 1UP,1.1
L36 1UQ,1.1
L36 1UR,1.1
L36 1US,1.1
L36 1UT,1.1
L36 1UU,1.1
L36 1UW,1.1
L36 1UX,1.1
L36 1UY,1.1
L36 1UZ,1.1
L36 1XA,1.1
L36 1XB,1.1
L36 1XD,1.1
L36 1XE,1.1
L36 1XF,1.1
L36 1XG,1.1
L36 1XH,1.1
L36 1XJ,1.1
L36 1XL,1.1
L36 1XN,1.1
L36 1XP,1.1
L36 1XQ,1.1
L36 1XR,1.1
L36 1XS,1.1
L36 1XT,1.1
L36 1XU,1.1
L36 1XW,1.1
L36 1XX,1.1
L36 1XY,3.2
L36 1YA,3.2
L35 5EZ,1.2
L35 5GA,1.1
L35 5HA,1.2
L35 5HB,1.2
L35 5HD,1.2
L35 5HE,0.1
L35 5HJ,0.1
L35 5HL,0.1
L35 5HN,0.1
L35 5HR,0.1
L35 5HS,0.1
L35 5HW,0.1
L35 5JA,0.1
L35 5JF,1.1
L35 5JG,1.1
L35 6DA,3.3
L35 6DB,3.3
L35 6DD,3.3
L35 6DE,3.3
L35 6DF,3.3
L35 6NA,0.1
L35 6NB,0.1
L35 6ND,0.1
L35 6NE,3.3
L35 6NG,0.1
L35 6NH,0.1
L35 6NJ,0.1
L35 6NL,0.1
L35 6NN,3.3
L35 6NP,3.3
L35 6NQ,3.3
L35 6NR,3.3
L35 6NS,3.3
L35 6NT,3.3
L35 6NU,1.2
L35 6NW,3.3
L35 6NX,3.3
L35 6NY,3.3
L35 6NZ,3.2
L35 6PB,3.3
L35 6PD,3.3
L35 6PE,3.2
L35 6PF,3.3
L35 6PG,3.3
L35 6PH,3.3
L35 6PJ,3.3
L35 6PL,3.3
L35 6PN,3.3
L35 6PP,0.1
L35 6PQ,3.3
L35 6PR,3.3
L35 6PS,3.3
L35 6PT,3.3
L35 6PU,3.3
L35 6PW,3.3
L35 6PX,3.3
L35 6PY,3.3
L35 6PZ,3.3
L35 6QA,3.3
L35 6QD,3.3
L35 7JA,0.1
L35 7JB,0.1
L35 7JD,0.1
L35 7JE,0.1
L35 7JG,0.1
L35 7JH,0.1
L35 7JJ,0.1
L35 7JL,3.3
L35 7JN,3.3
L35 7JP,0.1
L35 7JR,3.3
L35 7JS,3.3
L35 7JT,3.3
L35 7JU,0.1
L35 7JW,3.3
L35 7JX,3.3
L35 7JY,0.1
L35 7JZ,3.3
L35 7LA,0.1
L35 7LB,3.3
L35 7LD,0.1
L35 7LE,3.3
L35 7LF,0.1
L35 7LG,3.3
L35 7LH,0.1
L35 7LJ,0.1
L35 7LL,0.1
L35 7LN,0.1
L35 7LP,3.3
L35 7LQ,0.1
L35 7LR,3.3
L35 7LS,3.3
L35 7LT,3.3
L35 7LU,3.3
L35 7LW,0.1
L35 7LX,3.3
L35 7LY,3.3
L35 3RW,1.2
L35 3RX,3.2
L35 3RY,1.2
L35 3RZ,1.2
L35 3SA,3.2
L35 3SB,3.2
L35 3SD,3.2
L35 3SE,3.2
L35 3SF,3.2
L35 3SG,3.2
L35 3SH,3.2
L35 3SJ,3.2
L35 3SL,3.2
L35 3SN,3.2
L35 3SP,3.2
L35 3SQ,3.2
L35 3SR,3.1
L35 3SS,3.2
L35 3ST,3.2
L35 3SU,3.2
L35 3SW,3.2
L35 3SX,1.2
L35 3SY,3.2
L35 3SZ,3.2
L35 3TA,3.1
L35 3TB,1.2
L35 3TD,1.2
L35 3TE,1.2
L35 3TF,1.2
L35 7LZ,3.3
L35 7NA,3.3
L35 7NB,3.3
L35 7ND,3.3
L35 7NE,3.3
L35 7NF,3.3
L35 7NG,3.3
L35 7NH,3.3
L35 7NJ,3.3
L35 7NL,3.3
L35 7NN,3.3
L35 7NP,3.3
L35 7NR,3.3
L35 7NU,0.1
L35 7NW,3.3
L35 7NZ,0.1
L35 8LA,0.1
L35 8LB,0.1
L35 8LD,0.1
L35 8LE,1.1
L35 8LF,1.1
L35 8LG,0.1
L35 8LH,0.1
L35 8LJ,0.1
L35 8LL,0.1
L35 8LN,0.1
L35 8LP,1.1
L35 8LQ,0.1
L35 8LR,1.1
L35 8LS,1.1
L35 8LT,0.1
L35 8LU,0.1
L35 8LW,0.1
L35 8LX,0.1
L35 8LY,0.1
L35 8LZ,0.1
L35 8NA,3.3
L35 8NB,1.1
L35 8NE,1.1
L35 8NF,1.1
L35 8NG,1.1
L35 8NH,1.1
L35 8NJ,1.1
L35 8NQ,1.1
L35 8NR,0.1
L35 8NT,1.1
L35 8NU,1.1
L35 8NX,1.1
L35 8NY,0.1
L35 8NZ,1.1
L35 8PA,1.1
L35 8PB,1.1
L35 8PD,1.1
L35 8PE,0.1
L35 8PF,0.1
L35 8PG,1.1
L35 8PH,0.1
L35 8PJ,0.1
L35 8PL,1.1
L35 8PN,1.1
L35 8PP,0.1
L35 8PQ,0.1
L35 8PR,0.1
L35 8PS,0.1
L35 8PT,0.1
L35 8PU,0.1
L35 8PW,0.1
L35 8PX,0.1
L35 3TG,1.2
L35 3TH,1.2
L35 3TJ,1.2
L35 3TL,3.2
L35 3TN,1.2
L35 3TQ,1.2
L35 3TR,1.2
L35 3TS,1.2
L35 3TT,1.2
L35 3TW,1.2
L35 3TX,1.2
L35 3TY,1.2
L35 3TZ,1.2
L35 3UA,1.2
L35 3UB,1.2
L35 3UG,1.2
L35 3UH,3.1
L35 3UP,3.1
L35 3UQ,1.2
L35 3US,1.2
L35 3UT,3.1
L35 3UU,3.1
L35 3UW,1.2
L35 3UX,3.1
L35 3UY,1.2
L35 3UZ,3.1
L35 3XB,3.1
L35 3XD,3.1
L35 3XE,3.1
L35 3XF,3.1
L35 3XH,1.2
L35 3XJ,3.1
L35 3XL,3.1
L35 3XN,3.1
L35 3XP,3.1
L35 3XQ,1.2
L35 3XW,3.1
L35 3XZ,3.1
L35 4LA,0.1
L35 4LD,0.1
L35 4LE,3.2
L35 4LF,3.2
L35 4LG,0.1
L35 4LH,3.2
L35 4LJ,0.1
L35 4LL,0.1
L35 4LN,1.1
L35 4LP,0.1
L35 4LQ,0.1
L35 4LS,0.1
L35 4LT,3.2
L35 4LU,0.1
L35 4LW,1.1
L35 4LY,3.2
L35 4LZ,0.1
L35 4ND,0.1
L35 4NE,3.2
L35 4NF,3.2
L35 4NG,3.2
L35 4NH,3.2
L35 4NJ,3.2
L35 4NL,3.2
L35 4NN,3.2
L35 4NP,3.2
L35 4NQ,3.2
L35 4NR,3.2
L35 4NS,3.2
L35 4NT,3.2
L35 4NU,3.2
L35 4NW,3.2
L35 4NX,3.2
L35 4NY,3.2
L35 4NZ,3.2
L35 4PA,0.1
L35 4PB,0.1
L35 4PD,0.1
L35 4PE,0.1
L35 4PF,3.3
L35 4PH,3.3
L35 4PJ,0.1
L35 4PL,0.1
L35 4PN,0.1
L35 4PP,0.1
L35 4PR,0.1
L35 4PS,0.1
L35 4PT,0.1
L35 4PU,0.1
L35 4PW,3.3
L35 4PX,3.3
L35 4PY,0.1
L35 4PZ,0.1
L35 4QA,3.3
L35 4QB,0.1
L35 4QD,3.3
L35 4QE,3.2
L35 4QF,3.2
L35 4QG,3.2
L35 4QH,3.2
L35 0QA,3.2
L35 0QB,3.2
L35 0QD,3.2
L35 0QE,3.2
L35 0QF,3.2
L35 0QG,3.2
L35 0QH,3.2
L35 0QJ,3.3
L35 0QL,0.1
L35 0QN,3.2
L35 0QP,0.1
L35 0QQ,0.1
L35 0QR,0.1
L35 0QS,3.2
L35 0QT,3.3
L35 0QU,0.1
L35 0QW,3.2
L35 0QX,3.3
L35 0QY,0.1
L35 0RG,0.1
L35 1QA,0.1
L35 1QB,3.3
L35 1QD,3.3
L35 1QE,3.3
L35 1QF,3.3
L35 1QG,3.3
L35 1QH,3.3
L35 1QJ,0.1
L35 1QL,0.1
L35 1QN,3.3
L35 1QQ,3.3
L35 1QR,0.1
L35 1QU,3.3
L35 1QW,3.3
L35 4QJ,3.2
L35 4QL,3.2
L35 4QP,3.2
L35 4QQ,3.2
L35 4QR,3.2
L35 4QS,0.1
L35 4QW,3.2
L35 4QY,0.1
L35 4QZ,3.3
L35 4RA,3.3
L35 4RB,3.2
L35 5AD,0.1
L35 5AE,1.1
L35 5AF,0.1
L35 5AG,0.1
L35 5AH,0.1
L35 5AJ,0.1
L35 5AL,0.1
L35 5AN,0.1
L35 5AP,0.1
L35 5AQ,0.1
L35 5AR,0.1
L35 5AS,0.1
L35 5AT,0.1
L35 5AU,0.1
L35 5AW,0.1
L35 5AX,0.1
L35 5AY,0.1
L35 5AZ,0.1
L35 5BA,0.1
L35 5BB,0.1
L35 5BD,0.1
L35 5BE,1.1
L35 5BG,1.1
L35 5BH,1.1
L35 5BJ,1.1
L35 5BL,1.1
L35 5BN,1.1
L35 5BP,1.1
L35 5BQ,1.1
L35 5BR,1.1
L35 5BS,0.1
L35 5BT,0.1
L35 5BU,0.1
L35 5BW,1.1
L35 5BX,0.1
L35 5BY,1.1
L35 5BZ,0.1
L35 5DA,0.1
L35 5DB,1.1
L35 5DD,1.1
L35 5DE,1.2
L35 5DF,1.1
L35 5DG,1.2
L35 5DH,1.1
L35 5DJ,1.1
L35 5DL,1.1
L35 5DN,1.1
L35 5DQ,1.1
L35 5DR,0.1
L35 5DS,0.1
L35 5DT,1.2
L35 5DU,1.2
L35 1QX,0.1
L35 1QY,0.1
L35 1QZ,0.1
L35 1RA,3.2
L35 1RB,3.2
L35 1RD,3.3
L35 1RE,3.3
L35 1RF,3.3
L35 1RG,3.3
L35 1RH,0.1
L35 1RJ,0.1
L35 1RL,0.1
L35 1RN,0.1
L35 1RP,0.1
L35 1RQ,3.3
L35 1RR,0.1
L35 1RS,0.1
L35 1RT,3.3
L35 1RU,0.1
L35 1RW,0.1
L35 1RZ,3.2
L35 1SF,0.1
L35 2UA,0.1
L35 2UB,1.2
L35 2UD,1.2
L35 2UE,1.2
L35 2UF,0.1
L35 2UG,1.2
L35 2UH,1.2
L35 2UJ,0.1
L35 2UN,1.2
L35 2UP,1.2
L35 2UQ,1.2
L35 2UR,1.2
L35 2US,1.2
L35 2UT,1.2
L35 2UU,1.2
L35 2UW,1.2
L35 2UX,1.2
L35 2UY,1.2
L35 2UZ,1.2
L35 2WA,0.1
L35 2XA,1.2
L35 2XB,1.2
L35 2XD,1.2
L35 2XE,1.2
L35 2XF,1.2
L35 2XG,1.2
L35 2XH,1.2
L35 2XJ,1.2
L35 2XL,0.1
L35 2XN,0.1
L35 2XP,1.2
L35 2XQ,1.2
L35 2XR,1.2
L35 2XS,1.2
L35 2XT,1.2
L35 2XU,1.2
L35 2XW,1.2
L35 2XX,1.2
L35 2XY,1.2
L35 2XZ,1.2
L35 2YA,1.2
L35 2YB,1.2
L35 2YD,1.2
L35 2YE,1.2
L35 2YF,1.2
L35 2YG,1.2
L35 2YH,1.2
L35 2YJ,1.2
L35 2YL,1.2
L35 2YN,1.2
L35 2YQ,1.2
L35 2YR,1.2
L35 2YS,1.2
L35 2YW,1.2
L35 2YZ,1.2
L35 3BA,1.2
L35 3JA,1.2
L35 3JB,1.2
L35 3JD,3.2
L35 3JE,1.2
L35 3JF,1.2
L35 3JG,3.1
L35 3JH,1.2
L35 3JJ,1.2
L35 3JL,3.2
L35 3JN,3.2
L35 3JP,3.2
L35 3JQ,1.2
L35 3JR,3.2
L35 3JS,3.2
L35 3JT,3.2
L35 3JU,1.2
L35 3JW,3.2
L35 3JX,1.2
L34 5SW,1.1
L34 5SW,1.1
L34 5SX,0.1
L34 5SY,1.1
L34 5TB,1.1
L34 5TB,1.1
L34 5TD,0.1
L34 5TH,1.1
L34 5TH,1.1
L34 5UB,1.1
L34 5UD,1.1
L34 5UN,1.1
L34 6HA,1.1
L34 6HA,1.1
L34 6HB,1.1
L34 6HB,1.1
L34 6HD,1.1
L34 6HE,1.1
L34 6HE,1.1
L34 6HF,1.1
L34 6HF,1.1
L34 6HG,1.1
L34 6HG,1.1
L34 6HH,1.1
L34 6HJ,1.1
L34 6HL,1.1
L34 6HN,1.1
L34 6HN,1.1
L34 6HP,1.1
L34 6HQ,1.1
L34 6HQ,1.1
L34 6HR,1.1
L34 6HR,1.1
L34 6HS,1.1
L34 6HT,1.1
L34 6HU,1.1
L34 6HW,1.1
L34 6HX,1.1
L34 6HX,1.1
L34 6HY,1.1
L34 6HZ,1.1
L34 6HZ,1.1
L34 6JA,1.1
L34 6JB,1.1
L34 6JD,1.1
L34 6JE,1.1
L34 6JG,1.1
L34 6JH,1.1
L34 6JH,1.1
L34 6JJ,1.1
L34 6JL,1.1
L34 6JL,1.1
L35 3JZ,1.2
L35 3PA,1.2
L35 3PB,1.2
L35 3PD,1.2
L35 3PE,1.2
L35 3PF,1.2
L35 3PG,1.2
L35 3PH,1.2
L35 3PJ,1.2
L35 3PL,1.2
L35 3PN,1.2
L35 3PP,1.2
L35 3PQ,1.2
L35 3PR,1.2
L35 3PS,3.1
L35 3PT,3.1
L35 3PU,3.1
L35 3PW,3.1
L35 3PX,3.2
L35 3PY,3.2
L35 3PZ,3.2
L35 3QA,3.2
L35 3QB,3.2
L35 3QD,3.1
L35 3QE,3.2
L35 3QF,3.1
L35 3QG,1.2
L35 3QH,1.2
L35 3QJ,1.2
L35 3QL,1.2
L35 3QN,1.2
L35 3QP,1.2
L35 3QQ,1.2
L35 3QR,1.2
L35 3QS,1.2
L35 3QT,1.2
L35 3QU,1.2
L35 3QW,1.2
L35 3QX,1.2
L35 3QY,1.2
L35 3QZ,1.2
L35 3RA,3.1
L35 3RB,1.2
L35 3RD,1.2
L35 3RE,1.2
L35 3RF,1.2
L35 3RG,1.2
L35 3RH,1.2
L35 3RJ,3.2
L35 3RL,3.1
L35 3RN,1.2
L35 3RP,3.1
L35 3RQ,1.2
L35 3RR,3.1
L35 3RS,3.1
L35 3RT,3.2
L35 3RU,3.2
L34 6JN,3.3
L34 6JP,1.1
L34 6JP,1.1
L34 6JQ,1.2
L34 6JR,3.3
L34 6JS,3.3
L34 6JT,3.3
L34 6JU,1.1
L34 6JW,3.3
L34 6LB,1.1
L34 6LD,1.1
L34 6LE,1.1
L34 6LF,1.1
L34 6LG,1.1
L34 6LJ,1.1
L34 6LL,1.1
L34 6LN,1.1
L34 6LP,1.1
L34 6LR,1.1
L34 6LU,3.3
L34 6LW,1.1
L34 6ND,1.1
L34 6NE,1.1
L34 6NE,1.1
L34 6NF,1.1
L34 6NF,1.1
L34 6NG,1.1
L34 6NJ,1.1
L34 6NL,1.1
L34 6NL,1.1
L34 7HA,1.2
L34 7HB,1.2
L34 7HD,1.2
L34 7HE,1.2
L34 7HF,1.2
L34 7HG,1.2
L34 7HQ,1.2
L34 8HA,3.2
L34 8HB,3.2
L34 8HD,3.2
L34 8HE,3.2
L34 8HF,1.2
L34 8HG,1.2
L34 8HH,1.1
L34 8HJ,1.1
L34 8HL,1.1
L34 8HN,1.2
L34 8HQ,3.2
L34 8HW,3.2
L34 9AA,1.2
L34 9AB,3.2
L34 9AR,1.2
L34 9AS,3.2
L34 9BA,1.2
L34 9BD,1.2
L34 9EA,1.2
L34 9EB,1.2
L34 9ED,1.2
L34 9EE,3.2
L34 9EF,1.2
L34 9EG,1.2
L34 9EH,3.2
L34 9EJ,1.2
L34 9EL,1.2
L34 9EN,3.2
L34 9EQ,1.2
L34 9ER,1.2
L34 9ES,3.2
L34 9ET,3.2
L34 9EU,3.2
L34 9EY,3.2
L34 9FB,3.2
L34 9GJ,3.2
L34 9GP,1.2
L34 9GT,3.2
L34 9GX,1.1
L34 9GX,1.1
L34 9GY,1.2
L34 9HA,1.2
L34 9HD,3.2
L34 9HH,1.2
L34 9HN,3.2
L34 9HP,3.2
L34 9HQ,3.2
L34 9HX,1.2
L34 9HY,3.2
L34 9HZ,1.2
L34 9JA,3.2
L34 9JG,1.2
L34 9JR,3.2
L34 9JS,3.2
L35 0LA,0.1
L35 0LB,0.1
L35 0LD,0.1
L35 0LE,0.1
L35 0LF,0.1
L35 0LH,0.1
L35 0LJ,3.2
L34 1PP,3.2
L34 1PR,3.2
L34 1PS,3.2
L34 1PT,3.2
L34 1PU,3.2
L34 1PW,3.2
L34 1PX,3.2
L34 1PY,3.2
L34 1PZ,3.2
L34 1QA,3.2
L34 1QB,3.2
L34 1QD,3.2
L34 1QF,3.2
L34 1QG,0.1
L34 1QL,0.1
L34 1QN,0.1
L34 1ZZ,1.2
L34 2GA,3.3
L34 2GD,3.3
L34 2QA,3.3
L34 2QB,3.3
L34 2QD,3.3
L34 2QE,3.3
L34 2QG,3.3
L34 2QH,3.3
L34 2QL,3.3
L34 2QN,3.3
L34 2QP,3.3
L34 2QQ,3.3
L34 2QR,3.3
L34 2QS,3.3
L34 2QT,3.3
L34 2QU,3.3
L34 2QW,3.3
L34 2QX,3.3
L34 2QY,3.3
L34 2QZ,3.3
L34 2RA,3.3
L34 2RB,3.3
L34 2RD,3.3
L34 2RE,3.3
L34 2RF,3.3
L34 2RG,3.3
L34 2RH,3.3
L34 2RJ,3.3
L34 2RL,3.3
L34 2RN,3.3
L34 2RP,3.3
L34 2RQ,3.3
L35 0LL,0.1
L35 0LN,0.1
L35 0LP,0.1
L35 0LQ,0.1
L35 0LR,0.1
L35 0LS,0.1
L35 0LT,0.1
L35 0LU,0.1
L35 0LW,0.1
L35 0LX,0.1
L35 0LY,0.1
L35 0LZ,0.1
L35 0NA,0.1
L35 0NB,0.1
L35 0ND,0.1
L35 0NE,0.1
L35 0NF,0.1
L35 0NG,0.1
L35 0NH,0.1
L35 0NJ,0.1
L35 0NL,0.1
L35 0NN,0.1
L35 0NP,0.1
L35 0NQ,0.1
L35 0NR,0.1
L35 0NS,0.1
L35 0NT,3.2
L35 0NU,3.2
L35 0NW,0.1
L35 0NX,3.2
L35 0NY,3.2
L35 0NZ,3.2
L35 0PA,0.1
L35 0PB,0.1
L35 0PE,0.1
L35 0PF,0.1
L35 0PG,0.1
L35 0PJ,0.1
L35 0PL,3.2
L35 0PN,3.2
L35 0PP,3.2
L35 0PQ,0.1
L35 0PR,3.2
L35 0PS,3.2
L35 0PT,3.2
L35 0PU,3.3
L35 0PW,3.2
L35 0PX,3.3
L35 0PY,3.2
L35 0PZ,0.1
L34 2RR,3.3
L34 2RS,3.3
L34 2RT,3.3
L34 2RU,3.3
L34 2RW,3.3
L34 2RX,3.3
L34 2RY,3.3
L34 2RZ,3.3
L34 2SA,1.1
L34 2SB,1.1
L34 2SD,1.1
L34 2SE,1.1
L34 2SF,1.1
L34 2SG,0.1
L34 2SJ,0.1
L34 2SL,1.1
L34 2SN,3.3
L34 2SP,1.1
L34 2SQ,0.1
L34 2SR,0.1
L34 2SS,0.1
L34 2ST,0.1
L34 2SU,0.1
L34 2SW,0.1
L34 2SX,0.1
L34 2SY,0.1
L34 2SZ,0.1
L34 2TA,0.1
L34 2TB,0.1
L34 2TD,0.1
L34 2TE,0.1
L34 2TF,0.1
L34 2TG,0.1
L34 2TH,3.3
L34 2TL,3.3
L34 2TN,3.3
L34 2TP,3.3
L34 2TQ,0.1
L34 2TS,3.3
L34 2TT,3.3
L34 2TU,0.1
L34 2UG,3.3
L34 2UH,1.1
L34 2UH,1.1
L34 2UQ,1.1
L34 2UQ,1.1
L34 3LA,1.1
L34 3LA,1.1
L34 3LD,1.1
L34 3LD,1.1
L34 3LE,0.1
L34 3LF,0.1
L34 3LG,0.1
L34 3LJ,0.1
L34 3LL,0.1
L34 3LN,0.1
L34 3LP,0.1
L34 3LR,0.1
L34 3LS,0.1
L34 3LT,0.1
L34 3LU,0.1
L34 3LW,0.1
L34 3LX,0.1
L34 3LY,0.1
L34 3LZ,0.1
L34 3NA,0.1
L34 3NB,0.1
L34 3ND,0.1
L34 3NE,0.1
L34 3WX,1.1
L34 3WX,1.1
L34 4AA,1.1
L34 4AA,1.1
L34 4AD,1.2
L34 4AE,1.2
L34 4AF,1.2
L34 4AG,1.2
L34 4AH,1.2
L34 4AJ,1.2
L34 4AN,1.2
L34 4AP,1.2
L34 4AP,3.2
L34 4AQ,1.2
L34 4AR,1.2
L34 4AT,1.2
L34 4WA,1.1
L34 4WA,1.1
L34 5GA,1.1
L34 5GA,1.1
L34 5ND,1.1
L34 5ND,1.1
L34 5NQ,1.1
L34 5NQ,1.1
L34 5NR,1.1
L34 5NR,1.1
L34 5NT,1.1
L34 5NT,1.1
L34 5NU,1.1
L34 5NU,1.1
L34 5PB,1.1
L34 5PB,1.1
L34 5PD,1.1
L34 5PD,1.1
L34 5PE,1.1
L34 5PE,1.1
L34 5PF,1.1
L34 5PF,1.1
L34 5PG,1.1
L34 5PG,1.1
L34 5PH,0.1
L34 5PJ,0.1
L33 7XF,1.1
L33 7XG,1.1
L33 7XN,1.2
L33 7XS,1.1
L33 7XW,1.2
L33 7XX,1.1
L33 7XY,1.1
L33 7XZ,1.1
L33 7YA,1.1
L33 7YB,1.1
L33 7YE,1.1
L33 7YN,1.2
L33 7YP,1.2
L33 7YQ,1.2
L33 7YX,1.2
L33 7ZR,1.1
L33 8WW,1.1
L33 8WX,1.1
L33 8WY,1.1
L33 8WZ,1.1
L33 8XB,1.1
L33 8XE,1.1
L33 8XF,1.2
L33 8XR,1.1
L33 8XS,1.1
L33 8XT,1.1
L33 8XU,1.1
L33 8XX,1.1
L33 8XY,1.1
L33 8XZ,1.1
L33 8YA,1.1
L33 8YB,1.1
L33 8YD,1.1
L33 8YE,1.1
L33 8YF,1.1
L33 8YH,1.2
L33 8YJ,1.2
L33 8YL,1.2
L33 8YN,1.2
L33 8YP,1.2
L33 8YQ,1.2
L33 8YR,1.1
L33 8YW,1.2
L33 9TA,1.2
L33 9TB,1.2
L33 9TD,1.2
L33 9TF,1.2
L33 9TG,1.2
L33 9TH,1.2
L33 9TJ,1.2
L34 5QA,1.1
L34 5QA,1.1
L34 5QE,1.1
L34 5QE,1.1
L34 5QH,1.1
L34 5QH,1.1
L34 5QJ,1.1
L34 5QJ,1.1
L34 5QL,1.1
L34 5QL,1.1
L34 5QN,1.1
L34 5QN,1.1
L34 5QP,1.1
L34 5QP,1.1
L34 5QQ,1.1
L34 5QQ,1.1
L34 5QR,1.1
L34 5QR,1.1
L34 5QU,1.1
L34 5QU,1.1
L34 5QX,1.1
L34 5QX,1.1
L34 5QY,1.1
L34 5RB,1.1
L34 5RB,1.1
L34 5RD,1.1
L34 5RD,1.1
L34 5RE,1.1
L34 5RF,1.1
L34 5RF,1.1
L34 5RG,1.1
L34 5RG,1.1
L34 5RJ,1.1
L34 5RJ,1.1
L34 5RL,1.1
L34 5RL,1.1
L34 5RN,1.1
L34 5RN,1.1
L34 5RQ,1.1
L34 5RQ,1.1
L34 5RR,1.1
L34 5RR,1.1
L34 5RS,1.1
L34 5RS,1.1
L34 5RU,1.1
L34 5RU,1.1
L34 5RW,0.1
L34 5RY,1.1
L34 5RY,1.1
L34 5SA,1.1
L34 5SA,1.1
L34 5SB,1.1
L34 5SB,1.1
L34 5SE,1.1
L34 5SE,1.1
L34 5SF,1.1
L34 5SF,1.1
L34 5SG,1.1
L34 5SG,1.1
L34 5SH,1.1
L34 5SH,1.1
L34 5SJ,1.1
L34 5SJ,1.1
L34 5SL,1.1
L34 5SL,1.1
L34 5SN,1.1
L34 5SN,1.1
L34 5SQ,1.1
L34 5SQ,1.1
L34 5SS,1.1
L34 5SS,1.1
L34 5ST,1.1
L34 5ST,1.1
L34 5SU,1.1
L34 5SU,1.1
L33 9TL,1.2
L33 9TN,1.2
L33 9TP,1.2
L33 9TQ,1.2
L33 9TR,1.2
L33 9TS,1.2
L33 9TT,1.2
L33 9TW,1.2
L33 9TX,1.2
L33 9TY,1.2
L33 9TZ,1.2
L33 9UA,1.2
L33 9UB,1.2
L33 9UD,1.2
L33 9UE,1.2
L33 9UF,1.2
L33 9UG,1.2
L33 9UH,1.2
L33 9UJ,1.2
L33 9UL,1.2
L33 9UN,1.2
L33 9UQ,1.1
L33 9US,1.2
L33 9UT,1.2
L33 9UX,1.2
L33 9UY,1.2
L33 9UZ,1.2
L33 9XB,1.2
L33 9XD,1.2
L33 9XE,1.2
L33 9XF,1.2
L33 9XG,1.2
L33 9XH,1.2
L33 9XL,1.2
L33 9XP,1.2
L33 9XQ,1.2
L33 9XS,1.2
L33 9XT,1.2
L33 9XW,1.2
L34 0BA,3.2
L34 0BB,3.2
L34 0EA,1.2
L34 0EB,1.2
L34 0ED,1.2
L34 0EE,1.2
L34 0EF,1.2
L34 0EG,1.2
L34 0EH,1.2
L34 0EJ,1.2
L34 0EL,1.2
L34 0EN,1.2
L34 0EP,3.2
L34 0EQ,3.2
L34 0ER,1.2
L34 0ES,3.2
L34 0ET,1.2
L34 0EU,3.2
L34 0EW,3.2
L34 0EY,3.2
L34 0EZ,3.2
L34 0HA,3.2
L34 0HB,3.2
L34 0HD,1.2
L34 0HE,1.2
L34 0HF,1.2
L34 0HG,1.2
L34 0HH,1.2
L34 0HJ,1.2
L34 0HL,1.2
L34 0HN,3.2
L34 0HP,1.2
L34 0HQ,1.2
L34 0HR,3.2
L34 0HS,3.2
L34 0HT,3.2
L34 0HU,3.2
L34 0HW,3.2
L34 0HX,3.2
L34 0HY,3.2
L34 0HZ,3.2
L34 0JA,3.2
L34 0JB,3.2
L34 0JD,3.2
L34 0JE,3.2
L34 0JF,3.2
L34 0JG,3.2
L34 0JH,1.2
L34 0JN,3.2
L34 0JQ,3.2
L34 0JW,3.2
L34 1BD,3.2
L34 1BH,3.2
L34 1BN,3.2
L34 1LA,0.1
L34 1LB,0.1
L34 1LD,0.1
L33 4EW,3.1
L33 4EX,3.1
L33 4EY,3.1
L33 4EZ,3.1
L33 4FB,3.1
L33 4FD,3.1
L33 4FE,3.1
L33 4GA,3.1
L33 4GB,3.1
L33 4HA,3.1
L33 4HB,3.1
L33 4HD,3.1
L33 4HE,3.1
L33 4HF,3.1
L33 4HG,3.1
L33 4HJ,3.1
L33 4HL,3.1
L33 4HP,3.1
L33 4HR,3.1
L33 4HS,3.1
L33 4HT,3.1
L33 4HU,3.1
L33 4HW,3.1
L33 4HX,3.1
L33 4JA,3.1
L33 4JB,3.1
L33 4JD,3.1
L33 4JE,3.1
L33 4YE,1.2
L33 4YS,1.2
L33 4YT,1.2
L33 4YU,1.2
L33 4YX,1.2
L33 4YY,1.2
L33 4YZ,1.2
L33 5XA,1.1
L33 5XB,1.1
L33 5XD,1.1
L33 5XE,1.1
L33 5XF,1.1
L33 5XG,1.1
L33 5XH,1.1
L33 5XJ,1.1
L33 5XL,1.1
L33 5XN,1.1
L33 5XP,1.1
L33 5XQ,1.1
L33 5XR,1.1
L33 5XS,1.1
L33 5XT,1.1
L34 1LE,0.1
L34 1LH,0.1
L34 1LJ,0.1
L34 1LL,0.1
L34 1LN,0.1
L34 1LP,0.1
L34 1LQ,0.1
L34 1LR,0.1
L34 1LS,0.1
L34 1LT,0.1
L34 1LU,0.1
L34 1LW,0.1
L34 1LX,1.1
L34 1LX,1.1
L34 1LY,0.1
L34 1LZ,0.1
L34 1NA,0.1
L34 1NB,0.1
L34 1ND,1.1
L34 1ND,1.1
L34 1NE,0.1
L34 1NF,1.1
L34 1NF,1.1
L34 1NG,0.1
L34 1NH,1.1
L34 1NH,1.1
L34 1NJ,1.1
L34 1NJ,1.1
L34 1NL,0.1
L34 1NQ,1.1
L34 1NQ,1.1
L34 1NR,0.1
L34 1NS,0.1
L34 1NT,0.1
L34 1NU,0.1
L34 1NX,0.1
L34 1NY,0.1
L34 1PB,0.1
L34 1PJ,3.2
L34 1PL,3.2
L34 1PN,3.2
L33 5XU,1.1
L33 5XW,1.1
L33 5XX,1.1
L33 5XY,1.1
L33 5XZ,1.1
L33 5YA,1.1
L33 5YB,1.1
L33 5YD,1.1
L33 5YF,1.1
L33 5YG,1.1
L33 5YH,1.1
L33 5YJ,1.1
L33 5YL,1.1
L33 5YP,1.1
L33 5YQ,1.1
L33 6UA,1.1
L33 6UB,1.1
L33 6UD,1.1
L33 6UE,1.1
L33 6UF,1.1
L33 6UG,1.1
L33 6UH,1.1
L33 6UJ,1.1
L33 6UL,1.2
L33 6UN,1.2
L33 6UP,1.2
L33 6UQ,1.1
L33 6US,1.2
L33 6UT,1.2
L33 6UU,1.2
L33 6UW,1.1
L33 6UX,1.2
L33 6UY,1.2
L33 6UZ,1.2
L33 6WD,1.2
L33 6XA,1.2
L33 6XB,1.2
L33 6XD,1.1
L33 6XE,1.1
L33 6XG,1.1
L33 6XJ,1.1
L33 6XL,1.2
L33 6XN,1.1
L33 6XP,1.1
L33 6XQ,1.1
L33 6XR,1.2
L33 6XS,1.2
L33 6XT,1.2
L33 6XU,1.2
L33 6XW,1.1
L33 6XX,1.2
L33 6XY,1.2
L33 6XZ,1.2
L33 6YB,1.2
L33 6YD,1.2
L33 6YE,1.2
L33 6YF,1.2
L33 6YH,1.1
L33 6YJ,1.2
L33 6YN,1.1
L33 6YQ,1.2
L33 7BA,1.1
L33 7BB,1.1
L33 7BJ,1.1
L33 7BU,1.1
L33 7BY,1.1
L33 7DF,1.1
L33 7DR,1.2
L33 7ED,1.1
L33 7ET,1.1
L33 7HT,1.1
L33 7PA,1.1
L33 7RD,1.1
L33 7RN,1.2
L33 7RR,1.2
L33 7RT,1.1
L33 7RW,1.1
L33 7RX,1.2
L33 7SA,1.1
L33 7SB,1.1
L33 7SD,1.1
L33 7SE,1.1
L33 7SF,1.1
L33 7SG,1.1
L33 7SL,1.1
L33 7SQ,1.1
L33 7SR,1.1
L33 7SS,1.1
L33 7SW,1.1
L33 7SX,1.1
L33 1EG,3.1
L33 1EH,3.1
L33 1EJ,3.1
L33 1EL,3.1
L33 1EN,3.1
L33 1EQ,3.1
L33 1ER,3.1
L33 1EW,3.1
L33 1QZ,1.2
L33 1RA,1.2
L33 1RB,1.2
L33 1RD,1.2
L33 1RE,1.2
L33 1RF,1.2
L33 1RG,1.2
L33 1RH,1.2
L33 1RJ,1.2
L33 1RL,1.2
L33 1RN,1.2
L33 1RP,1.2
L33 1RR,1.2
L33 1RT,1.2
L33 1RU,1.2
L33 1RW,1.2
L33 1RX,1.2
L33 1RY,1.2
L33 1RZ,1.2
L33 1SA,1.2
L33 1SB,1.2
L33 1SD,1.2
L33 1SE,1.2
L33 1SF,1.2
L33 1SG,1.2
L33 1SH,3.1
L33 1SL,1.2
L33 1SN,1.2
L33 1SP,3.1
L33 1SQ,3.1
L33 1SR,3.1
L33 1SS,3.1
L33 1ST,3.1
L33 1SU,3.1
L33 1SW,3.1
L33 1SX,3.1
L33 1SY,3.1
L33 1SZ,1.2
L33 1TA,1.2
L33 1TB,1.2
L33 1TD,1.2
L33 1TE,1.2
L33 1TF,1.2
L33 1TG,1.2
L33 1TH,1.2
L33 1TJ,1.2
L33 1TN,1.2
L33 1TP,1.2
L33 1TR,1.2
L33 1TS,1.2
L33 1TT,1.2
L33 1TW,1.2
L33 1TX,1.2
L33 1TZ,1.2
L33 1UA,1.2
L33 1UE,1.2
L33 1UF,1.2
L33 1UG,1.2
L33 1UH,1.2
L33 1UJ,1.2
L33 7SY,1.1
L33 7TA,1.1
L33 7TD,1.1
L33 7TG,1.1
L33 7TH,1.2
L33 7TJ,1.1
L33 7TQ,1.1
L33 7TT,1.1
L33 7TW,1.1
L33 7TX,1.1
L33 7TZ,1.1
L33 7UF,1.1
L33 7UG,1.2
L33 7UH,1.2
L33 7UL,1.1
L33 7UR,1.1
L33 7UT,1.2
L33 7UW,1.1
L33 7UY,1.2
L33 7UZ,1.2
L33 7XB,1.1
L33 7XE,1.1
L33 1UL,1.2
L33 1UN,1.2
L33 1UP,1.2
L33 1UQ,1.2
L33 1UR,1.2
L33 1US,1.2
L33 1UT,1.2
L33 1UU,1.2
L33 1UW,1.2
L33 1UX,1.2
L33 1UY,1.2
L33 1WA,1.2
L33 1WB,1.2
L33 1WD,1.2
L33 1WE,1.2
L33 1WF,1.2
L33 1WU,1.2
L33 1WX,3.1
L33 1WY,3.1
L33 1WZ,3.1
L33 1XA,3.1
L33 1XT,1.2
L33 1YF,1.2
L33 1YG,1.2
L33 1YL,1.2
L33 1YR,1.2
L33 1YX,1.2
L33 1ZA,1.2
L33 1ZB,3.1
L33 1ZD,1.2
L33 1ZE,1.2
L33 1ZF,1.2
L33 1ZG,1.2
L33 1ZH,1.2
L33 1ZJ,1.2
L33 1ZL,1.2
L33 1ZN,1.2
L33 1ZP,1.2
L33 1ZQ,1.2
L33 1ZR,1.2
L33 1ZS,1.2
L33 1ZT,1.2
L33 1ZW,1.2
L33 1ZX,1.2
L33 1ZY,1.2
L33 1ZZ,3.1
L33 2DA,1.2
L33 2DB,1.2
L33 2DD,1.2
L33 2DE,1.2
L33 2DF,1.2
L33 2DG,1.2
L33 2DH,1.2
L33 2DJ,1.2
L33 2DL,1.2
L33 2DN,1.2
L33 2DP,1.2
L33 2DQ,1.2
L33 2DR,1.2
L33 2DS,1.2
L33 2DT,1.2
L33 2DU,1.2
L33 2DW,1.2
L33 2DX,1.2
L33 2DY,1.2
L33 2DZ,1.2
L33 2EB,1.2
L33 2ED,1.2
L33 2EE,1.2
L33 2EF,1.2
L33 2EH,1.2
L33 3AD,1.1
L33 3AE,1.1
L33 3AF,1.1
L33 3AH,1.1
L33 3AJ,1.1
L33 3AN,1.1
L33 3AQ,1.1
L33 3AR,1.2
L33 3AY,1.2
L33 4BA,3.1
L33 4BB,3.1
L33 4BD,3.1
L33 4DA,1.2
L33 4DB,1.2
L33 4DD,1.2
L33 4DE,1.2
L33 4DF,3.1
L33 4DG,3.1
L33 4DH,3.1
L33 4DL,3.1
L33 4DP,3.1
L32 7RS,1.2
L32 7RT,1.2
L32 7RW,1.2
L32 7RX,1.2
L32 7RZ,1.2
L32 7SA,1.2
L32 7SB,1.2
L32 7SD,1.2
L32 7SE,1.2
L32 7SF,1.2
L32 8AF,1.1
L32 8RA,1.1
L32 8RD,1.1
L32 8RE,1.1
L32 8RF,1.1
L32 8RG,1.1
L32 8RH,1.1
L32 8RJ,1.1
L32 8RR,1.1
L32 8RW,1.1
L32 8RX,1.1
L32 8SA,1.2
L32 8SE,1.1
L32 8SF,1.1
L32 8SJ,1.1
L32 8SL,1.1
L32 8SN,1.1
L32 8SP,1.1
L32 8SR,1.1
L32 8SS,1.1
L32 8ST,1.1
L32 8SU,1.1
L32 8SW,1.1
L32 8SX,1.2
L32 8SY,1.1
L32 8SZ,1.1
L32 8TA,1.1
L32 8TB,1.1
L32 8TD,1.1
L32 8TE,1.1
L32 8TF,1.1
L32 8TG,1.2
L32 8TH,1.1
L32 8TJ,1.1
L32 8TL,1.2
L32 8TN,1.1
L32 8TP,1.2
L32 8TQ,1.1
L32 8TR,1.2
L32 8TS,1.2
L32 8TT,1.2
L32 8TU,1.2
L32 8TW,1.1
L32 8TX,1.2
L32 8TY,1.2
L32 8TZ,1.2
L32 8UA,1.1
L32 8UB,1.2
L32 8UE,1.1
L32 8UG,1.1
L32 8UJ,1.1
L32 8UL,1.1
L32 8UN,1.1
L32 8UQ,1.2
L32 8UR,1.1
L32 8US,1.1
L32 8UY,1.1
L32 8WZ,1.1
L32 8XB,1.1
L32 8XD,1.1
L32 8XE,1.1
L33 4DQ,3.1
L33 4DR,3.1
L33 4DS,3.1
L33 4DT,3.1
L33 4DU,3.1
L33 4DW,3.1
L33 4DX,3.1
L33 4DY,3.1
L33 4DZ,3.1
L33 4EA,3.1
L33 4EB,3.1
L33 4EG,3.1
L33 4EH,3.1
L33 4EJ,3.1
L33 4EL,3.1
L33 4EN,3.1
L33 4EP,3.1
L33 4EQ,3.1
L33 4ER,3.1
L33 4ES,3.1
L33 4ET,3.1
L33 4EU,3.1
L32 8XP,1.2
L32 8XR,1.1
L32 8XY,1.1
L32 8YB,1.1
L32 8ZQ,1.1
L32 8ZU,1.1
L32 9BA,1.2
L32 9BB,1.2
L32 9BD,1.2
L32 9PA,1.2
L32 9PB,1.2
L32 9PE,1.2
L32 9PF,1.2
L32 9PG,1.2
L32 9PL,1.2
L32 9PN,1.2
L32 9PP,1.2
L32 9PQ,1.2
L32 9PR,1.2
L32 9PS,1.2
L32 9PT,1.2
L32 9PU,1.2
L32 9PW,1.2
L32 9PX,1.2
L32 9PY,1.2
L32 9PZ,1.2
L32 9QA,1.2
L32 9QB,1.2
L32 9QD,1.2
L32 9QE,1.2
L32 9QF,1.2
L32 9QG,1.2
L32 9QH,1.2
L32 9QJ,1.2
L32 9QL,1.2
L32 9QN,1.2
L32 9QP,1.2
L32 9QQ,1.2
L32 9QR,1.2
L32 9QS,1.2
L32 9QT,1.2
L32 9QU,1.2
L32 9QW,1.2
L32 9QX,1.2
L32 9QY,1.2
L32 9QZ,1.2
L32 9RA,1.2
L32 9RB,1.2
L32 9RD,1.2
L32 9RE,1.2
L32 9RF,1.2
L32 9RG,1.2
L32 9RH,1.2
L32 9RJ,1.2
L32 9RL,1.2
L32 9RN,1.2
L32 9RP,1.2
L32 9RQ,1.2
L32 9RS,1.2
L32 9RT,1.2
L32 9RW,1.2
L32 9SA,1.2
L32 9SB,1.2
L32 9SD,1.2
L32 9SF,1.2
L32 9SG,1.2
L32 9SH,1.2
L32 9SJ,1.2
L32 9SL,1.2
L32 9SN,1.2
L32 9SP,1.2
L32 9SQ,1.2
L32 9SR,1.2
L32 9SS,1.2
L32 9ST,1.2
L32 9SU,1.2
L32 9SW,1.2
L33 0XA,1.1
L33 0XB,1.1
L33 0XD,1.1
L33 0XE,1.1
L33 0XF,1.1
L33 0XG,1.1
L33 0XH,1.1
L33 0XJ,1.1
L33 0XN,1.1
L33 0XP,1.1
L33 0XQ,1.1
L33 0XR,1.1
L33 0XS,1.1
L33 0XT,1.1
L33 0XU,1.1
L33 0XW,1.1
L33 0XX,1.1
L33 0XY,1.1
L33 0XZ,1.1
L33 0YA,1.1
L33 0YB,1.1
L32 3XU,1.2
L32 3XW,1.2
L32 3XX,1.2
L32 3XY,1.2
L32 3XZ,1.2
L32 3YA,1.2
L32 3YB,1.2
L32 3YD,1.2
L32 3YE,1.2
L32 3YF,1.2
L32 3YG,1.2
L32 3YJ,1.2
L32 4RY,1.2
L32 4RZ,1.2
L32 4SA,1.2
L32 4SD,1.2
L32 4SE,1.2
L32 4SF,1.2
L32 4SG,0.1
L32 4SH,0.1
L32 4SJ,0.1
L32 4SL,0.1
L32 4SN,0.1
L32 4SP,0.1
L32 4SQ,0.1
L32 4SR,1.2
L32 4SS,1.2
L32 4ST,1.2
L32 4SU,1.2
L32 4SW,0.1
L32 4SX,1.2
L32 4SY,0.1
L32 4SZ,1.2
L32 4TA,1.2
L32 4TB,1.2
L32 4TD,1.2
L32 4TE,1.2
L32 4TF,1.2
L32 4TG,1.2
L32 4TH,1.2
L32 4TQ,1.2
L32 4TU,1.2
L32 4TX,1.2
L32 4TY,1.2
L32 4TZ,1.2
L32 4UA,1.2
L32 4UB,1.2
L32 4UD,1.2
L32 4UE,1.2
L32 4UF,1.2
L32 4UG,1.2
L32 4UH,1.2
L32 4UJ,1.2
L32 4UL,1.2
L32 4UN,1.2
L32 4UQ,1.2
L32 4UR,1.2
L32 4US,1.2
L32 4UT,1.2
L32 4UU,1.2
L32 4UX,1.2
L32 4UY,1.2
L32 4WA,1.2
L32 4WB,1.2
L32 4XD,1.2
L32 5SR,1.2
L32 5SS,1.2
L32 5ST,1.2
L32 5SU,1.2
L32 5SZ,1.2
L32 5TA,1.2
L32 5TB,1.2
L32 5TD,1.2
L32 5TE,1.2
L32 5TF,1.2
L32 5TG,1.2
L32 5TH,1.2
L32 5TJ,1.2
L32 5TL,1.2
L32 5TN,1.2
L32 5TP,1.2
L32 5TQ,1.2
L32 5TR,1.2
L32 5TS,1.2
L33 0YD,1.1
L33 0YE,1.1
L33 0YF,1.1
L33 0YL,1.2
L33 0YQ,1.1
L33 1AB,3.1
L33 1AD,3.1
L33 1DE,1.2
L33 1DF,1.2
L33 1DZ,1.2
L33 1EB,1.2
L33 1ED,3.1
L33 1EE,3.1
L33 1EF,3.1
L32 5TU,1.2
L32 5TW,1.2
L32 5TY,1.2
L32 5UP,0.1
L32 6QA,1.2
L32 6QB,1.2
L32 6QD,1.2
L32 6QE,1.2
L32 6QF,1.2
L32 6QG,1.2
L32 6QH,1.2
L32 6QJ,1.2
L32 6QL,1.2
L32 6QN,1.2
L32 6QP,1.2
L32 6QQ,1.2
L32 6QR,1.2
L32 6QS,1.2
L32 6QT,1.2
L32 6QU,1.2
L32 6QW,1.2
L32 6QX,1.2
L32 6QY,1.2
L32 6QZ,1.2
L32 6RA,1.2
L32 6RB,1.2
L32 6RD,1.2
L32 6RE,1.2
L32 6RF,1.2
L32 6RG,1.2
L32 6RH,1.2
L32 6RJ,1.2
L32 6RL,1.2
L32 6RN,1.2
L32 6RP,1.2
L32 6RQ,1.2
L32 6RR,1.2
L32 6RS,1.2
L32 6RT,1.2
L32 6RU,1.2
L32 6RW,1.2
L32 6RX,1.2
L32 6RY,1.2
L32 6SA,1.2
L32 6SB,1.2
L32 6SD,1.2
L32 6SE,1.2
L32 6SF,1.2
L32 6SG,1.2
L32 6SH,1.2
L32 6SJ,1.2
L32 6SL,1.2
L32 6SN,1.2
L32 6SQ,1.2
L32 6SR,1.2
L32 6SS,1.2
L32 6ST,1.2
L32 6SW,1.2
L32 6SZ,1.2
L32 7PA,1.2
L32 7PB,1.2
L32 7PD,1.2
L32 7PE,1.2
L32 7PF,1.2
L32 7PH,1.2
L32 7PJ,1.2
L32 7PL,1.2
L32 7PN,1.2
L32 7PP,1.2
L32 7PQ,1.2
L32 7PR,1.2
L32 7PS,1.2
L32 7PT,1.2
L32 7PU,1.2
L32 7PW,1.2
L32 7PY,1.2
L32 7PZ,1.2
L32 7QA,1.2
L32 7QE,1.2
L32 7QF,1.2
L32 7QG,1.2
L32 7QH,1.2
L32 7QJ,1.2
L32 7QL,1.2
L32 7QN,1.2
L32 7QP,1.2
L32 7QQ,1.2
L32 7QR,1.2
L32 7QS,1.2
L32 7QT,1.2
L32 7QU,1.2
L32 7QW,1.2
L32 7QX,1.2
L32 7QY,1.2
L32 7RA,1.2
L32 7RB,1.2
L32 7RD,1.2
L32 7RE,1.2
L32 7RF,1.2
L31 9PF,3.2
L31 9PG,0.1
L31 9PG,0.1
L31 9PJ,0.1
L31 9PJ,0.1
L31 9PL,0.1
L31 9PL,0.1
L31 9PN,0.1
L31 9PN,0.1
L31 9PQ,0.1
L31 9PQ,0.1
L31 9PR,3.2
L31 9PS,3.2
L31 9PT,3.2
L31 9PU,3.2
L31 9PW,0.1
L31 9PW,0.1
L31 9PZ,3.2
L32 0RB,1.2
L32 0RD,1.2
L32 0RE,1.2
L32 0RF,1.2
L32 0RG,0.1
L32 0RH,1.2
L32 0RJ,0.1
L32 0RL,0.1
L32 0RN,1.2
L32 0RP,0.1
L32 0RQ,0.1
L32 0RR,1.2
L32 0RS,1.2
L32 0RT,1.2
L32 0RU,1.2
L32 0RW,1.2
L32 0RX,0.1
L32 0RY,0.1
L32 0RZ,1.2
L32 0SA,1.2
L32 0SB,0.1
L32 0SD,0.1
L32 0SE,1.2
L32 0SF,0.1
L32 0SG,0.1
L32 0SH,0.1
L32 0SJ,0.1
L32 0SL,1.2
L32 0SN,0.1
L32 0SP,1.2
L32 0SQ,0.1
L32 0SR,1.2
L32 0SS,1.2
L32 0ST,1.2
L32 0SU,1.2
L32 0SW,1.2
L32 0SX,1.2
L32 0SY,1.2
L32 0SZ,1.2
L32 0TA,1.2
L32 0TB,1.2
L32 0TD,1.2
L32 0TE,1.2
L32 0TF,1.2
L32 0TG,0.1
L32 0TH,1.2
L32 0TJ,1.2
L32 0TL,1.2
L32 0TN,1.2
L32 0TP,1.2
L32 0TQ,1.2
L32 0TR,1.2
L32 0TS,1.2
L32 0TT,1.2
L32 0TU,1.2
L32 0TW,1.2
L32 0TX,1.2
L32 0TY,1.2
L32 0TZ,1.2
L32 0UA,1.2
L32 0UB,1.2
L32 0UD,1.2
L32 0UE,1.2
L32 0UF,1.2
L32 0UG,1.2
L32 0UH,1.2
L32 0UJ,1.2
L32 0UL,1.2
L32 0UN,1.2
L32 0UP,1.2
L32 0UQ,1.2
L32 0UR,1.2
L32 0US,1.2
L32 0UW,1.2
L32 0UX,0.1
L32 7RG,1.2
L32 7RH,1.2
L32 7RJ,1.2
L32 7RL,1.2
L32 7RN,1.2
L32 7RP,1.2
L32 7RQ,1.2
L32 7RR,1.2
L32 0UZ,0.1
L32 0WA,1.2
L32 0XA,1.2
L32 0XB,1.2
L32 0XE,1.2
L32 0XF,1.2
L32 0XH,1.2
L32 0XJ,1.2
L32 0XL,1.2
L32 0XQ,1.2
L32 1BA,1.2
L32 1BB,1.2
L32 1BD,1.2
L32 1BE,1.2
L32 1BG,1.2
L32 1BH,1.2
L32 1BJ,1.2
L32 1BN,1.2
L32 1BQ,1.2
L32 1BT,1.2
L32 1TA,0.1
L32 1TB,0.1
L32 1TD,0.1
L32 1TE,0.1
L32 1TF,0.1
L32 1TG,0.1
L32 1TH,0.1
L32 1TJ,0.1
L32 1TL,0.1
L32 1TN,0.1
L32 1TP,0.1
L32 1TQ,0.1
L32 1TR,0.1
L32 1TS,0.1
L32 1TT,0.1
L32 1TU,0.1
L32 1TW,0.1
L32 1TZ,0.1
L32 2AA,1.1
L32 2AD,0.1
L32 2AE,0.1
L32 2AF,1.2
L32 2AG,0.1
L32 2AJ,0.1
L32 2AL,0.1
L32 2AN,0.1
L32 2AP,0.1
L32 2AQ,0.1
L32 2AR,0.1
L32 2AS,0.1
L32 2AU,0.1
L32 2AW,0.1
L32 2AX,0.1
L32 2AZ,0.1
L32 2BA,0.1
L32 2BB,0.1
L32 2BD,0.1
L32 2BE,0.1
L32 2BG,0.1
L32 2BH,1.2
L32 2BJ,1.2
L32 2BL,1.2
L32 2BN,0.1
L32 2BP,1.2
L32 2BQ,0.1
L32 2BR,0.1
L32 2BS,0.1
L32 2BT,0.1
L32 2BU,0.1
L32 2BW,0.1
L32 2BY,0.1
L32 2BZ,0.1
L32 2DD,0.1
L32 2DE,0.1
L32 2DF,0.1
L32 2DG,0.1
L32 2DH,0.1
L32 2DJ,0.1
L32 2DL,0.1
L32 2DN,0.1
L32 2DP,0.1
L32 2DQ,0.1
L32 3XA,1.2
L32 3XB,1.2
L32 3XD,1.2
L32 3XE,1.2
L32 3XF,1.2
L32 3XG,1.2
L32 3XH,1.2
L32 3XJ,1.2
L32 3XL,1.2
L32 3XN,1.2
L32 3XP,1.2
L32 3XQ,1.2
L32 3XR,1.2
L32 3XS,1.2
L31 7AD,0.1
L31 7AE,0.1
L31 7AF,0.1
L31 7AG,0.1
L31 7AJ,0.1
L31 7AL,0.1
L31 7AN,0.1
L31 7AP,0.1
L31 7AR,0.1
L31 7AS,0.1
L31 7AT,0.1
L31 7AU,0.1
L31 7AW,0.1
L31 7AX,0.1
L31 7AY,0.1
L31 7AZ,0.1
L31 7BA,0.1
L31 7BB,0.1
L31 7BD,0.1
L31 7BE,0.1
L31 7BG,0.1
L31 7BJ,0.1
L31 7BL,0.1
L31 7BN,0.1
L31 7BP,0.1
L31 7BQ,0.1
L31 7BR,0.1
L31 7BS,0.1
L31 7BT,0.1
L31 7BU,0.1
L31 7BW,0.1
L31 7BX,0.1
L31 7BY,0.1
L31 7BZ,0.1
L31 7DA,0.1
L31 7DB,0.1
L31 7DD,0.1
L31 7DE,0.1
L31 7DF,0.1
L31 7DG,0.1
L31 7DH,0.1
L31 7DJ,0.1
L31 7DL,0.1
L31 7DN,0.1
L31 7DP,0.1
L31 7DQ,0.1
L31 7DR,0.1
L31 7DS,0.1
L31 7DT,0.1
L31 7DW,0.1
L31 7EA,0.1
L31 7EB,0.1
L31 7ER,0.1
L31 7FB,0.1
L31 8AA,0.1
L31 8AB,0.1
L31 8AD,0.1
L31 8AE,0.1
L31 8AF,0.1
L31 8AG,0.1
L31 8AH,0.1
L31 8AJ,0.1
L31 8AL,0.1
L31 8AN,0.1
L31 8AP,0.1
L31 8AQ,0.1
L31 8AR,0.1
L31 8AS,0.1
L31 8AT,0.1
L31 8AU,0.1
L31 8AW,0.1
L31 8AX,0.1
L31 8AY,0.1
L31 8AZ,0.1
L31 8BA,0.1
L31 8BB,0.1
L31 8BD,0.1
L31 8BE,0.1
L31 8BG,0.1
L31 8BH,0.1
L31 8BJ,0.1
L31 8BL,0.1
L31 8BN,0.1
L31 8BQ,0.1
L31 8BR,0.1
L31 8BS,0.1
L31 8BT,0.1
L31 8BU,0.1
L31 8BW,0.1
L31 8BX,0.1
L31 8BY,0.1
L31 8DD,0.1
L31 8DE,0.1
L31 8DF,0.1
L32 3XT,1.2
L31 4EW,0.1
L31 4EY,3.2
L31 4EZ,3.2
L31 8DG,0.1
L31 8DH,0.1
L31 8DJ,0.1
L31 8DL,0.1
L31 8DP,0.1
L31 8DQ,0.1
L31 8DR,0.1
L31 8DS,0.1
L31 8DT,0.1
L31 8DU,0.1
L31 8DW,0.1
L31 8DX,0.1
L31 8DY,0.1
L31 8DZ,0.1
L31 8EA,0.1
L31 8EB,0.1
L31 8ED,0.1
L31 8EF,0.1
L31 8EG,0.1
L31 8EH,0.1
L31 8EJ,0.1
L31 8EL,0.1
L31 8EN,0.1
L31 8EP,0.1
L31 8EQ,0.1
L31 8ER,0.1
L31 8ES,0.1
L31 8EW,0.1
L31 8EX,0.1
L31 8EY,0.1
L31 9AA,0.1
L31 9AB,0.1
L31 9AD,3.2
L31 9AE,0.1
L31 9AE,0.1
L31 9AF,0.1
L31 9AF,0.1
L31 9AG,0.1
L31 9AH,0.1
L31 9AH,0.1
L31 9AJ,0.1
L31 9AJ,0.1
L31 9AL,0.1
L31 9AL,0.1
L31 9AN,0.1
L31 9AN,0.1
L31 9AP,0.1
L31 9AQ,0.1
L31 9AQ,0.1
L31 9AR,0.1
L31 9AR,0.1
L31 9AS,0.1
L31 9AS,0.1
L31 9AT,0.1
L31 9AT,0.1
L31 9AU,0.1
L31 9AU,0.1
L31 9AW,0.1
L31 9AW,0.1
L31 9AX,0.1
L31 9AY,0.1
L31 9AZ,0.1
L31 9BA,0.1
L31 9BB,0.1
L31 9BD,0.1
L31 9BE,0.1
L31 9BE,0.1
L31 9BG,0.1
L31 9BH,0.1
L31 9BJ,0.1
L31 9BL,0.1
L31 9BN,0.1
L31 9BN,0.1
L31 9BP,0.1
L31 9BQ,0.1
L31 9BR,0.1
L31 9BS,0.1
L31 9BT,0.1
L31 9BU,0.1
L31 9BW,0.1
L31 9BW,0.1
L31 9BX,0.1
L31 9BX,0.1
L31 9BY,3.2
L31 9BZ,3.2
L31 9DA,3.2
L31 9DB,3.2
L31 9DD,0.1
L31 9DD,0.1
L31 9DE,0.1
L31 9DE,0.1
L31 9DF,0.1
L31 9DF,0.1
L31 9DG,0.1
L31 9DG,0.1
L31 9DH,0.1
L31 9DH,0.1
L31 9DJ,0.1
L31 9DJ,0.1
L31 9DL,0.1
L31 9DL,0.1
L31 9DN,0.1
L31 9DN,0.1
L31 9DP,0.1
L31 9DP,0.1
L31 9DQ,0.1
L31 9DQ,0.1
L31 9DR,0.1
L31 9DR,0.1
L31 9DS,0.1
L31 9DS,0.1
L31 9DT,0.1
L31 9DT,0.1
L31 9DU,0.1
L31 9DU,0.1
L31 9DW,0.1
L31 9DW,0.1
L31 9DX,0.1
L31 9DX,0.1
L31 9DY,0.1
L31 9DY,0.1
L31 9DZ,3.2
L31 9PA,0.1
L31 9PA,0.1
L31 9PB,0.1
L31 9PB,0.1
L31 9PD,3.2
L31 9PE,3.2
L31 4HA,3.2
L31 4HB,3.2
L31 4HD,3.2
L31 4HE,3.2
L31 4HF,3.2
L31 4HG,3.2
L31 4HH,3.2
L31 4HJ,3.2
L31 4HL,3.2
L31 4HN,3.2
L31 4HP,3.2
L31 4HQ,3.2
L31 4HR,3.2
L31 4HT,3.2
L31 4HU,3.2
L31 4HW,3.2
L31 4JA,3.2
L31 4JB,3.2
L31 4JD,3.2
L31 4JE,3.2
L31 4JF,3.2
L31 4JG,3.2
L31 4JH,3.3
L31 4JJ,3.3
L31 4JL,3.3
L31 4JN,3.3
L31 4JP,3.3
L31 4JQ,3.3
L31 4JR,3.3
L31 4JS,3.3
L31 4JT,3.2
L31 4JU,3.2
L31 4JW,3.3
L31 4JX,3.2
L31 4JY,3.2
L31 4JZ,3.2
L31 4LA,3.3
L31 4LB,3.3
L31 4LD,3.3
L31 5JA,0.1
L31 5JB,0.1
L31 5JE,0.1
L31 5JF,0.1
L31 5JG,0.1
L31 5JH,0.1
L31 5JJ,0.1
L31 5JL,0.1
L31 5JN,0.1
L31 5JP,0.1
L31 5JQ,0.1
L31 5JR,0.1
L31 5JS,0.1
L31 5JT,0.1
L31 5JU,0.1
L31 5JW,0.1
L31 5JX,0.1
L31 5JY,0.1
L31 5JZ,0.1
L31 5LA,0.1
L31 5LB,0.1
L31 5LD,0.1
L31 5LE,0.1
L31 5LF,0.1
L31 5LG,0.1
L31 5LJ,0.1
L31 5LN,0.1
L31 5LP,0.1
L31 5LQ,0.1
L31 5LR,0.1
L31 5LS,0.1
L31 5LT,0.1
L31 5LU,0.1
L31 5LW,0.1
L31 5LX,0.1
L31 5LY,0.1
L31 5LZ,0.1
L31 5NB,0.1
L31 5ND,0.1
L31 5NE,0.1
L31 5NF,0.1
L31 5NG,0.1
L31 5NH,0.1
L31 5NJ,0.1
L31 5NL,0.1
L31 5NN,0.1
L31 5NP,0.1
L31 5NQ,0.1
L31 5NR,0.1
L31 5NS,0.1
L31 5NT,0.1
L31 5NW,0.1
L31 1LD,0.1
L31 1LE,0.1
L31 1LF,0.1
L31 1LH,0.1
L31 1LH,0.1
L31 1LJ,0.1
L31 1LL,0.1
L31 1LR,0.1
L31 2HA,0.1
L31 2HB,0.1
L31 2HD,3.2
L31 5NX,0.1
L31 5NY,0.1
L31 5NZ,0.1
L31 5PA,0.1
L31 5PB,0.1
L31 5PD,0.1
L31 5PL,0.1
L31 5PN,0.1
L31 5PP,0.1
L31 5PW,0.1
L31 6AA,0.1
L31 6AB,0.1
L31 6AD,0.1
L31 6AE,0.1
L31 6AF,0.1
L31 6AG,0.1
L31 6AH,0.1
L31 6AJ,0.1
L31 6AL,0.1
L31 6AN,0.1
L31 6AP,0.1
L31 6AQ,0.1
L31 6AR,0.1
L31 6AS,0.1
L31 6AT,0.1
L31 6AU,0.1
L31 6AW,0.1
L31 6AX,0.1
L31 6AY,0.1
L31 6AZ,0.1
L31 6BA,0.1
L31 6BB,0.1
L31 6BD,0.1
L31 6BE,0.1
L31 6BG,0.1
L31 6BH,0.1
L31 6BJ,0.1
L31 6BL,0.1
L31 6BN,0.1
L31 6BP,0.1
L31 6BQ,0.1
L31 6BR,0.1
L31 6BS,0.1
L31 6BT,0.1
L31 6BU,0.1
L31 6BW,0.1
L31 6BX,0.1
L31 6BY,0.1
L31 6BZ,0.1
L31 6DA,0.1
L31 6DB,3.2
L31 6DD,3.2
L31 6DE,3.2
L31 6DF,0.1
L31 6DG,0.1
L31 6DH,0.1
L31 6DH,0.1
L31 6DJ,3.2
L31 6DL,0.1
L31 6DN,0.1
L31 6DP,0.1
L31 6DR,0.1
L31 6DS,0.1
L31 6DT,0.1
L31 6DU,0.1
L31 6DW,0.1
L31 6DX,0.1
L31 6DY,0.1
L31 6DZ,3.2
L31 6EA,0.1
L31 6EB,0.1
L31 6ED,0.1
L31 6EE,0.1
L31 6EF,0.1
L31 6EG,0.1
L31 6EP,3.2
L31 6EQ,0.1
L31 6ER,3.2
L31 6EU,3.2
L31 6EY,3.2
L31 6FB,3.2
L31 7AA,0.1
L31 7AB,0.1
L31 2HE,0.1
L31 2HF,0.1
L31 2HG,0.1
L31 2HH,0.1
L31 2HJ,0.1
L31 2HL,0.1
L31 2HN,0.1
L31 2HP,0.1
L31 2HQ,0.1
L31 2HR,0.1
L31 2HS,0.1
L31 2HT,0.1
L31 2HU,0.1
L31 2HW,0.1
L31 2HX,3.2
L31 2HY,3.2
L31 2HZ,3.2
L31 2JA,3.2
L31 2JB,0.1
L31 2JD,0.1
L31 2JE,0.1
L31 2JF,0.1
L31 2JG,0.1
L31 2JH,0.1
L31 2JJ,0.1
L31 2JL,0.1
L31 2JN,3.2
L31 2JP,3.2
L31 2JQ,0.1
L31 2JR,3.2
L31 2JS,3.2
L31 2JT,3.2
L31 2JU,3.2
L31 2JW,3.2
L31 2JX,3.3
L31 2JY,3.2
L31 2JZ,3.2
L31 2LA,3.3
L31 2LB,3.3
L31 2LD,3.2
L31 2LE,3.2
L31 2LF,3.2
L31 2LG,3.2
L31 2LH,3.2
L31 2LJ,3.2
L31 2LL,3.2
L31 2LN,3.2
L31 2LP,3.2
L31 2LQ,3.2
L31 2LR,3.2
L31 2LS,3.2
L31 2LT,3.2
L31 2LU,3.2
L31 2LW,3.2
L31 2LX,3.2
L31 2LY,3.3
L31 2LZ,0.1
L31 2NA,0.1
L31 2NB,3.2
L31 2ND,3.3
L31 2NE,0.1
L31 2NF,0.1
L31 2NG,0.1
L31 2NH,0.1
L31 2NJ,0.1
L31 2NL,0.1
L31 2NN,0.1
L31 2NP,0.1
L31 2NQ,0.1
L31 2NR,0.1
L31 2NS,0.1
L31 2NT,0.1
L31 2NU,0.1
L31 2NW,0.1
L31 2NX,0.1
L31 2NY,0.1
L31 2PB,0.1
L31 2PE,3.2
L31 2PG,3.3
L31 2PH,0.1
L31 2PJ,3.2
L31 2PL,0.1
L31 2PN,0.1
L31 2PQ,0.1
L31 2PR,3.2
L31 2PS,3.2
L31 2PT,3.2
L31 3DA,3.2
L31 3DB,3.2
L31 3DD,3.2
L31 3DE,3.2
L31 3DF,3.2
L31 3DG,3.2
L31 3DH,3.2
L31 3DL,3.2
L31 3DN,0.1
L31 3DP,3.2
L31 3DQ,3.2
L30 8RR,3.2
L30 8RS,3.2
L30 8RT,3.2
L30 8RU,3.2
L30 8RW,3.2
L30 8RX,3.2
L30 8RY,3.2
L30 8RZ,3.2
L30 8SA,3.2
L30 8SB,3.2
L30 8SD,3.2
L30 8SE,3.2
L30 9SA,1.1
L30 9SB,1.1
L30 9SD,1.1
L30 9SE,1.1
L30 9SF,1.1
L30 9SG,1.1
L30 9SH,1.1
L31 3DR,3.2
L31 3DS,0.1
L31 3DT,3.2
L31 3DU,0.1
L31 3DW,0.1
L31 3DX,0.1
L31 3DY,3.2
L31 3DZ,3.2
L31 3EA,0.1
L31 3EB,0.1
L31 3ED,3.2
L31 3EE,3.2
L31 3EF,3.2
L31 3EG,3.2
L31 3EH,3.2
L31 3EJ,3.2
L31 3EL,3.2
L31 3EN,3.2
L31 3EP,3.2
L31 3EQ,3.2
L31 3ER,0.1
L31 3ES,0.1
L31 3ET,0.1
L31 3EU,3.2
L31 3EW,3.2
L31 3EX,3.2
L31 3EY,3.2
L31 3EZ,0.1
L31 3HA,3.2
L31 3HB,3.2
L31 3HD,3.2
L31 3HE,3.2
L31 3HF,3.2
L31 3HG,3.2
L31 3HH,3.2
L31 3HN,3.2
L31 3HP,3.2
L31 3HR,3.2
L31 3HS,3.2
L31 3HT,3.2
L31 3HU,3.2
L31 3JD,3.2
L31 4AA,3.2
L31 4AB,3.2
L31 4AD,3.2
L31 4AE,3.2
L31 4DB,3.3
L31 4DD,3.3
L31 4DE,3.2
L31 4DF,3.2
L31 4DG,3.3
L31 4DH,3.2
L31 4DJ,3.2
L31 4DL,3.2
L31 4DN,3.3
L31 4DP,3.2
L31 4DQ,3.3
L31 4DR,3.2
L31 4DS,3.2
L31 4DT,3.2
L31 4DU,3.2
L31 4DW,3.2
L31 4DX,3.3
L31 4DY,3.3
L31 4DZ,3.2
L31 4EA,3.3
L31 4EB,3.2
L31 4ED,3.2
L31 4EE,3.2
L31 4EF,3.3
L31 4EG,3.2
L31 4EH,3.2
L31 4EJ,3.2
L31 4EL,3.2
L31 4EN,3.2
L31 4EP,3.2
L31 4EQ,3.2
L31 4ER,3.2
L31 4ES,3.2
L30 9SJ,1.1
L30 9SL,1.1
L30 9SP,1.1
L30 9SQ,1.1
L30 9SR,1.1
L30 9SS,1.1
L30 9ST,1.1
L30 9SU,1.1
L30 9SX,1.1
L30 9SY,1.1
L30 9SZ,3.2
L30 9TB,1.1
L30 9TD,1.1
L30 9TE,1.1
L30 9TF,1.1
L31 0AA,0.1
L31 0AB,0.1
L31 0AE,0.1
L31 0AG,0.1
L31 0AH,0.1
L31 0AJ,0.1
L31 0AL,0.1
L31 0AN,0.1
L31 0AP,0.1
L31 0AQ,0.1
L31 0AR,0.1
L31 0AS,0.1
L31 0AT,0.1
L31 0AU,0.1
L31 0AW,0.1
L31 0AX,0.1
L31 0AY,0.1
L31 0AZ,0.1
L31 0BA,0.1
L31 0BB,0.1
L31 0BD,0.1
L31 0BE,0.1
L31 0BG,0.1
L31 0BH,0.1
L31 0BJ,0.1
L31 0BL,3.2
L31 0BN,0.1
L31 0BP,3.2
L31 0BQ,0.1
L31 0BR,3.2
L31 0BS,3.2
L31 0BT,3.2
L31 0BU,0.1
L31 0BW,0.1
L31 0BX,0.1
L31 0BY,0.1
L31 0BZ,0.1
L31 0DA,0.1
L31 0DB,0.1
L31 0DD,0.1
L31 0DE,3.2
L31 0DF,3.2
L31 0DG,3.2
L31 0DJ,0.1
L31 0DQ,0.1
L31 0EB,0.1
L31 1AA,0.1
L31 1AD,0.1
L31 1AE,0.1
L31 1AF,0.1
L31 1AG,0.1
L31 1AH,0.1
L31 1AJ,0.1
L31 1AL,0.1
L31 1AN,0.1
L31 1AP,0.1
L31 1AQ,0.1
L31 1AR,0.1
L31 1AT,0.1
L31 1AU,0.1
L31 1AW,0.1
L31 1AX,0.1
L31 1AY,0.1
L31 1AZ,0.1
L31 1BA,0.1
L31 1BE,0.1
L31 1BG,0.1
L31 1BH,0.1
L31 1BJ,0.1
L31 1BL,0.1
L31 1BN,0.1
L31 1BP,0.1
L31 1BQ,0.1
L31 1BR,0.1
L31 1BS,0.1
L31 1BT,0.1
L31 1BU,0.1
L31 1BW,0.1
L30 3ST,1.1
L30 3SU,1.1
L30 3SW,1.1
L30 3SX,1.1
L30 3SY,1.1
L30 3TA,1.1
L30 3TB,1.1
L30 3TD,1.1
L30 3TE,1.1
L30 3TF,1.1
L30 3TG,1.1
L30 3TH,1.1
L30 3TJ,1.1
L30 3TL,1.1
L30 3TN,1.1
L30 3TP,1.1
L30 3TR,1.1
L30 3TS,1.1
L30 3TT,1.1
L30 3TU,1.1
L30 3TW,1.1
L30 3TX,1.1
L30 3TY,1.1
L30 3TZ,1.1
L30 3UA,1.1
L30 3UB,1.1
L30 4AA,1.1
L31 1BX,0.1
L31 1BY,0.1
L31 1BZ,0.1
L31 1DA,0.1
L31 1DB,0.1
L31 1DD,0.1
L31 1DE,0.1
L31 1DG,0.1
L31 1DH,0.1
L31 1DJ,0.1
L31 1DL,0.1
L31 1DN,0.1
L31 1DP,0.1
L31 1DQ,0.1
L31 1DR,0.1
L31 1DS,0.1
L31 1DT,0.1
L31 1DU,0.1
L31 1DW,0.1
L31 1DY,0.1
L31 1DZ,0.1
L31 1EA,0.1
L31 1EB,0.1
L31 1ED,0.1
L31 1EE,0.1
L31 1EF,0.1
L31 1EG,0.1
L31 1EH,0.1
L31 1EJ,0.1
L31 1EL,0.1
L31 1EN,0.1
L31 1EP,0.1
L31 1EQ,0.1
L31 1ES,0.1
L31 1ET,0.1
L31 1EU,0.1
L31 1EW,0.1
L31 1EX,0.1
L31 1EY,0.1
L31 1EZ,0.1
L31 1FB,0.1
L31 1FD,0.1
L31 1FE,0.1
L31 1GA,0.1
L31 1GB,0.1
L31 1HA,0.1
L31 1HB,0.1
L31 1HD,0.1
L31 1HE,0.1
L31 1HE,0.1
L31 1HF,0.1
L31 1HG,0.1
L31 1HG,0.1
L31 1HH,0.1
L31 1HH,0.1
L31 1HP,0.1
L31 1HW,0.1
L31 1HW,0.1
L31 1HZ,0.1
L31 1JB,0.1
L31 1JB,0.1
L31 1JD,0.1
L31 1JD,0.1
L31 1JF,0.1
L31 1JH,0.1
L31 1JN,0.1
L31 1JP,0.1
L31 1JQ,0.1
L31 1JR,0.1
L31 1JS,0.1
L31 1JU,0.1
L31 1JW,0.1
L31 1JX,0.1
L31 1JY,0.1
L31 1JZ,0.1
L31 1LA,0.1
L31 1LB,0.1
L30 4TH,1.2
L30 4UA,1.1
L30 4UE,1.2
L30 4UG,1.1
L30 4UT,1.1
L30 4XE,1.2
L30 4XL,1.2
L30 4XN,1.1
L30 4XR,1.1
L30 4XS,1.1
L30 4YD,1.2
L30 5QA,1.1
L30 5QD,1.1
L30 5QE,1.1
L30 5QF,1.1
L30 5QG,1.1
L30 5QH,1.1
L30 5QJ,1.1
L30 5QL,1.1
L30 5QP,1.1
L30 5QQ,1.1
L30 5QR,1.1
L30 5QS,1.1
L30 5QT,1.1
L30 5QU,1.1
L30 5QW,1.1
L30 5QX,1.1
L30 5QY,1.1
L30 5QZ,1.1
L30 5RA,1.1
L30 5RB,1.1
L30 5RD,1.1
L30 5RE,1.1
L30 5RF,1.1
L30 5RG,1.1
L30 5RH,1.1
L30 5RJ,1.1
L30 5RL,1.1
L30 5RP,1.1
L30 5RQ,1.1
L30 5RR,1.1
L30 5RS,1.1
L30 5RT,1.1
L30 5RU,1.1
L30 5RW,1.1
L30 5RX,1.1
L30 5RY,1.1
L30 5RZ,1.1
L30 5SA,1.1
L30 5SB,1.1
L30 5SD,1.1
L30 5SE,1.1
L30 5SF,1.1
L30 5SG,1.1
L30 5SH,1.1
L30 5SJ,1.1
L30 5SL,1.1
L30 5SN,1.1
L30 5SP,1.1
L30 5SQ,1.1
L30 5SR,1.1
L30 5SS,1.1
L30 5TA,1.1
L30 5TB,1.1
L30 6TA,1.1
L30 6TG,1.1
L30 6TQ,1.1
L30 6TR,3.2
L30 6TS,3.2
L30 6TU,3.2
L30 6TZ,3.2
L30 6UE,3.2
L30 6UF,3.2
L30 6UH,1.1
L30 6UR,3.2
L30 6UU,1.1
L30 6UZ,3.2
L30 6YB,1.1
L30 6YD,1.1
L30 6YE,1.1
L30 6YF,1.1
L30 6YG,1.1
L30 6YN,1.1
L30 0QL,1.2
L30 0QP,1.2
L30 0QQ,1.1
L30 0QR,1.2
L30 0QS,1.2
L30 0QY,1.2
L30 0QZ,1.2
L30 0RA,1.2
L30 0RB,1.2
L30 0RD,1.2
L30 0RE,1.2
L30 0RF,1.2
L30 0RG,1.1
L30 0RL,1.2
L30 1BB,1.2
L30 1BD,1.2
L30 1NY,1.2
L30 1PA,3.2
L30 1PB,3.2
L30 1PD,3.2
L30 1PF,3.2
L30 1PG,3.2
L30 1PH,1.2
L30 1PJ,1.2
L30 1PL,1.2
L30 1PN,3.2
L30 1PP,1.2
L30 1PQ,3.2
L30 1PR,1.2
L30 1PS,1.2
L30 1PT,1.2
L30 1PU,1.2
L30 1PW,3.2
L30 7PA,1.1
L30 7PD,0.1
L30 7PE,1.1
L30 7PF,1.2
L30 7PG,1.1
L30 7PH,1.1
L30 7PJ,1.1
L30 7PL,1.2
L30 7PN,1.1
L30 7PP,1.2
L30 7PQ,1.1
L30 7PR,1.1
L30 7PT,3.3
L30 7PU,1.2
L30 7PW,1.1
L30 7PX,1.1
L30 7PY,1.1
L30 7PZ,1.1
L30 7QA,3.3
L30 7QB,3.3
L30 7QD,3.3
L30 7QE,3.3
L30 7QF,3.3
L30 7QG,3.3
L30 7QH,3.3
L30 7QJ,3.3
L30 7QL,3.3
L30 7QN,3.3
L30 7QP,1.2
L30 7QQ,3.3
L30 7QR,1.2
L30 7QS,1.2
L30 7QT,1.1
L30 7QU,1.1
L30 7QW,3.3
L30 7QX,3.3
L30 7QY,3.3
L30 7QZ,3.3
L30 7RA,3.3
L30 7RE,1.2
L30 7RF,3.3
L30 7RG,3.3
L30 7RH,3.3
L30 7RJ,3.3
L30 7RL,3.3
L30 7RN,3.3
L30 7RQ,3.3
L30 7RS,3.3
L30 7RT,3.3
L30 7RU,3.3
L30 7RW,3.3
L30 7RX,3.3
L30 8RA,3.2
L30 8RB,3.2
L30 8RD,3.2
L30 8RE,3.2
L30 8RF,3.2
L30 8RG,3.2
L30 8RH,3.2
L30 8RJ,3.2
L30 8RL,3.2
L30 8RN,3.2
L30 8RP,3.2
L30 8RQ,3.2
L30 1PX,1.1
L30 1PY,1.2
L30 1PZ,1.2
L30 1QA,1.2
L30 1QB,1.2
L30 1QD,1.2
L30 1QE,1.2
L30 1QF,1.2
L30 1QG,1.2
L30 1QH,1.2
L30 1QJ,1.1
L30 1QL,1.1
L30 1QN,1.2
L30 1QP,1.1
L30 1QQ,3.2
L30 1QR,1.1
L30 1QS,1.1
L30 1QT,1.1
L30 1QU,1.1
L30 1QW,1.2
L30 1QX,1.1
L30 1QY,1.1
L30 1QZ,1.1
L30 1RD,3.2
L30 1RE,1.2
L30 1RF,1.2
L30 1RG,1.1
L30 1RH,1.2
L30 1RL,3.2
L30 1RN,3.2
L30 1RP,3.2
L30 1RQ,1.1
L30 1RR,3.2
L30 1RS,3.2
L30 1RT,3.2
L30 1RW,3.2
L30 1RY,3.2
L30 1RZ,3.2
L30 1SA,3.2
L30 1SB,3.2
L30 1SD,3.2
L30 1SE,3.2
L30 1SG,1.1
L30 1SH,1.2
L30 1SJ,1.2
L30 1SL,1.2
L30 1SP,1.2
L30 1SQ,1.1
L30 1SR,1.2
L30 1TB,3.2
L30 1TD,3.2
L30 1TE,3.2
L30 1TF,3.2
L30 1TG,3.2
L30 1TH,1.2
L30 1TQ,3.2
L30 1ZY,1.2
L30 2DB,1.1
L30 2NA,1.1
L30 2NB,1.1
L30 2ND,1.1
L30 2NE,1.1
L30 2NF,1.1
L30 2NG,1.1
L30 2NH,1.1
L30 2NJ,1.1
L30 2NL,1.1
L30 2NN,1.1
L30 2NP,1.1
L30 2NQ,1.1
L30 2NR,1.1
L30 2NS,1.1
L30 2NT,1.1
L30 2NU,1.1
L30 2NW,1.1
L30 2NX,1.1
L30 2NY,1.1
L30 2NZ,1.1
L30 2PA,1.2
L30 2PB,1.2
L30 2PD,1.2
L30 2PE,1.2
L30 2PF,1.2
L30 2PG,1.2
L30 2PH,1.2
L30 2PJ,1.2
L30 2PL,1.2
L30 2PN,1.2
L30 2PP,1.1
L30 2PQ,1.2
L30 2PR,1.2
L30 2PS,1.2
L30 2PT,1.2
L30 2PW,1.2
L30 2PX,1.2
L30 2PY,1.2
L30 2PZ,1.2
L30 2QA,1.2
L3 7AS,1.2
L3 7AT,1.2
L3 7AX,1.2
L3 7BE,1.2
L3 7BG,1.2
L3 7BJ,1.2
L3 7BL,1.2
L3 7BN,1.2
L3 7BW,1.2
L3 7DB,1.2
L3 7DD,1.2
L3 7DL,1.2
L3 7DS,1.2
L3 7DT,1.2
L3 7DW,1.2
L3 7DX,1.2
L3 7DY,1.2
L3 7EB,1.2
L3 7ED,1.2
L3 7EH,1.2
L3 7EY,1.2
L3 7HF,1.2
L3 7HJ,0.2
L3 7HJ,0.2
L3 7HJ,0.2
L3 7HJ,0.2
L3 7HP,1.2
L3 7HS,1.2
L3 7HT,1.2
L3 7HY,1.2
L3 8AB,1.1
L3 8AD,1.1
L3 8AE,1.1
L3 8AG,1.1
L3 8AL,1.1
L3 8AQ,1.1
L3 8AS,1.1
L30 2QB,1.2
L30 2QD,1.2
L30 2QE,1.2
L30 2QF,1.2
L30 2QG,1.2
L30 2QH,1.2
L30 2QJ,1.2
L30 2QL,1.2
L30 2QN,1.2
L30 2QP,1.2
L30 2QQ,1.2
L30 2QR,1.1
L30 2QS,1.1
L30 2QT,1.1
L30 2QU,1.1
L30 2QW,1.2
L30 2QX,1.1
L30 2QY,1.1
L30 2QZ,1.1
L30 2RA,1.1
L30 2RB,1.1
L30 2RD,1.1
L30 2RE,1.1
L30 2RF,1.1
L30 2RG,1.1
L30 2RH,1.1
L30 2RJ,1.1
L30 2RL,1.1
L30 2RN,1.1
L30 2RP,1.1
L30 2RQ,1.1
L30 2RR,1.1
L30 2RS,1.2
L30 2RT,1.2
L30 2RU,1.1
L30 2RW,1.1
L30 2RX,1.2
L30 2RY,1.2
L30 2RZ,1.2
L30 2SD,1.1
L30 2SE,1.1
L30 3RU,1.1
L30 3RX,1.1
L30 3RY,1.1
L30 3RZ,1.1
L30 3SA,1.1
L30 3SB,1.1
L30 3SD,1.1
L30 3SE,1.1
L30 3SF,1.1
L30 3SG,1.1
L30 3SH,1.1
L30 3SJ,1.1
L30 3SL,1.1
L30 3SN,1.1
L30 3SP,1.1
L30 3SQ,1.1
L30 3SR,1.1
L30 3SS,1.1
L3 8BA,1.1
L3 8BB,1.1
L3 8BT,1.1
L3 8BU,1.1
L3 8BY,1.1
L3 8BZ,1.1
L3 8DA,1.1
L3 8DB,1.1
L3 8DD,1.1
L3 8DP,1.1
L3 8DR,1.1
L3 8DT,1.1
L3 8DU,1.1
L3 8DW,1.1
L3 8DY,1.1
L3 8DZ,1.1
L3 8EA,1.1
L3 8EB,1.1
L3 8EL,1.1
L3 8EN,1.1
L3 8ET,1.1
L3 8EW,1.1
L3 8HA,1.1
L3 8HB,1.1
L3 8HE,1.1
L3 8HJ,1.1
L3 8HL,1.1
L3 8HR,1.1
L3 8HY,1.1
L3 8JA,1.1
L3 8JD,1.1
L3 8JG,1.1
L3 8JH,1.1
L3 8JN,1.1
L3 8JQ,1.1
L3 8JR,1.1
L3 8JX,1.1
L3 8JY,1.1
L3 8LB,1.1
L3 8LD,1.1
L3 8LE,1.1
L3 8LG,1.1
L3 8LR,1.1
L3 8LX,1.1
L3 8NA,1.1
L3 8NG,1.1
L3 8NP,1.1
L3 8NY,1.1
L3 8PH,1.1
L3 8PJ,1.1
L3 8PP,1.1
L3 8PQ,1.1
L3 8PS,1.1
L3 8PT,1.1
L3 8PY,1.1
L3 8PZ,1.1
L3 8QA,1.1
L3 8QB,1.1
L3 8QD,1.1
L3 8QE,1.1
L3 8QF,1.1
L3 8QG,1.1
L3 9AB,0.2
L3 9AB,0.2
L3 9AB,0.2
L3 9AB,0.2
L3 9AE,0.2
L3 9AE,0.2
L3 9AE,0.2
L3 9AE,0.2
L3 9AG,0.2
L3 9AG,0.2
L3 9BA,0.2
L3 9BA,0.2
L3 9BA,0.2
L3 9BA,0.2
L3 9BB,0.2
L3 9BB,0.2
L3 9BB,0.2
L3 9BB,0.2
L3 9BD,0.2
L3 9BD,0.2
L3 9BD,0.2
L3 9BD,0.2
L3 9BE,0.2
L3 9BE,0.2
L3 9BE,0.2
L3 9BE,0.2
L3 9BP,0.2
L3 9BP,0.2
L3 9BP,0.2
L3 9BP,0.2
L3 9BS,0.2
L3 9BS,0.2
L3 9BW,0.2
L3 9BW,0.2
L3 9BY,0.2
L3 9BY,0.2
L3 9BZ,0.2
L3 9BZ,0.2
L3 9DD,0.2
L3 9DD,0.2
L3 9DG,0.2
L3 9DG,0.2
L3 9DL,0.2
L3 9DL,0.2
L3 9EJ,0.2
L3 9EJ,0.2
L3 9EL,0.2
L3 9EL,0.2
L3 9HF,0.2
L3 9HF,0.2
L3 9HG,0.2
L3 9HG,0.2
L3 9HT,0.2
L3 9HT,0.2
L3 9JQ,0.2
L3 9JQ,0.2
L3 9JR,0.2
L3 9JR,0.2
L3 9LP,0.2
L3 9LP,0.2
L3 9LQ,0.2
L3 9LQ,0.2
L3 9LU,0.2
L3 9LU,0.2
L3 9NA,0.2
L3 9NA,0.2
L3 9NG,0.2
L3 9NG,0.2
L3 9NS,0.2
L3 9NS,0.2
L3 9NY,0.2
L3 9NY,0.2
L3 9PA,0.2
L3 9PA,0.2
L3 9PE,0.2
L3 9PE,0.2
L3 9PE,0.2
L3 9PE,0.2
L3 9PH,0.2
L3 9PH,0.2
L3 9PH,0.2
L3 9PH,0.2
L3 9PJ,0.2
L3 9PJ,0.2
L3 9PJ,0.2
L3 9PJ,0.2
L3 4EB,0.2
L3 4ED,0.2
L3 4EE,0.2
L3 4EF,0.2
L3 4EG,0.2
L3 4EH,0.2
L3 4EJ,0.2
L3 4EL,0.2
L3 4EN,0.2
L3 4EP,0.2
L3 4EQ,1.2
L3 4ER,0.2
L3 4ES,0.2
L3 4ET,0.2
L3 4EU,0.2
L3 4EW,0.2
L3 4EX,0.2
L3 4EY,0.2
L3 4FB,0.2
L3 4FD,0.2
L3 4FE,0.2
L3 4FF,0.2
L3 4FG,0.2
L3 4FH,0.2
L3 4FN,0.2
L3 4FP,0.2
L3 4FX,0.2
L3 4GB,0.2
L3 4UU,0.2
L3 5BB,1.1
L3 5DA,1.1
L3 5GA,1.1
L3 5GB,1.1
L3 5GD,1.1
L3 5GE,1.1
L3 5GF,1.1
L3 5GG,1.1
L3 5JY,1.1
L3 5LJ,1.1
L3 5LT,1.1
L3 5LX,1.1
L3 5NB,1.1
L3 5ND,1.1
L3 5NF,1.1
L3 5NH,1.1
L3 5NL,1.1
L3 9PP,0.2
L3 9PP,0.2
L3 9PY,0.2
L3 9PY,0.2
L3 9PY,0.2
L3 9PY,0.2
L3 9QJ,0.2
L3 9QJ,0.2
L3 9QJ,0.2
L3 9QJ,0.2
L3 9QX,0.2
L3 9QX,0.2
L3 9QX,0.2
L3 9QX,0.2
L3 9RE,0.2
L3 9RE,0.2
L3 9RQ,0.2
L3 9RQ,0.2
L3 9RY,0.2
L3 9RY,0.2
L3 9RY,0.2
L3 9RY,0.2
L3 9SJ,0.2
L3 9SJ,0.2
L3 9SJ,0.2
L3 9SJ,0.2
L3 9SY,0.2
L3 9SY,0.2
L3 9TA,1.1
L3 9TP,0.2
L3 9TP,0.2
L3 9TX,0.2
L3 9TX,0.2
L3 9TY,0.2
L3 9TY,0.2
L3 9TZ,0.2
L3 9TZ,0.2
L3 9UA,0.2
L3 9UA,0.2
L3 9UA,0.2
L3 9UA,0.2
L3 9UB,0.2
L3 9UB,0.2
L3 9UH,0.2
L3 9UH,0.2
L3 9UH,0.2
L3 9UH,0.2
L30 0PA,1.2
L30 0PB,1.1
L30 0PD,1.2
L30 0PE,1.2
L30 0PF,1.2
L30 0PG,1.2
L30 0PH,1.2
L30 0PJ,1.2
L30 0PL,1.2
L30 0PN,1.2
L30 0PP,1.2
L30 0PQ,1.2
L30 0PR,1.2
L30 0PS,1.2
L30 0PT,1.2
L30 0PU,1.2
L30 0PW,1.2
L30 0PX,1.2
L30 0PY,1.2
L30 0PZ,1.2
L30 0QA,1.2
L30 0QB,1.2
L30 0QD,1.2
L30 0QE,1.2
L30 0QF,1.1
L30 0QG,1.1
L30 0QH,1.2
L30 0QJ,1.2
L3 5NP,1.1
L3 5NT,1.1
L3 5NW,1.1
L3 5NX,1.1
L3 5NY,1.1
L3 5PD,1.1
L3 5PE,1.1
L3 5PH,1.1
L3 5PS,1.1
L3 5PX,1.1
L3 5QA,1.1
L3 5QB,1.1
L3 5QF,1.1
L3 5QJ,1.1
L3 5QN,1.1
L3 5QR,1.1
L3 5QS,1.1
L3 5QW,1.1
L3 5RA,1.1
L3 5RB,1.1
L3 5RD,1.1
L3 5RD,1.1
L3 5RE,1.1
L3 5RE,1.1
L3 5RF,1.1
L3 5RF,1.1
L3 5RG,1.1
L3 5RG,1.1
L3 5RH,1.1
L3 5RL,1.1
L3 5RP,1.1
L3 5RY,1.1
L3 5RY,1.1
L3 5SA,0.2
L3 5SB,0.2
L3 5SD,0.2
L3 5SL,1.1
L3 5SL,1.1
L3 5SR,1.1
L3 5SR,1.1
L3 5TB,1.1
L3 5TB,1.1
L3 5TF,1.1
L3 5TF,1.1
L3 5TL,1.1
L3 5TL,1.1
L3 5TN,1.1
L3 5TN,1.1
L3 5TP,1.1
L3 5TP,1.1
L3 5TQ,1.1
L3 5TQ,1.1
L3 5TR,1.1
L3 5TR,1.1
L3 5TS,1.1
L3 5TS,1.1
L3 5TT,1.1
L3 5TT,1.1
L3 5TX,1.1
L3 5TX,1.1
L3 5TY,1.1
L3 5TY,1.1
L3 5UB,1.1
L3 5UB,1.1
L3 5UF,1.1
L3 5UL,1.1
L3 5UL,1.1
L3 5UX,1.1
L3 5UX,1.1
L3 5UZ,1.1
L3 5UZ,1.1
L3 5XA,1.1
L3 5XF,1.1
L3 5XF,1.1
L3 5XW,1.1
L3 5XX,1.1
L3 5XY,1.1
L3 5XZ,1.1
L3 6AA,0.2
L3 6AA,0.2
L3 6AA,0.2
L3 6AA,0.2
L3 6AD,0.2
L3 6AD,0.2
L3 6AD,0.2
L3 6AD,0.2
L3 6AE,0.2
L3 6AE,0.2
L3 6AE,0.2
L3 6AE,0.2
L3 6AG,0.2
L3 6AG,0.2
L3 6AG,0.2
L3 6AG,0.2
L3 6AL,0.2
L3 6AL,0.2
L3 6AL,0.2
L3 6AL,0.2
L3 6BA,1.2
L3 6BG,1.2
L3 6BL,1.2
L3 6BN,1.2
L3 6BR,1.2
L3 6BS,1.2
L3 6BY,1.2
L3 6DA,1.2
L3 6DB,1.2
L3 6DD,1.1
L3 6DD,1.1
L3 6DD,1.1
L3 6DE,1.2
L3 6DF,1.2
L3 6DG,1.2
L3 6DH,1.2
L3 6DL,1.2
L3 6DQ,1.1
L3 6DQ,1.1
L3 6DQ,1.1
L3 6DR,1.2
L3 6DU,1.2
L3 6DW,1.2
L3 6DX,1.2
L3 6EH,1.1
L3 6EH,1.1
L3 6EH,1.1
L3 6EL,0.2
L3 6EL,0.2
L3 6EL,0.2
L3 6EL,0.2
L3 6EN,0.2
L3 6EN,0.2
L3 6EN,0.2
L3 6EN,0.2
L3 6EP,1.2
L3 6EQ,1.1
L3 6EQ,1.1
L3 6EQ,1.1
L3 6ER,1.2
L3 6ES,0.2
L3 6ES,0.2
L3 6ES,0.2
L3 6ES,0.2
L3 6EX,1.2
L3 6EY,1.2
L3 6HB,1.2
L3 6HE,1.2
L3 6HG,1.2
L29 7WD,0.1
L29 7WE,0.1
L29 7WG,0.1
L29 7WH,0.1
L29 7WJ,0.1
L29 7WL,0.1
L29 8YA,0.1
L29 8YB,0.1
L29 9AD,0.1
L29 9AE,0.1
L29 9AF,0.1
L3 0AN,1.2
L3 0AR,1.2
L3 0AT,1.2
L3 0BE,1.2
L3 0BF,1.2
L3 0BG,1.2
L3 0BH,1.2
L3 0BQ,1.2
L3 0BS,1.2
L3 0BT,1.2
L3 0BU,1.2
L3 1BA,0.2
L3 1BA,0.2
L3 1BD,0.2
L3 1BD,0.2
L3 1BF,0.2
L3 1BF,0.2
L3 1BG,0.2
L3 1BG,0.2
L3 1BG,0.2
L3 1BG,0.2
L3 1BH,0.2
L3 1BH,0.2
L3 1BJ,0.2
L3 1BJ,0.2
L3 1BN,0.2
L3 1BN,0.2
L3 1BY,0.2
L3 1BY,0.2
L3 1DD,0.2
L3 1DD,0.2
L3 1DF,1.2
L3 1DJ,0.2
L3 1DJ,0.2
L3 1DJ,0.2
L3 1DJ,0.2
L3 1DL,0.2
L3 1DL,0.2
L3 1DL,0.2
L3 1DL,0.2
L3 1DP,0.2
L3 1DP,0.2
L3 1DS,0.2
L3 1DS,0.2
L3 1DX,1.2
L3 1DZ,0.2
L3 1DZ,0.2
L3 1DZ,0.2
L3 1DZ,0.2
L3 1ED,1.2
L3 1EG,0.2
L3 1EG,0.2
L3 1EJ,0.2
L3 1EJ,0.2
L3 1EJ,0.2
L3 1EJ,0.2
L3 1EL,0.2
L3 1EL,0.2
L3 6HQ,1.2
L3 6HU,1.2
L3 6JB,1.2
L3 6JF,1.2
L3 6JH,1.1
L3 6JH,1.1
L3 6JH,1.1
L3 6JJ,1.1
L3 6JJ,1.1
L3 6JJ,1.1
L3 6JL,1.2
L3 6JN,1.2
L3 6JP,1.2
L3 6JQ,1.1
L3 6JQ,1.1
L3 6JQ,1.1
L3 6JR,1.2
L3 6JS,1.2
L3 6JT,1.2
L3 6JU,1.1
L3 6JW,1.2
L3 6JX,1.2
L3 6JY,1.2
L3 6JZ,1.2
L3 6LA,1.2
L3 6LB,1.2
L3 6LD,1.2
L3 6LE,1.2
L3 6LF,1.2
L3 6LG,1.2
L3 6LH,0.2
L3 6LH,0.2
L3 6LH,0.2
L3 6LH,0.2
L3 6LL,1.2
L3 6LN,1.2
L3 6LP,1.2
L3 6LQ,0.2
L3 6LQ,0.2
L3 6LQ,0.2
L3 6LQ,0.2
L3 6LR,1.2
L3 6LS,1.2
L3 6LT,1.2
L3 6LU,1.2
L3 6LW,1.2
L3 6LX,1.2
L3 6LY,1.2
L3 6LZ,1.2
L3 6NA,1.2
L3 6NB,1.2
L3 6ND,1.2
L3 6NE,1.2
L3 6NF,1.2
L3 6NG,1.2
L3 1HU,0.2
L3 1HU,0.2
L3 1JH,0.2
L3 1JH,0.2
L3 1LG,0.2
L3 1LG,0.2
L3 1LL,0.2
L3 1LL,0.2
L3 1NW,0.2
L3 1NW,0.2
L3 1NX,0.2
L3 1NX,0.2
L3 1NY,0.2
L3 1NY,0.2
L3 1PS,0.2
L3 1PS,0.2
L3 1PY,0.2
L3 1PY,0.2
L3 1QA,0.2
L3 1QA,0.2
L3 1QH,0.2
L3 1QH,0.2
L3 1QH,0.2
L3 1QH,0.2
L3 1QL,0.2
L3 1QL,0.2
L3 1QP,0.2
L3 1QP,0.2
L3 1QP,0.2
L3 1QP,0.2
L3 1QW,0.2
L3 1QW,0.2
L3 1QW,0.2
L3 1QW,0.2
L3 1QY,0.2
L3 1QY,0.2
L3 1QY,0.2
L3 1QY,0.2
L3 1QZ,0.2
L3 1QZ,0.2
L3 1QZ,0.2
L3 1QZ,0.2
L3 1SF,0.2
L3 1SF,0.2
L3 2AA,1.2
L3 2AB,1.2
L3 2AP,1.2
L3 2AT,1.2
L3 2AY,1.2
L3 2BA,1.2
L3 2BB,1.2
L3 2BD,1.2
L3 2BE,1.1
L3 2BG,1.2
L3 2BL,1.2
L3 2BN,1.2
L3 2BP,1.2
L3 2BQ,1.2
L3 2BS,1.2
L3 2BT,1.2
L3 2BW,1.2
L3 2BX,1.2
L3 2BY,1.2
L3 2BZ,1.2
L3 2DA,1.1
L3 2DB,1.1
L3 2DD,1.1
L3 2DE,1.1
L3 2DU,1.1
L3 2EL,1.2
L3 2EN,1.2
L3 2EP,1.1
L3 2ER,1.1
L3 2ES,1.2
L3 2ET,1.2
L3 2EW,1.1
L3 2EZ,1.2
L3 2FB,1.2
L3 2FE,0.2
L3 2FE,0.2
L3 2FE,0.2
L3 2FE,0.2
L3 2HA,0.2
L3 2HA,0.2
L3 2HA,0.2
L3 2HA,0.2
L3 2HB,0.2
L3 2HB,0.2
L3 2HB,0.2
L3 2HB,0.2
L3 3AF,1.1
L3 3AN,1.1
L3 3AN,1.1
L3 3AN,1.1
L3 3AT,1.1
L3 3BL,1.1
L3 3BN,1.1
L3 3BN,1.1
L3 3BN,1.1
L3 3BP,1.1
L3 3BQ,1.1
L3 3BU,1.1
L3 3BX,1.1
L3 3BZ,1.1
L3 3DA,1.1
L3 3DB,1.1
L3 3DS,1.1
L3 3DW,1.1
L3 3DY,1.1
L3 3EA,1.1
L3 3EG,1.1
L3 3EH,1.1
L3 3EN,1.1
L3 3HJ,1.1
L3 3JA,1.1
L3 3JA,1.1
L3 3JA,1.1
L3 3JB,1.1
L3 3JE,1.1
L3 3JE,1.1
L3 3JE,1.1
L3 3JF,1.1
L3 3JN,1.1
L3 3JP,1.1
L3 3JW,1.1
L3 4AA,0.2
L3 4AB,0.2
L27 6PD,1.2
L27 6PE,1.2
L27 6PF,1.2
L27 6PG,1.2
L27 6PH,1.2
L27 6PJ,1.2
L27 6PL,1.2
L27 6PN,1.2
L27 6PQ,1.2
L27 6PW,1.2
L27 6PX,1.2
L27 6PY,1.2
L27 6PZ,1.2
L27 6WA,1.2
L27 6WB,1.2
L27 6WD,1.2
L27 6WE,1.2
L27 6WF,1.2
L27 6WG,1.2
L27 6WH,1.2
L27 6WJ,1.2
L27 6WL,1.2
L27 6WN,1.2
L27 6WQ,1.1
L27 6WW,1.2
L27 7AD,1.1
L27 7AE,1.1
L27 7AF,1.2
L27 7AG,1.2
L27 7AH,1.1
L27 7AJ,1.1
L27 7AL,1.2
L27 7AN,1.2
L27 7AR,1.1
L27 7AU,1.1
L27 7AW,1.2
L27 7BB,1.1
L27 7BD,1.1
L27 7BE,1.1
L27 7BG,1.1
L27 7BH,1.2
L27 7BJ,1.2
L27 7BL,1.1
L27 7BN,1.2
L27 7BP,1.1
L27 7BQ,1.1
L27 7BR,1.1
L27 7BS,1.1
L27 7BT,1.1
L27 7BW,1.2
L27 7DA,1.2
L27 7DB,1.2
L27 7DD,1.2
L27 7DE,1.1
L27 7DF,1.2
L27 7DG,1.1
L27 8XJ,1.2
L27 8XL,1.2
L27 8XN,1.2
L27 8XP,1.2
L27 8XR,1.2
L27 8XS,1.2
L3 4AD,0.2
L3 4AE,0.2
L3 4AF,0.2
L3 4AG,0.2
L3 4AJ,0.2
L3 4AJ,0.2
L3 4AN,0.2
L3 4AQ,0.2
L3 4AS,0.2
L3 4AX,0.2
L3 4AZ,1.1
L3 4BB,0.2
L3 4BE,0.2
L3 4BF,0.2
L3 4BF,0.2
L3 4BG,0.2
L3 4BH,0.2
L3 4BJ,0.2
L3 4BL,0.2
L3 4BN,0.2
L3 4BP,1.2
L3 4BQ,0.2
L3 4BU,0.2
L3 4BU,0.2
L3 4BW,0.2
L3 4BW,0.2
L3 4BX,0.2
L3 4DA,0.2
L3 4DB,0.2
L3 4DE,0.2
L3 4DE,0.2
L3 4DG,0.2
L3 4DH,0.2
L3 4DN,1.2
L3 4DP,1.2
L3 4DR,1.2
L3 4DT,1.2
L3 4DU,1.2
L3 4DX,1.2
L3 4DY,1.2
L3 4DZ,1.2
L27 8XT,1.2
L27 8XU,1.2
L27 8XW,1.2
L27 8XX,1.2
L27 8XY,1.2
L27 8XZ,1.2
L27 8YG,1.2
L27 8YL,1.2
L27 8YN,1.2
L27 8YP,1.2
L27 8YR,1.2
L27 8YW,1.2
L28 0QA,1.1
L28 0QB,1.1
L28 0QD,1.1
L28 0QE,1.1
L28 0QF,1.1
L28 0QG,1.1
L28 0QH,1.1
L28 0QJ,1.1
L28 0QL,1.2
L28 0QL,3.2
L28 0QP,0.1
L28 0QQ,1.1
L28 0QR,1.2
L28 0QR,3.2
L28 0QT,1.2
L28 0QT,3.2
L28 0QU,1.1
L28 1NN,1.2
L28 1NR,1.2
L28 1NS,1.2
L28 1NT,1.2
L28 1NU,1.2
L28 1NW,1.2
L28 1NX,1.2
L28 1NY,1.2
L28 1RA,0.1
L28 1RB,1.2
L28 1RD,0.1
L28 1RF,1.2
L28 1RG,1.2
L28 1RH,1.2
L28 1RJ,1.2
L28 1RL,1.2
L28 1RN,1.2
L28 1RP,1.2
L28 1RQ,1.2
L28 1RW,1.2
L28 1RX,1.2
L28 1SA,1.2
L28 1SB,1.2
L28 1SD,1.2
L28 1SZ,1.2
L28 3QA,1.2
L28 3QA,3.2
L28 3QB,1.2
L28 3QB,3.2
L28 3QD,1.2
L28 3QD,3.2
L28 3QE,1.2
L28 3QE,3.2
L28 4EA,1.2
L28 4EB,1.2
L28 4ED,1.2
L28 4EE,1.2
L28 4EF,1.2
L28 4EG,1.2
L28 4EH,1.2
L28 4EJ,1.2
L28 4EL,1.2
L28 4EN,1.2
L28 4EP,1.2
L28 4EQ,1.2
L28 4ER,1.2
L28 4ET,1.2
L28 4EW,1.2
L28 4EX,1.2
L28 5RD,1.2
L28 5RE,1.2
L28 5RF,1.2
L28 5RG,1.2
L28 5RH,1.2
L28 5RJ,1.2
L28 5RL,1.2
L28 5RN,1.2
L28 5RP,1.2
L28 5RR,1.2
L28 5RS,1.2
L28 5RT,1.2
L28 5RU,1.2
L28 5RW,1.2
L28 5RX,1.2
L28 5RY,1.2
L28 6YA,1.2
L28 6YB,1.2
L28 6YD,1.2
L28 6YE,1.2
L28 6YF,1.2
L28 6YH,1.2
L28 6YJ,1.2
L28 6YL,1.2
L26 7XE,0.1
L26 7XF,0.1
L26 7XG,0.1
L26 7XH,0.1
L26 7XJ,3.3
L26 7XN,0.1
L26 7XP,0.1
L26 7XQ,0.1
L26 7XR,3.3
L26 7XS,0.1
L26 7XT,0.1
L26 7XU,3.3
L26 7XW,0.1
L26 7XX,0.1
L26 7XY,3.3
L26 7XZ,0.1
L26 7YA,0.1
L26 7YB,0.1
L26 7YD,0.1
L26 7YE,0.1
L26 7YF,0.1
L26 7YG,0.1
L26 7YH,0.1
L26 7YJ,0.1
L26 7YL,0.1
L26 7YN,0.1
L26 7YP,0.1
L26 7YQ,0.1
L26 7YR,0.1
L26 7YS,0.1
L26 7YT,0.1
L26 7YU,0.1
L26 7YW,0.1
L26 7YX,0.1
L26 7YY,0.1
L26 7YZ,0.1
L26 7ZB,0.1
L26 7ZD,0.1
L26 7ZE,0.1
L26 7ZF,0.1
L26 7ZG,0.1
L26 7ZH,3.3
L26 7ZJ,3.3
L26 7ZL,3.3
L26 7ZN,0.1
L26 7ZQ,3.3
L26 7ZR,3.3
L26 7ZS,3.3
L26 7ZT,3.3
L26 7ZU,3.3
L26 7ZX,3.3
L26 7ZY,3.3
L26 7ZZ,3.3
L26 8UD,0.1
L26 9SA,1.1
L26 9SB,1.1
L26 9SD,1.1
L26 9TA,1.1
L26 9TB,1.1
L26 9TJ,1.1
L26 9TL,1.1
L26 9TN,1.1
L26 9TP,1.1
L26 9TR,1.1
L26 9TS,1.1
L26 9TU,1.1
L26 9TW,1.1
L26 9TY,1.1
L28 6YN,1.2
L28 6YQ,1.2
L28 6YW,1.2
L28 7RA,1.2
L28 7RA,3.2
L28 7RB,1.2
L28 7RB,3.2
L28 7RD,1.2
L28 7RD,3.2
L28 7RE,1.2
L28 7RE,3.2
L28 7RF,1.2
L28 7RF,3.2
L28 7RG,1.2
L28 7RG,3.2
L28 7RH,1.2
L28 7RJ,1.2
L28 7RL,1.2
L28 7RQ,1.2
L28 7RQ,3.2
L28 8AD,1.1
L28 8AE,1.1
L28 8AF,1.1
L28 8AG,0.1
L28 8AH,0.1
L28 8AJ,0.1
L28 8AQ,0.1
L29 1YB,0.1
L29 3EA,0.1
L29 3EB,0.1
L29 5XA,0.1
L29 5XB,0.1
L29 6YA,0.1
L29 6YB,0.1
L29 6YD,0.1
L29 7WA,0.1
L29 7WB,0.1
L26 9TZ,1.1
L26 9UA,1.1
L26 9UB,1.1
L26 9UD,1.2
L26 9UE,1.1
L26 9UF,1.1
L26 9UG,1.1
L26 9UH,1.1
L26 9UJ,1.1
L26 9UL,1.1
L26 9UN,1.1
L26 9UP,1.1
L26 9UQ,1.1
L26 9UR,1.1
L26 9US,1.1
L26 9UT,1.1
L26 9UU,1.1
L26 9UW,1.1
L26 9UX,1.1
L26 9UY,1.1
L26 9UZ,1.1
L26 9WA,1.1
L26 9XA,1.1
L26 9XB,1.2
L26 9XD,1.2
L26 9XE,1.2
L26 9XF,1.1
L26 9XG,1.1
L26 9XH,1.1
L26 9XL,1.1
L26 9XN,1.1
L26 9XP,1.1
L26 9XQ,1.1
L26 9XR,1.1
L26 9XS,1.1
L26 9XT,1.1
L26 9XU,1.2
L26 9XW,1.1
L26 9XY,1.1
L26 9XZ,1.1
L26 9YA,1.1
L26 9YB,1.1
L26 9YD,1.1
L26 9YE,1.1
L26 9YG,1.1
L26 9YH,1.1
L26 9YJ,1.1
L26 9YL,1.1
L26 9YN,1.1
L26 9YP,1.1
L26 9YQ,1.1
L26 9YS,1.1
L26 9YT,1.1
L26 9YW,1.1
L27 0YA,1.2
L27 0YB,1.2
L27 0YE,1.1
L27 1XD,1.1
L27 1XE,1.1
L27 1XF,1.1
L27 1XG,1.1
L27 1XH,1.1
L27 1XJ,1.1
L27 1XL,1.1
L27 1XN,1.1
L27 1XQ,1.1
L27 1XR,1.1
L27 1XS,1.1
L27 1XT,1.1
L27 1XU,1.1
L27 1XX,1.1
L27 1XY,1.1
L27 1XZ,1.1
L27 1YB,1.1
L27 1YH,1.1
L27 1YT,1.1
L27 1YW,1.1
L27 1YX,1.1
L27 1YY,1.1
L27 1YZ,1.1
L27 2YA,1.1
L27 2YB,1.2
L27 3YA,1.1
L27 4BA,1.2
L27 4BB,1.2
L27 4BD,1.2
L27 4BE,1.2
L27 4BF,1.2
L27 4BG,1.2
L27 4BH,1.2
L27 4BJ,1.2
L27 4XU,1.2
L27 4XX,1.2
L27 4XY,1.2
L27 4XZ,1.2
L27 4YA,1.2
L27 4YE,1.2
L27 5QN,1.2
L26 0TB,1.1
L26 0TD,1.1
L26 0TE,0.1
L26 0TF,0.1
L26 0TG,1.1
L26 0TH,0.1
L26 0TJ,1.1
L26 0TL,0.1
L26 0TN,0.1
L26 0TP,0.1
L26 0TQ,1.1
L26 0TR,1.1
L26 0TT,1.1
L26 0TU,1.1
L26 0TW,0.1
L26 0TX,1.1
L26 0TY,3.3
L26 0TZ,1.1
L26 0UA,1.1
L26 0UB,1.1
L26 0UD,1.1
L26 0UE,1.1
L26 0UF,1.1
L26 0UG,1.1
L26 0UH,1.1
L26 0UJ,1.1
L26 0UL,1.1
L26 0UQ,1.1
L26 0US,0.1
L26 0UT,0.1
L26 0UU,0.1
L26 0UX,0.1
L26 0UY,0.1
L26 0UZ,0.1
L26 0XA,0.1
L26 0XB,0.1
L26 0XD,0.1
L26 0XE,0.1
L26 0XG,0.1
L26 0XH,1.1
L26 0XQ,0.1
L26 0XR,1.1
L26 1TA,0.1
L26 1TB,0.1
L26 1TD,1.1
L26 1TE,1.2
L26 1TF,1.2
L26 1TG,1.2
L26 1TH,1.1
L26 1TJ,1.2
L26 1TN,1.2
L26 1TP,1.1
L26 1TQ,1.2
L26 1TR,1.2
L26 1TS,1.2
L26 1TT,1.2
L26 1TU,1.2
L26 1TW,1.2
L26 1TX,1.1
L26 1TY,1.1
L26 1TZ,1.1
L26 1UA,1.1
L26 1UB,1.1
L26 1UD,1.1
L26 1UE,1.2
L26 1UF,1.2
L26 1UG,1.2
L26 1UH,1.1
L26 1UJ,1.1
L26 1UL,1.2
L26 1UN,0.1
L27 5QP,1.2
L27 5QW,1.2
L27 5RA,1.2
L27 5RB,1.2
L27 5RD,1.2
L27 5RE,1.2
L27 5RF,1.2
L27 5RG,1.2
L27 5RH,1.2
L27 5RJ,1.2
L27 5RL,1.2
L27 5RN,1.2
L27 5RP,1.2
L27 5RQ,1.2
L27 5RR,1.2
L27 5RS,1.2
L27 5RT,1.2
L27 5RU,1.2
L27 5RW,1.2
L27 5RX,1.2
L27 5RY,1.2
L27 5RZ,1.2
L27 6PA,1.2
L27 6PB,1.2
L26 1UP,1.2
L26 1UQ,1.2
L26 1UR,1.2
L26 1US,1.2
L26 1UT,0.1
L26 1UU,0.1
L26 1UW,1.2
L26 1UX,0.1
L26 1UY,0.1
L26 1UZ,0.1
L26 1XA,0.1
L26 1XB,0.1
L26 1XD,0.1
L26 1XE,0.1
L26 1XF,0.1
L26 1XG,0.1
L26 1XH,0.1
L26 1XJ,0.1
L26 1XL,0.1
L26 1XN,0.1
L26 1XQ,0.1
L26 1XT,0.1
L26 1XU,0.1
L26 1XW,1.2
L26 1XX,0.1
L26 1XY,0.1
L26 1YB,1.1
L26 1YD,1.2
L26 1YE,1.2
L26 1YF,1.2
L26 1YG,1.2
L26 1YQ,1.2
L26 2XA,3.3
L26 2XB,0.1
L26 2XD,0.1
L26 2XE,3.3
L26 3UA,3.3
L26 3UB,3.3
L26 3UD,3.3
L26 3UE,3.3
L26 4XA,0.1
L26 4XE,0.1
L26 4XF,0.1
L26 4XG,0.1
L26 5QA,0.1
L26 5QB,0.1
L26 6BA,3.3
L26 6BB,3.3
L26 6BD,3.3
L26 6BE,3.3
L26 6BF,3.3
L26 6BG,3.3
L26 6BH,3.3
L26 6BJ,3.3
L26 6BL,3.3
L26 6BN,3.3
L26 6BP,3.3
L26 6BQ,3.3
L26 6BR,3.3
L26 6LA,3.3
L26 6LB,3.3
L26 6LD,3.3
L26 6LE,3.3
L26 6LJ,3.3
L26 6LN,3.3
L26 6LP,3.3
L26 6LR,3.3
L26 6LS,3.3
L26 6LT,3.3
L26 6LU,3.3
L26 6LW,3.3
L26 6LX,3.3
L26 6LY,3.3
L26 6NA,3.3
L26 6NB,3.3
L26 6ND,3.3
L26 7AA,0.1
L26 7AB,0.1
L26 7AD,0.1
L26 7AE,0.1
L26 7AG,0.1
L26 7AH,0.1
L26 7AJ,3.3
L26 7AL,3.3
L26 7AN,0.1
L26 7AP,0.1
L26 7AQ,0.1
L26 7AR,0.1
L26 7AW,0.1
L26 7UQ,0.1
L26 7UR,0.1
L26 7WE,3.3
L25 7XA,1.1
L25 7XB,1.1
L25 7XE,3.3
L25 7XH,3.3
L25 7XJ,3.2
L25 7XQ,3.3
L25 7XR,3.2
L25 7YD,3.2
L25 7YE,0.1
L25 7YF,3.2
L25 7YH,0.1
L25 7YL,1.1
L25 7YN,3.2
L25 7YQ,0.1
L25 8QA,0.1
L25 8QB,0.1
L25 8QD,0.1
L25 8QE,0.1
L25 8QF,0.1
L25 8QG,0.1
L25 8QH,0.1
L25 8QJ,0.1
L25 8QL,0.1
L25 8QN,0.1
L25 8QP,0.1
L25 8QQ,0.1
L25 8QR,3.2
L25 8QS,1.1
L25 8QT,0.1
L25 8QU,0.1
L25 8QW,0.1
L25 8QX,0.1
L25 8QY,0.1
L25 8QZ,0.1
L25 8RA,0.1
L25 8RB,0.1
L25 8RD,0.1
L25 8RE,0.1
L25 8RF,0.1
L25 8RG,1.1
L25 8RH,0.1
L25 8RL,0.1
L25 8RN,0.1
L25 8RQ,0.1
L25 8RR,0.1
L25 8RS,0.1
L25 8RT,0.1
L25 8RU,0.1
L25 8RW,1.1
L25 8RX,0.1
L25 8RY,0.1
L25 8RZ,0.1
L25 8SA,3.2
L25 8SB,3.2
L25 8SD,3.2
L25 8SE,1.1
L25 8SF,1.1
L25 8SH,3.2
L25 8SJ,3.2
L25 8SL,3.2
L25 8SN,3.2
L25 8SP,3.2
L25 8SQ,1.1
L25 8SR,3.2
L25 8SS,3.2
L25 8ST,3.2
L25 8SU,3.2
L25 8SW,3.2
L25 8SX,0.1
L25 8SY,0.1
L25 8SZ,3.2
L25 8TA,0.1
L25 8TB,3.2
L25 8TD,3.2
L25 8TE,0.1
L25 8TF,0.1
L25 8TG,0.1
L25 8TH,0.1
L25 8TJ,0.1
L25 8TL,0.1
L25 8TN,0.1
L26 7WF,0.1
L26 7WG,3.3
L26 7WH,0.1
L26 7WJ,0.1
L26 7WN,0.1
L26 7WP,0.1
L26 7WQ,0.1
L26 7WR,0.1
L26 7WS,0.1
L26 7WT,3.3
L26 7WU,3.3
L26 7WW,0.1
L26 7WX,3.3
L26 7WY,3.3
L26 7WZ,3.3
L26 7XB,0.1
L26 7XD,3.3
L25 8TP,0.1
L25 8TQ,1.2
L25 8TR,0.1
L25 8TS,3.2
L25 8TT,0.1
L25 8TU,0.1
L25 8TW,0.1
L25 8UB,0.1
L25 9GA,1.1
L25 9GB,1.1
L25 9GD,1.1
L25 9GE,1.2
L25 9GF,1.1
L25 9GG,1.1
L25 9GH,1.1
L25 9LR,1.2
L25 9LS,1.2
L25 9NA,1.1
L25 9NB,1.1
L25 9ND,0.1
L25 9NE,1.1
L25 9NF,1.1
L25 9NG,0.1
L25 9NH,1.2
L25 9NJ,1.1
L25 9NL,0.1
L25 9NN,1.1
L25 9NP,0.1
L25 9NQ,1.1
L25 9NR,0.1
L25 9NS,0.1
L25 9NT,0.1
L25 9NU,0.1
L25 9NW,0.1
L25 9NX,0.1
L25 9NY,0.1
L25 9NZ,1.2
L25 9PA,1.2
L25 9PB,1.2
L25 9PD,1.2
L25 9PE,1.2
L25 9PF,1.2
L25 9PG,1.2
L25 9PH,1.2
L25 9PJ,1.2
L25 9PL,1.2
L25 9PN,1.2
L25 9PP,1.2
L25 9PQ,1.2
L25 9PR,1.2
L25 9PS,1.2
L25 9PT,1.2
L25 9PU,1.2
L25 9PW,1.2
L25 9PX,1.2
L25 9PY,1.2
L25 9PZ,1.2
L25 9QA,1.2
L25 9QB,1.2
L25 9QD,1.2
L25 9QE,1.2
L25 9QF,1.2
L25 9QG,1.2
L25 9QH,1.2
L25 9QJ,1.2
L25 9QN,1.1
L25 9QP,1.2
L25 9QQ,1.2
L25 9QR,1.2
L25 9QS,1.2
L25 9QT,1.1
L25 9QU,1.1
L25 9QW,1.1
L25 9QX,1.1
L25 9QY,1.1
L25 9QZ,1.1
L25 9RA,1.1
L25 9RB,1.1
L25 9RD,1.1
L25 9RE,1.2
L25 9RH,1.1
L25 9RJ,1.2
L25 9RL,1.2
L25 9RN,1.2
L25 9RT,1.2
L25 9RU,1.2
L25 9RW,1.2
L25 9RX,1.2
L25 9RY,1.2
L25 9RZ,1.2
L25 9SA,1.2
L25 9SB,1.2
L25 9SD,1.2
L25 9SE,1.2
L25 9SF,1.2
L25 9SN,1.2
L25 5PQ,3.2
L25 5PR,0.1
L25 5PS,0.1
L25 5PT,0.1
L25 5PU,3.2
L25 5PW,0.1
L25 5PX,3.2
L25 5PY,0.1
L25 5PZ,0.1
L25 5QA,0.1
L25 5QB,3.2
L25 5QE,0.1
L25 5QH,0.1
L25 5QQ,0.1
L25 6DA,0.1
L25 6DB,0.1
L25 6DD,0.1
L25 6DF,0.1
L25 6DG,0.1
L25 6DH,0.1
L25 6DJ,0.1
L25 6DL,0.1
L25 6DN,0.1
L25 6DP,0.1
L25 6DQ,0.1
L25 6DR,3.2
L25 6DS,3.2
L25 6DT,3.2
L25 6DU,0.1
L25 6DW,0.1
L25 6DX,3.2
L25 6DY,3.3
L25 6DZ,3.3
L25 6EA,3.2
L25 6EB,3.2
L25 6ED,0.1
L25 6EE,3.3
L25 6EG,3.3
L25 6EH,0.1
L25 6EJ,3.3
L25 6EL,0.1
L25 6EN,3.3
L25 6EP,0.1
L25 6EQ,0.1
L25 6ER,0.1
L25 6ES,3.3
L25 6ET,3.3
L25 6EU,3.3
L25 6EW,3.3
L25 6EX,3.3
L25 6EY,1.1
L25 6EZ,1.1
L25 6HA,1.1
L25 6HB,0.1
L25 6HD,3.3
L25 6HE,0.1
L25 6HF,1.1
L25 6HG,0.1
L25 6HH,0.1
L25 6HJ,1.1
L25 6HL,1.1
L25 6HN,1.1
L25 6HP,0.1
L25 6HQ,0.1
L25 6HR,0.1
L25 6HS,0.1
L25 6HT,0.1
L25 6HU,0.1
L25 6HW,1.1
L25 6HX,3.3
L25 6HY,0.1
L25 6HZ,0.1
L25 6JA,0.1
L25 6JB,0.1
L25 6JD,3.3
L25 6JE,3.3
L25 6JF,3.3
L25 6JG,3.3
L25 6JJ,3.2
L25 6JL,1.1
L25 6JN,1.1
L25 6JP,0.1
L25 6JQ,0.1
L25 6JR,3.2
L25 9SS,1.2
L25 9ST,1.2
L25 9SU,1.2
L25 9SX,1.2
L26 0SU,0.1
L26 0SX,0.1
L26 0SY,1.1
L26 0SZ,0.1
L26 0TA,0.1
L25 6JW,0.1
L25 6JX,0.1
L25 6JY,0.1
L25 6JZ,0.1
L25 6LB,0.1
L25 6LD,0.1
L25 6LE,0.1
L25 6LF,0.1
L25 6LG,0.1
L25 6LP,0.1
L25 6LY,0.1
L25 7AA,0.1
L25 7AB,3.2
L25 7AE,1.1
L25 7AJ,3.2
L25 7AQ,3.3
L25 7AY,3.2
L25 7BG,3.2
L25 7DA,3.3
L25 7DB,3.3
L25 7DD,3.3
L25 7FB,1.1
L25 7GA,1.1
L25 7GB,1.1
L25 7RA,0.1
L25 7RE,1.1
L25 7RF,1.1
L25 7RG,1.1
L25 7RH,1.1
L25 7RJ,0.1
L25 7RL,0.1
L25 7RN,1.1
L25 7RP,0.1
L25 7RQ,1.1
L25 7RR,1.1
L25 7RS,1.1
L25 7RT,1.1
L25 7RU,1.1
L25 7RW,1.1
L25 7RX,1.1
L25 7RY,1.1
L25 7RZ,1.1
L25 7SA,1.1
L25 7SB,1.1
L25 7SE,1.1
L25 7SF,1.1
L25 7SG,1.1
L25 7SL,1.1
L25 7SN,1.1
L25 7SP,1.1
L25 7SQ,1.1
L25 7SR,3.2
L25 7SS,1.1
L25 7SW,1.1
L25 7SY,1.1
L25 7SZ,1.1
L25 7TA,3.2
L25 7TB,3.2
L25 7TD,3.2
L25 7TE,0.1
L25 7TF,1.1
L25 7TG,3.2
L25 7TH,0.1
L25 7TJ,3.2
L25 7TL,3.2
L25 7TN,3.2
L25 7TP,3.2
L25 7TQ,3.2
L25 7TR,3.2
L25 7TS,3.2
L25 7TT,3.2
L25 7TU,3.2
L25 7TW,3.2
L25 7TX,3.2
L25 7TY,3.2
L25 7TZ,3.2
L25 7UA,3.2
L25 7UB,1.1
L25 7UD,3.2
L25 7UE,3.2
L25 7UF,3.2
L25 7UG,3.2
L25 7UH,3.2
L25 7UJ,3.2
L25 7UL,3.2
L25 7UN,0.1
L25 7UQ,3.2
L25 7UR,1.1
L25 7US,1.1
L25 7UT,1.1
L25 7UU,1.1
L25 7UW,3.2
L25 7UX,1.1
L25 7UY,1.1
L25 7UZ,1.1
L25 3QW,1.2
L25 3QX,1.1
L25 3RA,1.1
L25 3RL,1.2
L25 3RN,1.2
L25 3RP,1.2
L25 3RR,1.2
L25 3RS,1.2
L25 3RT,1.2
L25 3RU,1.2
L25 3RW,1.2
L25 3RX,1.2
L25 3RY,1.2
L25 3RZ,1.2
L25 3SA,1.2
L25 3SB,1.2
L25 3SD,1.2
L25 3SE,1.2
L25 3SF,1.2
L25 3SG,1.2
L25 3SH,1.2
L25 3SJ,1.2
L25 3SL,3.2
L25 3SN,3.2
L25 3SQ,1.2
L25 3SR,1.2
L25 3SS,1.2
L25 3SZ,0.1
L25 3TA,0.1
L25 3WW,0.1
L25 4AG,3.2
L25 4RA,3.2
L25 4RD,0.1
L25 4RE,3.2
L25 4RF,0.1
L25 4RG,3.2
L25 4RH,3.2
L25 4RJ,0.1
L25 4RL,0.1
L25 4RN,0.1
L25 4RP,0.1
L25 4RQ,3.2
L25 4RR,0.1
L25 4RS,0.1
L25 4RT,0.1
L25 4RU,0.1
L25 4RW,0.1
L25 4RX,0.1
L25 4RY,0.1
L25 4RZ,0.1
L25 4SA,0.1
L25 4SB,0.1
L25 4SE,0.1
L25 4SF,0.1
L25 4SG,0.1
L25 4SH,0.1
L25 4SJ,0.1
L25 4SL,0.1
L25 4SN,0.1
L25 4SP,0.1
L25 4SQ,0.1
L25 4SR,0.1
L25 4SS,0.1
L25 4ST,0.1
L25 4SU,0.1
L25 4SW,0.1
L25 4SX,3.3
L25 4SY,0.1
L25 4SZ,0.1
L25 4TA,0.1
L25 4TB,3.3
L25 4TD,0.1
L25 4TE,0.1
L25 4TF,0.1
L25 4TG,3.3
L25 4TH,0.1
L25 4TJ,3.3
L25 4TL,0.1
L25 4TN,0.1
L25 4TP,0.1
L25 4TQ,3.3
L25 4TR,0.1
L25 4TS,3.3
L25 4TT,3.3
L25 4TU,3.3
L25 4TW,3.3
L25 4TX,0.1
L25 4TY,0.1
L25 4TZ,3.3
L25 4UA,0.1
L25 4UB,0.1
L25 4UD,0.1
L25 4UE,0.1
L25 4UF,0.1
L25 4UG,0.1
L25 1NU,1.1
L25 1NW,1.1
L25 1NX,1.1
L25 1NY,1.1
L25 4UH,0.1
L25 4UN,0.1
L25 4UQ,0.1
L25 5BA,0.1
L25 5HA,0.1
L25 5HJ,0.1
L25 5HL,0.1
L25 5HN,0.1
L25 5HP,0.1
L25 5HR,0.1
L25 5HS,0.1
L25 5HT,0.1
L25 5HU,0.1
L25 5HX,0.1
L25 5JA,0.1
L25 5JD,0.1
L25 5JE,0.1
L25 5JF,0.1
L25 5JG,0.1
L25 5JH,0.1
L25 5JL,0.1
L25 5JN,3.2
L25 5JP,0.1
L25 5JQ,0.1
L25 5JR,3.2
L25 5JS,0.1
L25 5JT,3.2
L25 5JU,3.2
L25 5JX,3.2
L25 5JY,3.2
L25 5JZ,0.1
L25 5LA,3.2
L25 5LB,3.2
L25 5LD,3.2
L25 5LE,3.2
L25 5LF,0.1
L25 5LG,0.1
L25 5LH,1.1
L25 5LJ,1.1
L25 5LL,1.1
L25 5LN,1.1
L25 5LP,1.1
L25 5LQ,0.1
L25 5LR,1.1
L25 5LS,1.1
L25 5LT,1.1
L25 5LU,1.1
L25 5LW,1.1
L25 5LX,0.1
L25 5LY,1.1
L25 5LZ,1.1
L25 5NA,0.1
L25 5NB,0.1
L25 5ND,0.1
L25 5NE,0.1
L25 5NF,0.1
L25 5NG,0.1
L25 5NH,0.1
L25 5NJ,3.2
L25 5NL,0.1
L25 5NN,0.1
L25 5NP,0.1
L25 5NQ,0.1
L25 5NR,0.1
L25 5NS,0.1
L25 5NT,0.1
L25 5NU,0.1
L25 5NW,0.1
L25 5NX,0.1
L25 5NY,3.2
L25 5NZ,0.1
L25 5PA,0.1
L25 5PB,3.2
L25 5PD,3.2
L25 5PE,0.1
L25 5PF,0.1
L25 5PG,0.1
L25 5PH,0.1
L25 5PJ,0.1
L25 5PL,3.2
L25 5PN,0.1
L25 5PP,0.1
L25 1NZ,1.1
L25 1PA,0.1
L25 1PB,0.1
L25 1PD,0.1
L25 1PF,0.1
L25 1PG,0.1
L25 1PH,0.1
L25 1PJ,0.1
L25 1PL,0.1
L25 1PN,0.1
L25 1PP,0.1
L25 1PQ,0.1
L25 1PR,0.1
L25 1PS,0.1
L25 1PT,1.1
L25 1PU,1.1
L25 1PW,0.1
L25 1PX,1.1
L25 1PY,1.1
L25 1PZ,1.1
L25 1QA,1.1
L25 1QD,1.1
L25 1QE,1.1
L25 1QP,1.1
L25 1QR,1.1
L25 1QW,1.1
L25 1RA,1.1
L25 1RB,1.1
L25 1RD,1.1
L25 1RE,1.1
L25 1RF,1.1
L25 1RG,1.1
L25 1RQ,1.1
L25 1RR,1.1
L25 1RS,1.1
L25 1RT,1.1
L25 1RW,0.1
L25 1RY,1.1
L25 2BA,3.2
L25 2NH,1.1
L25 2NJ,1.1
L25 2NL,1.1
L25 2NN,1.1
L25 2NP,1.1
L25 2NQ,1.1
L25 2NS,1.1
L25 2NT,1.1
L25 2NU,1.1
L25 2NW,1.1
L25 2NX,1.1
L25 2NY,1.1
L25 2PA,1.2
L25 2PE,1.1
L25 2PH,1.2
L25 2PJ,1.2
L25 2PL,1.1
L25 2PN,1.1
L25 2PQ,1.2
L25 2PR,1.1
L25 2PT,1.1
L25 2PU,1.1
L25 2PW,1.1
L25 2PX,1.1
L25 2PY,3.2
L25 2QB,3.2
L25 2QD,1.2
L25 2QF,1.2
L25 2QH,1.2
L25 2QJ,1.2
L25 2QL,1.2
L25 2QN,1.2
L25 2QP,1.2
L25 2QR,1.2
L25 2QS,1.2
L25 2QT,1.2
L25 2QW,1.2
L25 2QY,1.1
L25 2RA,1.2
L25 2RB,1.2
L25 2RD,1.1
L25 2RF,1.1
L25 2RG,1.1
L25 2RJ,1.1
L25 2RL,1.1
L25 2RP,1.2
L25 2RQ,1.1
L25 2RR,1.2
L25 2RS,1.1
L25 2RT,1.2
L25 2RU,1.2
L25 2RW,1.2
L25 2RX,1.1
L25 2RY,1.2
L25 2RZ,1.1
L25 2SA,1.1
L25 2SB,1.1
L25 2SD,1.1
L25 2SE,1.1
L25 2SF,1.1
L25 2SG,1.1
L24 6TA,1.1
L24 6TB,1.1
L24 6TD,1.1
L24 6TE,1.1
L24 6TH,1.1
L24 6TQ,1.1
L24 7RA,1.1
L24 7RB,1.1
L24 7RD,1.1
L24 7RE,1.1
L24 7RF,1.1
L25 2SH,1.1
L25 2SJ,1.1
L25 2SL,1.1
L25 2SN,1.1
L25 2SP,1.1
L25 2SQ,1.1
L25 2SR,1.1
L25 2SS,1.1
L25 2ST,1.1
L25 2SU,1.1
L25 2SW,1.1
L25 2SZ,1.1
L25 2TG,1.1
L25 2TQ,1.1
L25 2UD,1.2
L25 2UF,1.1
L25 2XD,1.2
L25 2XE,1.2
L25 2XP,1.1
L25 2XS,1.2
L25 2XT,1.2
L25 2XU,1.1
L25 2XW,1.1
L25 2XX,1.1
L25 2XZ,1.2
L25 2YD,1.1
L25 2YE,1.1
L25 2YF,1.1
L25 2YG,1.1
L25 2YH,1.1
L25 2YJ,1.1
L25 2YL,1.1
L25 2YP,1.1
L25 2YQ,1.1
L25 2YR,1.1
L25 2YS,1.1
L25 2YT,1.1
L25 2YU,1.1
L25 2YW,1.1
L25 3NF,1.1
L25 3NR,1.2
L25 3NS,1.1
L25 3NT,1.1
L25 3NU,1.1
L25 3NW,1.1
L25 3NX,1.1
L25 3NY,1.1
L25 3NZ,1.1
L25 3PA,3.2
L25 3PB,3.2
L25 3PD,3.2
L25 3PE,3.2
L25 3PG,3.2
L25 3PH,3.2
L25 3PJ,3.2
L25 3PL,0.1
L25 3PN,0.1
L25 3PP,0.1
L25 3PQ,3.2
L25 3PR,0.1
L25 3PS,0.1
L25 3PT,0.1
L25 3PU,0.1
L25 3PW,0.1
L25 3PX,0.1
L25 3PY,0.1
L25 3PZ,0.1
L25 3QA,0.1
L25 3QB,0.1
L25 3QD,3.2
L25 3QE,0.1
L25 3QF,3.2
L25 3QG,0.1
L25 3QH,0.1
L25 3QJ,3.2
L25 3QL,0.1
L25 3QN,0.1
L25 3QP,1.1
L25 3QQ,0.1
L25 3QR,1.1
L25 3QS,1.2
L25 3QT,1.2
L25 3QU,1.2
L24 7RG,1.1
L24 7RH,1.1
L24 7RJ,1.1
L24 7RL,1.1
L24 7RN,1.1
L24 7RP,1.1
L24 7RQ,1.1
L24 7RR,1.1
L24 7RS,1.1
L24 7RT,1.1
L24 7RU,1.1
L24 7RW,1.1
L24 7RX,1.1
L24 7RY,1.1
L24 7RZ,1.1
L24 7SA,1.1
L24 7SB,1.1
L24 7SD,1.1
L24 7SE,1.1
L24 7SF,1.1
L24 7SG,1.1
L24 7SH,1.1
L24 7SQ,1.1
L24 8AD,1.2
L24 8DA,1.1
L24 8QA,1.1
L24 8QB,1.1
L24 8QD,1.1
L24 8QR,1.1
L24 8RB,1.2
L24 8RF,1.2
L24 8RG,1.2
L24 8RJ,1.2
L24 8RL,1.2
L24 8RN,1.1
L24 9BA,0.1
L24 9BB,1.1
L24 9BD,1.1
L24 9BF,1.1
L24 9BG,1.1
L24 9BJ,1.1
L24 9GB,0.1
L24 9GQ,0.1
L24 9GR,1.1
L24 9GS,1.1
L24 9HA,1.2
L24 9HB,1.2
L24 9HD,0.1
L24 9HE,1.2
L24 9HH,1.2
L24 9HJ,0.1
L24 9HL,0.1
L24 9HP,1.1
L24 9HQ,1.2
L24 9HW,0.1
L24 9HX,0.1
L24 9HZ,1.2
L24 9JT,1.1
L24 9JW,1.1
L24 9LD,0.1
L24 9LE,1.1
L24 9LG,0.1
L24 9LH,0.1
L24 9LJ,0.1
L24 9LL,0.1
L24 9LN,0.1
L24 9LP,0.1
L24 9LR,0.1
L24 9LS,0.1
L24 9LW,0.1
L24 9NB,1.1
L24 9PA,1.1
L24 9PB,1.2
L24 9PH,1.1
L24 9PL,1.1
L24 9PN,1.2
L24 9PS,1.1
L24 9PY,1.1
L24 9PZ,1.1
L24 9WA,0.1
L24 9WD,1.2
L24 9WF,1.1
L24 9WX,1.1
L25 0LA,3.2
L25 0LB,3.2
L25 0LD,3.2
L25 0LE,0.1
L25 0LF,3.2
L25 0LG,3.2
L25 0LH,3.2
L25 0LJ,1.1
L25 0LL,1.2
L24 2SF,1.1
L24 2SG,1.1
L24 2SJ,1.1
L24 2SN,1.1
L24 2SP,1.1
L24 2SR,1.1
L24 2SS,1.1
L24 2ST,1.1
L24 2SU,1.1
L24 2SW,1.1
L24 2SX,1.1
L24 2SY,1.1
L24 2SZ,1.1
L24 2TA,1.1
L24 2TB,1.1
L24 2TD,1.1
L24 2TE,1.2
L24 2TF,1.1
L25 0LN,0.1
L25 0LP,3.2
L25 0LQ,1.1
L25 0LR,3.2
L25 0LS,3.2
L25 0LT,0.1
L25 0LU,3.2
L25 0LW,0.1
L25 0LX,3.2
L25 0LY,3.2
L25 0LZ,3.2
L25 0NA,3.2
L25 0NB,0.1
L25 0ND,0.1
L25 0NG,3.2
L25 0NH,0.1
L25 0NJ,0.1
L25 0NL,0.1
L25 0NN,0.1
L25 0NP,0.1
L25 0NQ,3.2
L25 0NR,0.1
L25 0NS,0.1
L25 0NT,0.1
L25 0NU,0.1
L25 0NX,0.1
L25 0NY,0.1
L25 0PA,0.1
L25 0PB,0.1
L25 0PD,0.1
L25 0PE,0.1
L25 0PF,0.1
L25 0PG,0.1
L25 0PH,0.1
L25 0PJ,0.1
L25 0PL,0.1
L25 0PN,0.1
L25 0PP,0.1
L25 0PQ,0.1
L25 0PR,0.1
L25 0PS,0.1
L25 0PT,0.1
L25 0PU,0.1
L25 0PW,0.1
L25 0PX,0.1
L25 0PY,0.1
L25 0PZ,0.1
L25 0QA,0.1
L25 0QB,1.1
L25 0QD,1.1
L25 0QE,1.1
L25 0QF,1.1
L25 0QG,1.1
L25 0QH,1.1
L25 0QJ,1.1
L25 0QQ,1.1
L25 0QR,0.1
L25 0QS,0.1
L25 1AB,1.1
L25 1AD,1.1
L25 1BA,1.1
L25 1GA,1.1
L25 1JA,1.1
L25 1JB,1.1
L25 1NA,1.1
L25 1NB,1.1
L25 1ND,1.1
L25 1NE,1.1
L25 1NF,1.1
L25 1NG,1.1
L25 1NH,1.1
L25 1NJ,1.1
L25 1NL,1.1
L25 1NN,1.1
L25 1NP,1.1
L25 1NQ,1.1
L25 1NS,1.1
L24 2TG,1.1
L24 2TH,1.1
L24 2TJ,1.1
L24 2TL,1.1
L24 2TN,1.1
L24 2TP,1.1
L24 2TQ,1.1
L24 2TR,1.1
L24 2TS,1.1
L24 2TT,1.1
L24 2TW,1.1
L24 2TX,1.1
L24 2TY,1.1
L24 2TZ,1.1
L24 2UA,1.1
L24 2UB,1.1
L24 2UD,1.1
L24 2UE,1.1
L24 2UF,1.1
L24 2UG,1.1
L24 2UH,1.1
L24 2UJ,1.1
L24 2UL,1.1
L24 2UN,1.1
L24 2UP,1.1
L24 2UQ,1.1
L24 2UR,1.1
L24 2US,1.1
L24 2UT,1.1
L24 2UU,1.1
L24 2UW,1.1
L24 2UX,1.1
L24 2UY,1.1
L24 2UZ,1.1
L24 2WZ,1.1
L24 2XG,1.1
L24 2XH,1.1
L24 2XJ,1.1
L24 2XL,1.1
L24 2XN,1.1
L24 3TA,1.2
L24 3TD,1.2
L24 3TE,1.2
L24 3TF,1.1
L24 3TG,1.1
L24 3TH,1.1
L24 3TJ,1.1
L24 3TL,1.2
L24 3TN,1.1
L24 3TP,1.2
L24 3TQ,1.2
L24 3TR,1.1
L24 3TS,1.1
L24 3TT,1.1
L24 3TU,1.1
L24 3TW,1.2
L24 3TX,1.1
L24 3TY,1.1
L24 3TZ,1.1
L24 3UA,1.1
L24 3UB,1.1
L24 3UD,1.1
L24 3UE,1.1
L24 3UF,1.1
L24 3UG,1.1
L24 3UH,1.1
L24 3UJ,1.1
L24 3UL,1.1
L24 3UN,1.1
L24 3UP,1.1
L24 3UQ,1.1
L24 3UR,1.1
L24 3US,1.1
L24 3UT,1.1
L24 3UU,1.1
L24 3UW,1.1
L24 3UX,1.1
L24 3UY,1.1
L24 3UZ,1.1
L24 3XA,1.1
L24 3XB,1.1
L24 3XD,1.1
L24 3XE,1.1
L24 3XF,1.1
L24 3XG,1.1
L24 3XQ,1.1
L24 4AA,1.1
L24 4AD,2.1
L24 4AE,2.1
L24 4AF,2.1
L24 4AG,2.1
L24 4AH,2.1
L24 4AJ,2.1
L24 4AL,2.1
L24 4AN,2.1
L24 4AP,2.1
L24 4AQ,2.1
L24 4AR,2.1
L23 8TZ,3.3
L23 8UA,3.3
L23 8UB,3.3
L23 8UD,0.1
L23 8UE,0.1
L23 8UF,3.3
L23 8UG,0.1
L23 8UH,3.3
L23 8UJ,0.1
L23 8UL,0.1
L23 8UN,0.1
L23 8UP,0.1
L23 8UQ,0.1
L23 8UR,3.3
L23 8US,3.3
L23 8UT,3.3
L23 8UU,3.3
L23 8UW,3.3
L23 8UX,3.3
L23 8XB,0.1
L23 8XN,3.3
L23 9AD,0.2
L23 9RR,1.2
L23 9RU,1.1
L24 4AS,2.1
L24 4AT,2.1
L24 4AU,2.1
L24 4AW,2.1
L24 4AX,2.1
L24 4AY,2.1
L24 4AZ,2.1
L24 4BA,2.1
L24 4BB,2.1
L24 4BD,2.1
L24 4BE,2.1
L24 4BG,2.1
L24 4BH,2.1
L24 4BJ,2.1
L24 4BL,2.1
L24 4BN,2.1
L24 4BP,2.1
L24 4BQ,2.1
L24 4BR,2.1
L24 4BS,2.1
L24 4BT,2.1
L24 4BU,2.1
L24 4BW,2.1
L24 4BX,2.1
L24 4BY,2.1
L24 4BZ,2.1
L24 4EA,2.1
L24 4EB,2.1
L24 5GA,1.2
L24 5RB,2.1
L24 5RD,2.1
L24 5RE,2.1
L24 5RF,2.1
L24 5RG,2.1
L24 5RJ,1.2
L24 5RL,2.1
L24 5RN,2.1
L24 5RP,2.1
L24 5RQ,2.1
L24 5RR,2.1
L24 5RS,2.1
L24 5RT,2.1
L24 5RU,2.1
L24 5RW,2.1
L24 5RX,2.1
L24 5RY,2.1
L24 5RZ,2.1
L24 5SA,2.1
L24 5SB,2.1
L24 5SD,2.1
L24 5SE,2.1
L24 5SF,2.1
L24 5SG,2.1
L24 6SA,1.1
L24 6SB,1.1
L24 6SD,1.1
L24 6SE,1.1
L24 6SF,1.1
L24 6SG,1.1
L24 6SH,1.1
L24 6SJ,1.1
L24 6SL,1.1
L24 6SN,1.1
L24 6SP,1.1
L24 6SQ,1.1
L24 6SR,1.1
L24 6SS,1.1
L24 6ST,1.1
L24 6SU,1.1
L24 6SW,1.1
L24 6SX,1.1
L24 6SY,1.1
L24 6SZ,1.1
L23 9SA,0.1
L23 9SB,0.1
L23 9SD,3.2
L23 9SE,0.1
L23 9SF,1.2
L23 9SG,1.2
L23 9SH,0.1
L23 9SJ,0.1
L23 9SL,1.2
L23 9SN,0.1
L23 9SP,1.2
L23 9SQ,1.2
L23 9SR,0.1
L23 9SS,1.2
L23 9ST,1.2
L23 9SU,1.2
L23 9SW,0.1
L23 9SX,1.2
L23 9SY,1.2
L23 9SZ,1.2
L23 9TA,1.2
L23 9TB,1.2
L23 9TD,0.1
L23 9TE,1.2
L23 9TF,1.2
L23 9TG,0.1
L23 9TH,0.1
L23 9TJ,0.1
L23 9TL,1.2
L23 9TN,0.1
L23 9TP,1.2
L23 9TQ,0.1
L23 9TR,1.2
L23 9TS,0.1
L23 9TT,1.2
L23 9TU,0.1
L23 9TW,0.1
L23 9TX,0.1
L23 9TY,0.1
L23 9TZ,1.1
L23 9UA,0.1
L23 9UB,0.1
L23 9UD,0.1
L23 9UE,0.1
L23 9UF,1.1
L23 9UG,0.1
L23 9UH,1.1
L23 9UJ,1.1
L23 9UL,1.1
L23 9UN,1.1
L23 9UP,1.1
L23 9UQ,1.1
L23 9UR,1.1
L23 9US,1.1
L23 9UT,1.1
L23 9UU,1.1
L23 9UW,1.1
L23 9UX,1.1
L23 9UY,1.1
L23 9UZ,1.1
L23 9XA,1.1
L23 9XB,1.1
L23 9XD,1.1
L23 9XE,1.1
L23 9XF,1.1
L23 9XG,0.1
L23 9XH,1.1
L23 9XJ,0.1
L23 9XL,0.1
L23 9XP,0.1
L23 9XQ,0.1
L23 9XR,0.1
L23 9XS,0.1
L23 9XU,0.1
L23 9XW,0.1
L23 9XX,0.1
L23 9XY,0.1
L23 9XZ,0.1
L23 9YB,1.1
L23 9YF,0.1
L23 9YG,0.1
L23 9YH,1.1
L23 9YJ,0.1
L23 9YL,0.1
L23 9YN,1.1
L23 9YP,1.1
L23 9YQ,0.1
L23 9YR,1.2
L23 9YT,0.1
L23 9YU,0.1
L23 9YW,0.1
L24 0SA,1.1
L24 0SB,1.1
L24 0SD,1.1
L24 0SE,1.1
L24 0SF,1.1
L24 0SG,1.1
L24 0SH,1.1
L24 0SJ,1.1
L24 0SL,1.1
L23 6BA,0.1
L23 6BD,0.1
L23 6RA,3.2
L23 6RJ,0.1
L23 6RN,0.1
L23 6SA,0.1
L23 6SG,0.1
L23 6SN,3.2
L23 6SP,3.2
L23 6SR,3.2
L23 6SS,0.1
L23 6ST,0.1
L23 6SU,0.1
L23 6SW,3.2
L23 6SX,3.2
L23 6SY,0.1
L23 6SZ,0.1
L23 6TA,3.2
L23 6TD,3.2
L23 6TE,0.1
L23 6TF,3.2
L23 6TH,3.2
L23 6TJ,3.2
L23 6TL,3.2
L23 6TN,3.2
L23 6TP,3.3
L23 6TQ,3.2
L23 6TR,3.3
L23 6TS,3.2
L23 6TT,3.2
L23 6TU,3.2
L24 0SN,1.1
L24 0SP,1.1
L24 0SQ,1.1
L24 0SR,1.1
L24 0SS,1.1
L24 0ST,1.1
L24 0SU,1.1
L24 0SW,1.1
L24 0SX,1.1
L24 0SY,1.1
L24 0SZ,1.1
L24 0TA,1.1
L24 0TB,1.1
L24 0TD,1.1
L24 0TE,1.1
L24 0TF,1.1
L24 0TG,1.1
L24 0TH,1.1
L24 0TJ,1.1
L24 0TL,1.1
L24 0TP,1.1
L24 0TQ,1.1
L24 0TR,1.1
L24 0TS,1.1
L24 0TW,1.1
L24 0TY,1.1
L24 1UA,1.1
L24 1UB,1.2
L24 1UD,1.1
L24 1UE,1.1
L24 1UF,1.1
L24 1UG,1.2
L24 1UH,1.2
L24 1UJ,1.2
L24 1UL,1.2
L24 1UN,1.2
L24 1UP,1.2
L24 1UR,1.2
L24 1US,1.2
L24 1UU,1.1
L24 1UW,1.2
L24 1UX,1.2
L24 1UY,1.2
L24 1WG,1.1
L24 1XD,1.2
L24 1XG,1.2
L24 1XH,1.2
L24 1XJ,1.2
L24 1XL,1.2
L24 1XN,1.2
L24 1XP,1.2
L24 1XQ,1.2
L24 1XR,1.2
L24 1XU,1.2
L24 1XW,1.2
L24 1YA,1.2
L24 1YD,1.1
L24 1YH,1.2
L24 1YL,1.2
L24 1YR,1.2
L24 1YS,1.2
L24 1YT,1.2
L24 2RA,1.1
L24 2RB,1.1
L24 2RZ,1.1
L24 2SA,1.1
L24 2SD,1.1
L23 6TW,3.2
L23 6TX,3.2
L23 6TY,0.1
L23 6TZ,0.1
L23 6UA,3.2
L23 6UB,0.1
L23 6UE,0.1
L23 6UF,3.2
L23 6UG,3.3
L23 6UH,3.2
L23 6UJ,3.2
L23 6UL,3.3
L23 6UN,3.2
L23 6UP,3.2
L23 6UQ,0.1
L23 6UR,3.2
L23 6US,3.2
L23 6UT,3.3
L23 6UU,3.3
L23 6UW,3.3
L23 6UX,0.1
L23 6UY,0.1
L23 6UZ,0.1
L23 6WD,3.2
L23 6WE,0.1
L23 6WG,3.2
L23 6XA,0.1
L23 6XB,0.1
L23 6XD,0.1
L23 6XE,0.1
L23 6XG,3.2
L23 6XH,3.2
L23 6XJ,3.2
L23 6XN,3.2
L23 6XP,3.2
L23 6XQ,3.2
L23 6XR,3.3
L23 6XS,3.2
L23 6XT,3.2
L23 6XU,3.2
L23 6XW,3.2
L23 6XX,3.3
L23 6XY,3.3
L23 6YD,3.2
L23 7TA,0.1
L23 7TB,0.1
L23 7TD,0.1
L23 7TE,0.1
L23 7TF,0.1
L23 7TG,0.1
L23 7TH,0.1
L23 7TJ,0.1
L23 7TL,0.1
L23 7TN,0.1
L23 7TP,0.1
L23 7TQ,0.1
L23 7TR,0.1
L23 7TS,3.3
L23 7TU,3.3
L23 7TW,0.1
L23 7TX,3.3
L23 7TY,3.3
L23 7TZ,3.3
L23 7UA,3.3
L23 7UB,3.3
L23 7UD,3.3
L23 7UE,3.3
L23 7UF,3.3
L23 7UG,3.3
L23 7UH,3.3
L23 7UJ,3.3
L23 7UL,3.3
L23 7UN,3.3
L23 7UP,3.3
L23 7UQ,3.3
L23 7UR,3.3
L23 7US,3.3
L23 7UT,3.3
L23 7UU,3.3
L23 7UW,3.3
L23 7UX,3.3
L23 7UY,3.3
L23 7UZ,3.3
L23 7XA,3.3
L23 7XB,3.3
L23 7XD,3.3
L23 7XE,3.3
L23 7XF,3.3
L23 7XG,0.1
L23 2SS,0.1
L23 2ST,0.1
L23 2SU,0.1
L23 2SW,1.1
L23 2SX,0.1
L23 2SY,0.1
L23 2SZ,0.1
L23 2TA,0.1
L23 2TB,0.1
L23 2TD,0.1
L23 2TE,0.1
L23 2TF,3.3
L23 2TG,1.1
L23 2TH,1.1
L23 2TJ,1.1
L23 2TL,1.1
L23 2TN,1.1
L23 2TP,1.1
L23 2TQ,1.1
L23 2TR,1.1
L23 2TS,1.1
L23 2TT,1.1
L23 2TU,1.1
L23 2TW,1.1
L23 2TX,1.1
L23 2TY,1.1
L23 2TZ,1.1
L23 2UA,1.1
L23 2UB,1.1
L23 2UD,1.1
L23 2UE,0.1
L23 2UF,0.1
L23 2UH,0.1
L23 2UL,0.1
L23 2UN,0.1
L23 2UP,0.1
L23 2UQ,0.1
L23 2UR,0.1
L23 2US,0.1
L23 7XH,3.3
L23 7XJ,0.1
L23 7XL,3.3
L23 7XN,3.3
L23 7XT,3.3
L23 7XU,0.1
L23 7XW,3.3
L23 7XX,0.1
L23 7XY,0.1
L23 7XZ,0.1
L23 7YA,0.1
L23 7YB,3.3
L23 7YD,3.3
L23 7YE,3.3
L23 7YF,3.3
L23 7YG,3.3
L23 7YH,3.3
L23 7YJ,3.3
L23 7YQ,3.3
L23 7YX,0.1
L23 8SA,0.1
L23 8SB,0.1
L23 8SD,3.3
L23 8SE,0.1
L23 8SF,0.1
L23 8SG,0.1
L23 8SH,0.1
L23 8SJ,0.1
L23 8SL,3.3
L23 8SN,0.1
L23 8SP,3.3
L23 8SQ,0.1
L23 8SR,3.3
L23 8SS,3.3
L23 8ST,3.3
L23 8SU,3.3
L23 8SW,0.1
L23 8SX,3.3
L23 8SY,3.3
L23 8SZ,3.3
L23 8TA,3.3
L23 8TB,3.3
L23 8TD,3.3
L23 8TE,0.1
L23 8TF,3.3
L23 8TG,3.3
L23 8TH,0.1
L23 8TJ,0.1
L23 8TL,0.1
L23 8TN,0.1
L23 8TP,0.1
L23 8TQ,3.3
L23 8TR,0.1
L23 8TS,3.3
L23 8TT,3.3
L23 8TU,3.3
L23 8TW,0.1
L23 8TX,0.1
L23 8TY,3.3
L23 2UT,0.1
L23 2UU,0.1
L23 2UX,0.1
L23 2UY,0.1
L23 2UZ,0.1
L23 2WB,0.2
L23 2XA,0.1
L23 2XB,0.1
L23 2XD,0.1
L23 2XF,1.1
L23 2XH,0.1
L23 2XJ,0.1
L23 2XN,0.1
L23 2XQ,0.1
L23 2XT,0.1
L23 2YR,0.1
L23 2YW,0.1
L23 3AD,0.1
L23 3AE,0.1
L23 3AF,0.1
L23 3AG,0.1
L23 3AH,0.1
L23 3AJ,0.1
L23 3AL,0.1
L23 3AN,0.1
L23 3AP,0.1
L23 3AQ,0.1
L23 3AR,0.1
L23 3AS,0.1
L23 3AT,0.1
L23 3AW,0.1
L23 3AX,0.1
L23 3AY,0.1
L23 3AZ,0.1
L23 3BA,0.1
L23 3BB,0.1
L23 3BD,0.1
L23 3BE,0.1
L23 3BG,0.1
L23 3BJ,0.1
L23 3BN,0.1
L23 3BP,0.1
L23 3BQ,0.1
L23 3BR,0.1
L23 3BS,0.1
L23 3BT,0.1
L23 3BU,0.1
L23 3BW,0.1
L23 3BX,0.1
L23 3BY,0.1
L23 3BZ,0.1
L23 3DA,0.1
L23 3DB,0.1
L23 3DD,0.1
L23 3DE,0.1
L23 3DF,0.1
L23 3DG,0.1
L23 3DH,0.1
L23 3DJ,0.1
L23 3DL,0.1
L23 3DN,0.1
L23 3DP,0.1
L23 3DQ,0.1
L23 3DR,0.1
L23 3DS,0.1
L23 3DW,0.1
L23 3YX,0.2
L23 4TA,0.1
L23 4TB,0.1
L23 4TD,0.1
L23 4TE,0.1
L23 4TF,0.1
L23 4TG,1.1
L23 4TH,0.1
L23 4TJ,0.1
L23 4TL,0.1
L23 4TP,0.1
L23 4TQ,0.1
L23 4TR,1.1
L23 4TS,1.1
L23 4TT,1.1
L23 4TU,1.1
L23 4TW,0.1
L23 4TX,1.1
L23 4TY,0.1
L23 4TZ,0.1
L23 4UA,1.1
L23 4UB,0.1
L23 4UD,0.1
L23 4UE,0.1
L23 4UF,0.1
L23 4UG,0.1
L23 4UH,0.1
L23 4UJ,0.1
L23 4UL,0.1
L23 4UN,0.1
L22 9QA,1.1
L22 9QB,0.1
L22 9QD,0.1
L22 9QE,0.1
L22 9QG,0.2
L22 9QH,0.1
L22 9QJ,0.1
L22 9QL,0.1
L22 9QN,0.1
L22 9QP,0.1
L22 9QQ,0.2
L22 9QR,0.1
L22 9QS,0.1
L22 9QT,0.1
L22 9QU,0.1
L22 9QW,0.1
L22 9QX,0.1
L22 9QY,0.1
L22 9QZ,0.1
L22 9RD,1.1
L22 9RG,1.1
L22 9RH,1.1
L23 0QA,3.2
L23 0QB,3.3
L23 0QD,3.3
L23 0QE,3.3
L23 0QF,3.2
L23 0QG,3.3
L23 0QH,0.1
L23 0QJ,0.1
L23 0QL,3.3
L23 0QN,0.1
L23 0QP,0.1
L23 0QQ,3.2
L23 0QR,0.1
L23 0QS,3.3
L23 0QT,3.3
L23 0QU,3.3
L23 0QW,0.1
L23 0QX,3.3
L23 0QZ,3.3
L23 0RA,0.1
L23 0RB,0.1
L23 4UQ,0.1
L23 5RB,0.1
L23 5RD,0.1
L23 5RE,0.1
L23 5RF,0.1
L23 5RG,0.1
L23 5RH,0.1
L23 5RL,0.1
L23 5RN,0.1
L23 5RP,0.1
L23 5RQ,0.1
L23 5RR,0.1
L23 5RS,0.1
L23 5RT,0.1
L23 5RU,0.1
L23 5RW,0.1
L23 5RX,0.1
L23 5RY,0.1
L23 5RZ,0.1
L23 5SA,0.1
L23 5SD,0.1
L23 5SE,0.1
L23 5SF,0.1
L23 5SG,0.1
L23 5SJ,0.1
L23 5SP,0.1
L23 5SR,0.1
L23 5ST,0.1
L23 5SU,0.1
L23 5SX,0.1
L23 5SY,0.1
L23 5SZ,0.1
L23 5TA,0.1
L23 5TB,0.1
L23 5TD,0.1
L23 5TE,0.1
L23 5TF,0.1
L23 5TG,0.1
L23 5TH,0.1
L23 5TJ,0.1
L23 5TL,0.1
L23 5TN,0.1
L23 5TP,0.1
L23 5TR,0.1
L23 5TS,0.1
L23 5TT,0.1
L23 5TU,0.1
L23 5TW,0.1
L23 5TX,0.1
L23 5UE,0.1
L23 5UJ,0.1
L23 6AB,3.2
L23 6AD,3.2
L23 0RD,3.2
L23 0RE,3.3
L23 0RF,3.3
L23 0RG,3.2
L23 0RH,3.3
L23 0RJ,0.1
L23 0RL,0.1
L23 0RN,0.1
L23 0RP,0.1
L23 0RQ,3.2
L23 0RS,0.1
L23 0RT,0.1
L23 0RU,0.1
L23 0RW,0.1
L23 0RX,0.1
L23 0RY,3.2
L23 0RZ,3.2
L23 0SA,3.3
L23 0SB,3.3
L23 0SD,3.3
L23 0SE,3.2
L23 0SF,3.2
L23 0SG,0.1
L23 0SH,3.3
L23 0SJ,3.3
L23 0SL,3.3
L23 0SN,3.2
L23 0SP,0.1
L23 0SQ,0.1
L23 0SR,0.1
L23 0SS,0.1
L23 0ST,3.2
L23 0SU,3.2
L23 0SW,3.2
L23 0SX,3.2
L23 0SY,0.1
L23 0SZ,0.1
L23 0TA,3.2
L23 0TB,3.2
L23 0TD,3.2
L23 0TE,3.2
L23 0TF,3.2
L23 0TG,0.1
L23 0TH,0.1
L23 0TJ,0.1
L23 0TL,3.2
L23 0TN,3.2
L23 0TP,0.1
L23 0TQ,0.1
L23 0TR,0.1
L23 0TT,0.1
L23 0TU,0.1
L23 0TW,3.2
L23 0TX,3.2
L23 0TY,0.1
L23 0TZ,3.2
L23 0UB,0.1
L23 0UE,0.1
L23 0UF,0.1
L23 0UG,0.1
L23 0UH,0.1
L23 0UJ,0.1
L23 0UL,0.1
L23 0UN,0.1
L23 0UQ,0.1
L23 0UR,0.1
L23 0UT,0.1
L23 0UW,3.2
L23 0YD,0.1
L23 0YE,0.1
L23 1TA,0.1
L23 1TB,0.1
L23 1TD,0.1
L23 1TE,0.1
L23 1TG,1.1
L23 1TH,0.1
L23 1TJ,0.1
L23 1TL,0.1
L23 1TN,0.1
L23 1TP,0.1
L23 1TQ,1.1
L23 1TR,0.1
L23 1TS,0.1
L23 1TY,1.1
L23 1TZ,1.1
L23 1UA,1.1
L23 1UB,1.1
L23 1UE,1.1
L23 1UF,1.1
L23 1UH,0.1
L23 1UJ,1.1
L23 1UP,0.1
L23 1UR,0.1
L23 1US,0.1
L23 1UT,0.1
L23 1UW,1.1
L23 1UY,0.1
L22 2AT,0.1
L22 2AU,0.1
L22 2AW,0.1
L22 2AX,0.1
L22 2AY,0.1
L22 2AZ,0.1
L22 2BA,0.1
L22 2BB,0.1
L22 2BD,0.1
L22 2BE,0.1
L22 2BH,0.1
L22 2BJ,0.1
L22 2BP,0.1
L22 2BQ,0.1
L22 2BR,0.1
L22 3RB,3.1
L22 3XA,3.1
L22 3XB,3.1
L22 3XD,3.1
L22 3XE,3.1
L22 3XF,0.2
L22 3XG,3.1
L22 3XH,0.2
L22 3XJ,0.2
L22 3XL,0.2
L22 3XN,3.1
L22 3XP,3.1
L22 3XQ,0.2
L22 3XS,0.2
L22 3XT,3.1
L22 3XU,3.1
L22 3XX,3.1
L22 3XY,3.1
L22 3XZ,3.1
L22 3YA,3.1
L22 3YB,3.1
L22 3YD,3.1
L22 3YE,3.1
L22 3YF,3.1
L22 3YG,3.1
L22 3YH,3.1
L22 3YR,0.1
L22 3YU,0.1
L22 3YX,0.1
L22 4QA,0.2
L22 4QB,0.2
L22 4QD,0.1
L22 4QF,0.2
L22 4QG,0.1
L22 4QJ,0.1
L23 1XB,0.1
L23 1XD,0.1
L23 1XE,1.1
L23 1XF,1.1
L23 1XG,1.1
L23 1XH,1.1
L23 1XJ,1.1
L23 1XL,1.1
L23 1XQ,1.1
L23 1XS,1.1
L23 1XT,1.1
L23 1ZA,1.1
L23 1ZD,0.1
L23 2QY,0.1
L23 2QZ,0.1
L23 2RA,0.1
L23 2RB,0.1
L23 2RD,0.1
L23 2RE,0.1
L23 2RF,0.1
L23 2RG,0.1
L23 2RH,0.1
L23 2RJ,0.1
L23 2RL,0.1
L23 2RN,1.2
L23 2RP,0.1
L23 2RQ,0.1
L23 2RR,0.1
L23 2RS,0.1
L23 2RT,0.1
L23 2RU,0.1
L23 2RW,0.1
L23 2RX,0.1
L23 2RY,0.1
L23 2RZ,0.1
L23 2SA,0.1
L23 2SD,0.1
L23 2SE,0.1
L23 2SF,0.1
L23 2SG,0.1
L23 2SH,0.1
L23 2SJ,1.1
L23 2SL,0.1
L23 2SN,0.1
L23 2SP,0.1
L23 2SQ,0.1
L23 2SR,0.1
L22 4QL,0.1
L22 4QN,0.2
L22 4QP,0.1
L22 4QQ,0.1
L22 4QR,0.1
L22 4QS,0.1
L22 4QT,0.1
L22 4QU,0.2
L22 4QW,0.2
L22 4QX,0.1
L22 4QY,0.1
L22 4QZ,0.1
L22 4RA,0.1
L22 4RB,0.1
L22 4RD,0.1
L22 4RE,0.1
L22 4RF,0.1
L22 4RG,3.3
L22 4RH,0.1
L22 4RJ,0.1
L22 4RL,0.1
L22 4RN,0.1
L22 4RQ,0.1
L22 4RS,0.1
L22 5BD,1.1
L22 5NA,1.1
L22 5NB,1.1
L22 5ND,1.1
L22 5NG,1.1
L22 5NL,1.1
L22 5NN,1.1
L22 5NP,1.1
L22 5NR,1.1
L22 5NS,1.1
L22 5NT,1.1
L22 5NU,1.1
L22 5NW,1.1
L22 5NY,1.1
L22 5NZ,1.1
L22 5PA,1.1
L22 5PB,1.1
L22 5PD,1.1
L22 5PE,1.1
L22 5PL,1.1
L22 5PQ,1.1
L22 5PR,1.1
L22 5PS,1.1
L22 5PT,1.1
L22 5PU,1.1
L22 5PW,1.1
L22 5PX,1.1
L22 5PY,1.1
L22 5PZ,1.1
L22 5QA,1.1
L22 5QD,1.1
L22 5QH,1.1
L22 5QJ,1.1
L22 5QL,1.1
L22 5QN,1.1
L22 5QT,1.1
L22 5QU,1.1
L22 5QW,1.1
L22 5QX,1.1
L22 5RN,1.1
L22 6QA,0.1
L22 6QB,0.1
L22 6QE,0.1
L22 6QF,0.1
L22 6QG,0.1
L22 6QH,0.1
L22 6QJ,0.1
L22 6QL,0.1
L22 6QN,0.1
L22 6QP,0.1
L22 6QQ,0.1
L22 6QR,0.1
L22 6QS,0.1
L22 6QT,0.1
L22 6QU,0.1
L22 6QW,0.1
L22 6QX,0.1
L22 6QY,0.1
L22 6QZ,0.1
L22 6RA,0.1
L22 6RB,0.1
L22 6RD,0.1
L22 6RE,0.1
L22 6RF,0.1
L22 6RQ,0.1
L22 7RA,0.1
L22 7RB,0.1
L22 7RD,0.1
L22 7RE,0.1
L22 7RF,0.1
L22 7RG,0.1
L22 7RH,0.1
L21 8NG,3.2
L21 8NH,1.1
L21 8NJ,1.1
L21 8NP,1.1
L21 8NQ,3.2
L21 8NR,1.1
L21 8NS,1.1
L21 8NT,1.1
L21 8NU,3.2
L21 8NW,1.1
L21 8NZ,3.2
L21 8PA,3.2
L21 8PB,3.2
L21 8PD,3.2
L21 8PE,3.2
L21 8PF,3.2
L21 8PG,1.1
L21 8PH,1.1
L21 8PJ,1.1
L21 8PN,1.1
L21 8PP,1.1
L21 8PQ,1.1
L21 8PR,1.1
L21 8PS,1.1
L21 8PT,1.1
L21 8PW,1.1
L21 8QB,1.1
L21 8QE,1.1
L21 8QG,1.1
L21 8QP,1.1
L21 8QR,1.1
L21 8QW,1.1
L21 9HA,1.1
L21 9HB,1.1
L21 9HD,1.1
L21 9HE,0.1
L21 9HF,1.2
L21 9HG,1.2
L21 9HH,1.2
L21 9HL,1.2
L21 9HN,1.2
L21 9HP,1.1
L21 9HQ,1.2
L21 9HR,1.1
L21 9HT,0.1
L21 9HU,1.2
L21 9HW,1.2
L21 9HX,1.2
L21 9HY,1.2
L21 9HZ,1.2
L21 9JA,1.2
L21 9JB,1.2
L21 9JD,0.1
L21 9JE,3.2
L21 9JF,3.2
L21 9JG,3.2
L21 9JH,1.1
L21 9JJ,3.1
L22 7RJ,0.1
L22 7RL,0.1
L22 7RN,0.1
L22 7RP,0.1
L22 7RQ,0.1
L22 7RR,0.1
L22 7RS,0.1
L22 7RT,0.1
L22 7RU,0.1
L22 7RW,0.1
L22 7RX,0.1
L22 7RY,0.1
L22 7RZ,0.1
L22 7SA,0.1
L22 7SG,0.1
L22 8QA,0.1
L22 8QB,1.1
L22 8QD,1.1
L22 8QE,1.1
L22 8QF,1.1
L22 8QG,0.1
L22 8QH,1.1
L22 8QJ,1.1
L22 8QL,1.1
L22 8QN,1.1
L22 8QP,1.1
L22 8QQ,0.1
L22 8QR,1.1
L22 8QS,1.1
L22 8QT,1.1
L22 8QU,1.1
L22 8QW,0.1
L22 8QX,1.1
L22 8QY,0.1
L22 8QZ,0.1
L22 8RA,1.1
L22 8RD,1.1
L22 8RH,1.1
L21 9JL,3.1
L21 9JN,0.1
L21 9JP,3.2
L21 9JQ,3.2
L21 9JR,0.1
L21 9JS,0.1
L21 9JT,3.2
L21 9JU,0.1
L21 9JW,0.1
L21 9JX,3.2
L21 9JY,3.2
L21 9JZ,3.2
L21 9LA,3.2
L21 9LB,0.1
L21 9LD,0.1
L21 9LE,3.1
L21 9LF,3.1
L21 9LG,3.1
L21 9LH,3.2
L21 9LJ,0.1
L21 9LL,3.2
L21 9LN,3.1
L21 9LP,3.1
L21 9LQ,3.1
L21 9LR,3.1
L21 9LS,1.1
L21 9LU,0.1
L21 9LW,3.1
L21 9LX,1.1
L21 9LY,3.1
L21 9NB,1.1
L21 9NE,1.1
L21 9NF,3.1
L21 9NG,1.1
L21 9NH,1.1
L21 9NJ,1.1
L21 9NL,3.1
L21 9NN,3.1
L21 9NP,3.1
L21 9NQ,1.1
L21 9NR,3.1
L21 9NS,3.1
L21 9NT,3.1
L21 9NU,3.1
L21 9NW,3.1
L21 9NX,3.1
L21 9NY,3.1
L21 9NZ,3.1
L21 9PA,3.2
L21 9PE,1.2
L21 9PF,1.1
L21 9PH,1.1
L21 9PJ,1.1
L21 9PL,0.1
L21 9PR,0.1
L21 9PY,3.1
L21 9PZ,3.1
L21 9QA,3.1
L21 9QB,3.1
L21 9QD,3.1
L21 9QE,3.1
L21 9QF,3.1
L21 9QH,3.1
L21 9QQ,0.1
L22 0LA,3.1
L22 0LD,0.2
L22 0LG,3.1
L22 0LH,0.2
L22 0LL,0.2
L22 0LN,0.2
L22 0LP,0.2
L22 0LQ,0.2
L22 0LR,0.2
L22 0LT,0.2
L22 0LW,0.2
L22 0LY,0.2
L22 0ND,0.2
L22 0NH,0.2
L22 0NJ,0.2
L22 0NL,0.2
L22 0NN,0.2
L22 0NP,0.2
L22 0NQ,0.2
L22 0NR,0.2
L22 0NS,0.2
L22 0NT,0.2
L22 0NU,0.2
L22 0NW,0.2
L22 0NX,0.2
L22 0PB,0.2
L22 0PJ,3.1
L22 0PT,3.1
L21 4PZ,1.1
L21 5HA,3.2
L21 5HB,3.2
L21 5HD,3.2
L21 5HE,3.2
L21 5HF,3.2
L21 5HG,3.2
L21 5HH,3.2
L21 5HJ,3.2
L21 5HL,3.2
L21 5HN,3.2
L21 5HP,3.2
L21 5HQ,3.2
L21 5HR,3.2
L21 5HS,3.2
L21 5HT,3.2
L21 5HU,3.2
L21 5HW,3.2
L21 5HX,3.2
L21 5HY,3.2
L21 5HZ,3.2
L21 5JA,3.2
L21 5JB,3.2
L21 5JD,3.2
L21 5JE,3.2
L21 5JF,3.2
L21 5JG,3.2
L21 5JH,3.2
L21 5JJ,3.2
L21 5JL,3.2
L21 5JN,3.2
L21 5JP,3.2
L21 5JQ,3.2
L21 5JR,3.2
L21 5JS,3.2
L21 5JT,3.2
L21 5JU,3.2
L21 5JW,3.2
L21 5JX,3.2
L21 6NA,1.1
L21 6NB,1.1
L21 6ND,1.1
L21 6NE,1.1
L21 6NF,1.1
L21 6NG,1.1
L21 6NH,1.1
L21 6NJ,1.1
L21 6NL,1.1
L21 6NP,1.1
L21 6NQ,1.1
L21 6NR,1.1
L21 6NT,1.1
L21 6NU,1.1
L21 6NX,1.1
L21 6NY,1.1
L21 6NZ,1.1
L21 6PG,1.1
L21 6PH,1.1
L21 6PL,1.1
L21 6PU,1.1
L21 7GB,1.2
L21 7GD,1.2
L21 7LA,1.2
L21 7LB,1.1
L21 7LE,1.1
L22 0ZX,0.2
L22 1RA,1.1
L22 1RB,1.1
L22 1RD,1.1
L22 1RE,1.1
L22 1RF,1.1
L22 1RG,1.1
L22 1RH,1.1
L22 1RJ,1.1
L22 1RL,1.1
L22 1RN,3.1
L22 1RP,1.1
L22 1RQ,1.1
L22 1RR,1.1
L22 1RS,3.1
L22 1RT,3.1
L22 1RW,3.1
L22 1RX,1.1
L22 1SW,3.1
L22 2AA,0.2
L22 2AD,0.1
L22 2AE,0.1
L22 2AF,0.1
L22 2AG,0.1
L22 2AH,0.1
L22 2AJ,0.1
L22 2AL,0.1
L22 2AN,0.1
L22 2AP,0.1
L22 2AQ,0.1
L22 2AR,0.1
L22 2AS,0.1
L21 7LF,1.1
L21 7LH,1.1
L21 7LJ,1.1
L21 7LL,1.1
L21 7LN,1.2
L21 7LP,1.1
L21 7LQ,1.1
L21 7LR,1.1
L21 7LS,1.1
L21 7LT,1.1
L21 7LU,1.1
L21 7LW,1.2
L21 7LX,1.1
L21 7LY,1.1
L21 7LZ,1.1
L21 7NA,1.2
L21 7NB,1.2
L21 7ND,1.2
L21 7NE,1.2
L21 7NF,1.2
L21 7NG,1.2
L21 7NH,1.2
L21 7NJ,1.2
L21 7NL,1.2
L21 7NN,1.2
L21 7NP,1.1
L21 7NQ,1.2
L21 7NR,1.2
L21 7NS,1.2
L21 7NT,1.2
L21 7NU,1.2
L21 7NW,1.2
L21 7NX,1.2
L21 7PA,1.1
L21 7PB,1.1
L21 7PD,1.1
L21 7PE,1.1
L21 7PF,1.1
L21 7PG,1.1
L21 7PJ,1.1
L21 7PN,1.1
L21 7PP,1.1
L21 7PQ,1.1
L21 7PR,1.1
L21 7PS,1.2
L21 7PT,1.1
L21 7PX,1.1
L21 7PY,1.1
L21 7PZ,1.1
L21 7QA,1.1
L21 7QB,1.1
L21 7QD,1.1
L21 7QE,1.1
L21 7QF,1.1
L21 7QG,1.2
L21 7QH,1.1
L21 7QJ,1.1
L21 7QL,1.1
L21 7QN,1.2
L21 7QP,1.2
L21 7QQ,1.2
L21 7QR,1.2
L21 7QS,1.2
L21 7QW,1.2
L21 7QX,1.1
L21 7QY,1.1
L21 7QZ,1.2
L21 7RA,1.1
L21 7RB,1.1
L21 7RD,1.1
L21 7RE,1.1
L21 7RF,1.1
L21 7RH,1.1
L21 8HD,1.1
L21 8HE,1.1
L21 8HG,1.1
L21 8HH,1.1
L21 8HJ,1.1
L21 8HL,1.1
L21 8HN,1.1
L21 8HQ,1.1
L21 8HS,1.1
L21 8HT,1.1
L21 8HU,1.1
L21 8HW,1.1
L21 8HX,1.1
L21 8HY,1.1
L21 8HZ,1.1
L21 8JA,1.1
L21 8JB,1.1
L21 8JD,1.1
L21 8JE,1.1
L21 8JF,1.1
L21 8JG,1.1
L21 8JH,1.1
L21 8JN,1.1
L21 8JP,1.1
L21 8JQ,1.1
L21 0HS,1.2
L21 0HT,1.2
L21 0HU,1.2
L21 0HW,1.2
L21 0HX,1.2
L21 0HY,1.2
L21 0HZ,1.2
L21 0JA,1.2
L21 0JB,1.2
L21 0JD,1.2
L21 0JE,1.2
L21 0JF,1.2
L21 0JG,1.2
L21 0JH,1.2
L21 0JJ,1.2
L21 0JL,1.2
L21 0JP,1.2
L21 0JQ,1.2
L21 0JW,1.2
L21 0JZ,1.2
L21 1AD,1.1
L21 1AE,1.1
L21 1AF,1.1
L21 1AG,1.1
L21 1AH,1.1
L21 1AJ,1.1
L21 1AL,1.1
L21 1AN,1.1
L21 1AP,1.1
L21 1AQ,1.1
L21 1AR,1.1
L21 1AS,1.1
L21 1AT,1.1
L21 1AW,1.1
L21 1AX,1.1
L21 1BB,1.1
L21 1BD,1.1
L21 1BE,1.1
L21 1BH,1.1
L21 1BJ,1.1
L21 1BL,1.1
L21 1BN,1.1
L21 1BP,1.1
L21 1BR,1.1
L21 1BS,1.1
L21 1BT,1.2
L21 1BU,1.2
L21 1BX,1.1
L21 1BY,1.1
L21 1BZ,1.1
L21 1DA,1.2
L21 1DB,1.1
L21 1DD,1.1
L21 1DE,1.1
L21 1DG,1.1
L21 1DH,1.1
L21 1DJ,1.1
L21 1DN,1.1
L21 1DP,1.1
L21 1DQ,1.1
L21 1DR,1.1
L21 1DS,1.1
L21 1DT,1.2
L21 1DU,1.2
L21 1DW,1.1
L21 1DX,1.2
L21 1DY,1.2
L21 1DZ,1.2
L21 1EB,1.2
L21 1EE,1.2
L21 8JS,1.1
L21 8JT,1.1
L21 8JU,1.1
L21 8JW,1.1
L21 8JX,1.1
L21 8JY,1.1
L21 8JZ,1.1
L21 8LA,1.1
L21 8LB,1.1
L21 8LD,1.1
L21 8LF,1.1
L21 8LH,1.1
L21 8LL,1.1
L21 8LN,3.2
L21 8LP,1.1
L21 8LQ,1.1
L21 8LS,1.1
L21 8LU,1.1
L21 8LW,3.2
L21 8LY,1.1
L21 8LZ,1.1
L21 8NA,1.1
L21 8NB,1.1
L21 8ND,1.1
L21 8NE,3.2
L21 8NF,3.2
L21 1EF,1.2
L21 1EG,3.1
L21 1EH,1.2
L21 1EJ,1.2
L21 1EL,1.2
L21 1EN,1.2
L21 1EQ,3.1
L21 1ER,1.2
L21 1ES,1.2
L21 1EW,1.2
L21 1EX,3.1
L21 1EY,3.1
L21 1EZ,1.1
L21 1HA,1.1
L21 1HD,1.2
L21 1HG,1.2
L21 1HJ,1.2
L21 1HL,1.2
L21 1HN,3.1
L21 1HP,1.2
L21 1HQ,1.2
L21 1HR,1.2
L21 1HS,1.1
L21 1HT,1.2
L21 1HU,1.2
L21 1HX,1.2
L21 1JD,1.1
L21 1JF,1.1
L21 1JG,1.2
L21 1JQ,1.2
L21 1JR,1.1
L21 1JW,1.2
L21 1LA,1.2
L21 2NA,1.1
L21 2NB,1.1
L21 2ND,1.1
L21 2NE,1.1
L21 2PA,1.1
L21 2PB,1.1
L21 2PE,1.1
L21 2PG,1.1
L21 2PJ,1.1
L21 2PN,1.1
L21 2PP,0.1
L21 2PQ,1.1
L21 2PR,0.1
L21 2PS,0.1
L21 2PT,0.1
L21 2PU,0.1
L21 2PW,0.1
L21 2PX,0.1
L21 2PY,1.1
L21 2QG,1.1
L21 2QH,1.1
L21 2QJ,1.1
L21 2QL,1.1
L21 2QN,1.1
L21 3TA,1.1
L21 3TB,1.1
L21 3TD,1.1
L21 3TE,1.1
L21 3TF,1.1
L21 3TG,1.1
L21 3TJ,1.1
L21 3TL,1.1
L21 3TN,1.1
L21 3TP,1.1
L21 3TQ,1.1
L21 3TR,1.1
L21 3TS,1.1
L21 3TT,1.1
L21 3TW,1.1
L21 3TX,1.1
L21 3TY,1.1
L21 3TZ,1.1
L21 3UA,1.1
L21 3UB,1.1
L21 3UD,1.1
L21 4LA,1.1
L21 4LB,1.1
L21 4LD,1.1
L21 4LE,1.2
L21 4LF,1.1
L21 4LG,1.1
L21 4LJ,1.1
L21 4LL,1.1
L21 4LN,1.1
L21 4LP,1.1
L21 4LR,1.1
L21 4LT,1.2
L21 4LU,1.2
L21 4LW,1.1
L21 4LX,1.1
L21 4LY,1.1
L21 4LZ,1.1
L21 4NA,1.1
L20 9AF,1.1
L20 9AG,1.1
L20 9AH,1.1
L20 9AJ,1.1
L20 9AL,1.1
L20 9AN,1.1
L20 9AP,1.1
L20 9AQ,1.1
L20 9AT,1.1
L20 9AU,1.1
L20 9AW,1.1
L20 9AX,1.1
L20 9AY,1.1
L20 9AZ,1.1
L20 9BA,1.1
L20 9BD,1.1
L20 9BN,1.1
L20 9BP,1.1
L20 9BR,1.1
L20 9BS,1.1
L20 9BT,1.1
L20 9BU,1.1
L20 9BW,1.1
L20 9BX,1.1
L20 9BY,1.1
L20 9BZ,1.1
L20 9DE,1.1
L20 9DL,1.1
L20 9DN,1.1
L20 9DP,1.1
L20 9DR,1.1
L20 9DS,1.1
L20 9DT,3.2
L20 9DU,1.1
L20 9DX,1.1
L20 9DY,1.1
L20 9DZ,1.1
L20 9EB,1.1
L20 9ED,3.2
L20 9EE,3.2
L20 9EF,3.2
L20 9EG,3.2
L20 9EH,3.2
L20 9EJ,3.2
L20 9EL,3.2
L20 9EN,1.1
L20 9EP,3.2
L20 9ER,1.1
L20 9ES,3.2
L20 9ET,3.2
L20 9EU,3.2
L20 9EW,1.1
L20 9EX,3.2
L20 9EY,1.1
L20 9GA,1.1
L20 9HA,1.2
L20 9HB,1.2
L20 9HD,3.2
L20 9HE,3.2
L20 9HF,1.1
L20 9HG,1.1
L20 9HH,1.1
L20 9HJ,3.2
L20 9HL,3.2
L20 9HN,3.2
L20 9HP,3.2
L20 9HR,3.2
L20 9HS,1.1
L20 9HT,1.1
L20 9HU,1.1
L20 9HW,3.2
L20 9HX,1.1
L20 9HY,1.1
L20 9HZ,1.1
L20 9JA,1.1
L20 9JB,1.1
L20 9JD,1.1
L20 9JE,1.1
L20 9JF,1.1
L20 9JG,1.1
L20 9JH,1.1
L21 4NB,1.1
L21 4ND,1.2
L21 4NH,1.1
L21 4NN,1.1
L21 4NP,1.2
L21 4NR,1.1
L21 4NS,1.1
L21 4NT,1.1
L21 4NU,1.1
L21 4NW,1.1
L21 4PA,1.1
L21 4PD,1.1
L21 4PF,1.2
L21 4PG,1.2
L21 4PJ,1.1
L21 4PL,1.2
L21 4PN,1.1
L21 4PQ,1.1
L21 4PW,1.1
L20 9JJ,1.1
L20 9JL,3.2
L20 9JN,3.2
L20 9JP,3.2
L20 9JQ,1.1
L20 9JR,1.2
L20 9JS,1.2
L20 9JT,1.2
L20 9JU,1.2
L20 9JW,3.2
L20 9JX,1.2
L20 9JY,1.2
L20 9LA,1.2
L20 9LB,1.2
L20 9LD,1.2
L20 9LE,1.2
L20 9LF,1.2
L20 9LG,1.2
L20 9LH,1.2
L20 9LJ,1.2
L20 9LL,1.2
L20 9LN,1.2
L20 9LP,1.2
L20 9LQ,1.2
L20 9LR,1.2
L20 9LS,1.2
L20 9LT,1.2
L20 9LU,1.2
L20 9LW,1.2
L20 9LX,1.2
L20 9LY,1.2
L20 9LZ,1.2
L20 9NA,1.2
L20 9NB,1.2
L20 9ND,1.2
L20 9NE,1.2
L20 9NG,1.1
L20 9NH,1.2
L20 9NJ,1.2
L20 9NL,1.2
L20 9NN,1.2
L20 9NP,1.2
L20 9NR,1.2
L20 9NS,1.2
L20 9NT,1.2
L20 9NU,1.2
L20 9NX,1.2
L20 9NY,1.2
L20 9NZ,1.2
L20 9PA,1.2
L20 9PF,1.2
L20 9PP,1.1
L20 9PR,1.1
L20 9PS,1.2
L20 9QB,1.2
L20 9QD,1.2
L20 9QE,1.2
L21 0DA,1.2
L21 0DB,1.2
L21 0DD,1.2
L21 0DE,3.2
L21 0DF,1.2
L21 0DG,1.2
L21 0DH,3.2
L21 0DJ,3.2
L21 0DN,1.2
L21 0DP,1.2
L21 0DQ,1.2
L21 0DR,1.2
L21 0DS,1.2
L21 0DT,1.2
L21 0DU,3.2
L21 0DW,1.2
L21 0DX,3.2
L21 0DY,1.2
L21 0DZ,1.2
L21 0EA,1.2
L21 0EB,3.2
L21 0ED,3.2
L21 0EE,3.2
L21 0EF,3.2
L21 0EG,3.2
L21 0EH,1.2
L21 0EJ,1.2
L21 0EL,1.2
L21 0EN,1.2
L21 0EP,1.2
L21 0EQ,3.2
L21 0ER,1.2
L21 0ES,1.2
L21 0ET,1.2
L21 0EU,1.2
L21 0EW,1.2
L21 0EX,1.2
L21 0EY,1.2
L21 0EZ,1.2
L21 0HA,1.2
L20 6LJ,1.1
L20 6LL,1.1
L20 6LN,1.1
L20 6LP,3.2
L20 6LQ,0.1
L20 6LT,3.2
L20 6LU,3.2
L20 6LW,3.2
L20 6LX,3.2
L20 6LZ,3.2
L20 6NA,3.2
L20 6ND,3.2
L20 6NE,3.2
L20 6NF,3.2
L20 6NG,3.2
L20 6NH,3.2
L20 6NJ,3.2
L20 6NL,3.2
L20 6NN,3.2
L20 6NQ,3.2
L20 6NS,3.2
L20 6NU,3.2
L20 6PB,1.1
L20 6PD,1.1
L20 6PF,1.1
L20 6PG,0.1
L20 6PJ,1.1
L20 6PR,1.1
L20 6QA,1.1
L20 7AA,1.1
L20 7AB,1.1
L20 7AD,1.1
L20 7AE,1.1
L20 7AH,1.1
L20 7AJ,1.1
L20 7AL,1.1
L20 7AN,1.1
L20 7AP,1.1
L20 7AT,1.1
L20 7AZ,1.1
L20 7BA,1.1
L20 7BB,1.1
L20 7BD,1.1
L20 7BE,1.1
L20 7BG,1.2
L20 7BL,1.1
L20 7BN,1.2
L20 7BQ,1.2
L20 7BS,1.2
L20 7BT,1.2
L20 7BW,1.2
L20 7BX,1.1
L20 7BY,1.2
L20 7BZ,1.2
L20 7DA,1.1
L20 7DB,1.2
L20 7DF,1.2
L20 7DG,1.2
L20 7DH,1.1
L20 7DJ,1.1
L20 7DL,1.2
L20 7DN,1.2
L20 7DP,1.2
L20 7DQ,1.2
L20 7DR,1.2
L20 7DS,1.2
L20 7DT,1.2
L20 7DU,1.2
L20 7DW,1.2
L20 7DX,1.2
L20 7EE,1.1
L20 7EJ,1.1
L20 7EP,1.1
L20 7EW,1.1
L20 7EX,1.1
L20 7EZ,1.1
L20 7HE,1.1
L20 7HF,1.1
L20 7HH,1.1
L20 7HJ,1.1
L20 7HL,1.1
L20 7HN,1.1
L20 7HQ,1.1
L21 0HB,1.2
L21 0HD,1.2
L21 0HE,1.2
L21 0HF,1.2
L21 0HG,1.2
L21 0HH,1.2
L21 0HJ,1.2
L21 0HL,1.2
L21 0HN,1.2
L21 0HP,1.2
L21 0HQ,1.2
L21 0HR,1.2
L20 7HR,1.1
L20 7HS,1.1
L20 7JF,1.1
L20 7JH,1.1
L20 7JJ,1.2
L20 8AB,1.1
L20 8AE,1.1
L20 8AH,1.1
L20 8AL,1.1
L20 8AN,1.1
L20 8AT,1.1
L20 8AU,1.1
L20 8BH,1.1
L20 8BR,1.1
L20 8BX,1.1
L20 8DB,1.2
L20 8DD,1.2
L20 8DF,1.1
L20 8DJ,1.1
L20 8DL,1.2
L20 8DN,1.1
L20 8DQ,1.1
L20 8DR,1.2
L20 8DT,1.2
L20 8DY,1.2
L20 8EA,1.2
L20 8ED,1.1
L20 8EE,1.1
L20 8EG,1.1
L20 8EJ,1.1
L20 8EL,1.1
L20 8EQ,1.2
L20 8ER,1.1
L20 8ET,1.1
L20 8EW,1.1
L20 8EX,1.1
L20 8HB,1.1
L20 8HE,1.2
L20 8HG,1.1
L20 8HJ,1.1
L20 8HL,1.1
L20 8HT,1.1
L20 8JB,1.1
L20 8JD,1.1
L20 8JG,1.1
L20 8JJ,1.1
L20 8JT,1.1
L20 8JW,1.1
L20 8JX,1.2
L20 8JZ,1.1
L20 8LA,1.1
L20 8LD,1.1
L20 8LF,1.1
L20 8LG,1.2
L20 8LH,1.2
L20 8LJ,1.2
L20 8LN,1.2
L20 8LP,1.1
L20 8LQ,1.1
L20 8LR,1.1
L20 8LS,1.1
L20 8LU,1.1
L20 8LW,1.2
L20 8LX,1.2
L20 8LY,1.1
L20 8LZ,1.2
L20 8NA,1.1
L20 8NB,1.1
L20 8ND,1.1
L20 8NG,1.2
L20 8NL,1.1
L20 8NQ,1.2
L20 8PD,1.1
L20 8PF,1.2
L20 8PL,1.2
L20 8PR,1.1
L20 8PS,1.1
L20 8PT,1.2
L20 8PU,1.2
L20 8PX,1.1
L20 8PY,1.1
L20 8PZ,1.1
L20 8QF,1.2
L20 8QJ,1.1
L20 8QU,1.1
L20 8RB,1.2
L20 8RQ,1.1
L20 8TD,1.1
L20 4XP,1.1
L20 4XR,1.1
L20 4XX,1.1
L20 4XY,1.1
L20 4XZ,1.1
L20 4YG,1.1
L20 5AB,1.1
L20 5AE,1.1
L20 5AF,1.1
L20 5AG,1.1
L20 5AH,1.1
L20 5AJ,1.1
L20 5AL,1.1
L20 5AN,1.1
L20 5AP,1.1
L20 5AQ,1.1
L20 5AR,1.1
L20 5AS,1.1
L20 5AT,1.1
L20 5AU,1.1
L20 5AW,1.1
L20 5AX,1.1
L20 5AY,1.1
L20 5BA,1.1
L20 5BB,1.1
L20 5BD,1.1
L20 5BE,1.1
L20 5BG,1.1
L20 5BH,1.1
L20 5BJ,1.1
L20 5BL,1.1
L20 5BN,1.1
L20 5BQ,1.1
L20 5BW,1.1
L20 5BY,1.1
L20 5BZ,1.1
L20 5DA,1.1
L20 5DB,1.1
L20 5DD,1.1
L20 5DE,1.1
L20 5DF,1.1
L20 5DG,1.1
L20 5DJ,1.1
L20 5DN,1.1
L20 5DQ,1.1
L20 5DS,1.1
L20 5DT,1.1
L20 5DU,1.1
L20 5DW,1.1
L20 5DX,1.1
L20 5DY,1.1
L20 5DZ,1.1
L20 5EA,1.1
L20 5EB,1.1
L20 5ED,1.1
L20 5EE,1.1
L20 5EF,1.1
L20 5EG,1.1
L20 5EH,1.1
L20 5EJ,1.1
L20 5EL,1.1
L20 5EN,1.1
L20 5EP,1.1
L20 5EQ,1.1
L20 5ER,1.1
L20 5ES,1.1
L20 5ET,1.1
L20 5EU,1.1
L20 5EX,1.1
L20 5EY,1.1
L20 5EZ,1.1
L20 5GA,1.1
L20 5GB,1.1
L20 5HF,1.1
L20 5HJ,1.1
L20 5JJ,1.1
L20 6AA,1.1
L20 6AB,1.1
L20 6AD,1.1
L20 6AG,1.1
L20 6AH,1.1
L20 6AJ,1.1
L20 6AL,1.1
L20 6AP,1.1
L20 6AQ,1.1
L20 6AR,1.1
L20 6AS,1.1
L20 6AT,1.1
L20 8TL,1.2
L20 9AA,1.1
L20 9AB,3.2
L20 9AD,1.1
L20 9AE,1.1
L20 3WA,1.1
L20 3WU,1.1
L20 6AW,1.1
L20 6BB,1.1
L20 6BD,1.1
L20 6BE,3.2
L20 6BF,1.1
L20 6BQ,1.1
L20 6DA,1.1
L20 6DB,1.1
L20 6DD,1.1
L20 6DH,1.1
L20 6DJ,1.1
L20 6DL,0.1
L20 6DN,1.1
L20 6DP,0.1
L20 6DQ,1.1
L20 6DR,1.1
L20 6DS,1.1
L20 6DT,0.1
L20 6DU,0.1
L20 6DW,0.1
L20 6DX,3.2
L20 6DY,0.1
L20 6DZ,3.2
L20 6EA,0.1
L20 6EB,0.1
L20 6ED,0.1
L20 6EE,0.1
L20 6EF,1.1
L20 6EG,1.1
L20 6EH,1.1
L20 6EJ,0.1
L20 6EL,0.1
L20 6EN,0.1
L20 6EP,0.1
L20 6EQ,0.1
L20 6ER,0.1
L20 6ES,1.1
L20 6ET,0.1
L20 6EU,0.1
L20 6EW,0.1
L20 6EX,1.1
L20 6EY,1.1
L20 6EZ,1.1
L20 6GD,1.1
L20 6GE,1.1
L20 6GF,1.1
L20 6HA,1.1
L20 6HB,1.1
L20 6HD,1.1
L20 6HE,1.1
L20 6HF,1.1
L20 6HG,1.1
L20 6HJ,1.1
L20 6HL,1.1
L20 6HN,1.1
L20 6HP,1.1
L20 6HQ,1.1
L20 6HR,1.1
L20 6HS,1.1
L20 6HT,1.1
L20 6HU,0.1
L20 6HW,1.1
L20 6HX,1.1
L20 6HY,1.1
L20 6HZ,1.1
L20 6JA,1.1
L20 6JB,1.1
L20 6JD,0.1
L20 6JE,1.1
L20 6JF,1.1
L20 6JG,0.1
L20 6JH,1.1
L20 6JJ,1.1
L20 6JQ,1.1
L20 6JU,1.1
L20 6JY,1.1
L20 6LD,3.2
L20 6LE,3.2
L20 6LF,3.2
L20 6LG,3.2
L20 6LH,0.1
L20 3XB,1.2
L20 3XX,1.1
L20 4AA,1.1
L20 4AB,1.1
L20 4AE,1.1
L20 4AH,1.1
L20 4AL,1.1
L20 4AP,1.1
L20 4AU,1.1
L20 4AX,1.1
L20 4AY,1.1
L20 4AZ,1.1
L20 4BB,1.1
L20 4BG,1.1
L20 4BL,1.1
L20 4BP,1.1
L20 4BU,1.1
L20 4DB,1.1
L20 4DF,1.1
L20 4DG,1.1
L20 4DJ,1.1
L20 4DL,1.1
L20 4DN,1.1
L20 4DS,1.1
L20 4DT,1.1
L20 4DU,1.1
L20 4DX,1.1
L20 4DY,1.1
L20 4EA,1.1
L20 4ED,1.1
L20 4EF,1.1
L20 4EG,1.1
L20 4EH,1.1
L20 4EJ,1.1
L20 4EL,1.1
L20 4EQ,1.1
L20 4ET,1.1
L20 4EU,1.1
L20 4EW,1.1
L20 4EX,1.1
L20 4EY,1.1
L20 4FB,1.1
L20 4FD,1.1
L20 4FE,1.1
L20 4HA,1.1
L20 4HB,1.1
L20 4HH,1.1
L20 4HN,1.1
L20 4HU,1.1
L20 4JA,1.1
L20 4JB,1.1
L20 4JD,1.1
L20 4JE,1.1
L20 4JG,1.1
L20 4JH,1.1
L20 4JJ,1.1
L20 4JL,1.1
L20 4JN,1.1
L20 4JP,1.2
L20 4JQ,1.1
L20 4JR,1.1
L20 4JS,1.1
L20 4JT,1.1
L20 4JU,1.2
L20 4JW,1.2
L20 4JX,1.2
L20 4JZ,1.1
L20 4LA,1.2
L20 4LB,1.2
L20 4LE,1.1
L20 4LF,1.1
L20 4LG,1.1
L20 4LH,1.1
L20 4LJ,1.1
L20 4LL,1.1
L20 4LN,1.1
L20 4LP,1.1
L20 4LQ,1.1
L20 4LU,1.1
L20 4LW,1.1
L20 4LX,1.1
L20 4LZ,1.1
L20 4NF,1.2
L20 4NH,1.1
L20 4NJ,1.1
L20 4NL,1.2
L20 4NN,1.1
L20 4NP,1.2
L20 4NR,1.1
L20 4NU,1.1
L20 4NX,1.1
L20 4NY,1.1
L20 4NZ,1.1
L20 4PA,1.1
L20 4PB,1.1
L20 1DE,1.2
L20 1DR,1.1
L20 1EA,1.1
L20 1EB,1.1
L20 1ED,1.1
L20 1EE,1.2
L20 1EF,1.1
L20 1EJ,1.1
L20 4PD,1.1
L20 4PE,1.1
L20 4PF,1.1
L20 4PG,1.1
L20 4PH,1.1
L20 4PJ,1.1
L20 4PL,1.1
L20 4PN,1.1
L20 4PQ,1.1
L20 4PR,1.1
L20 4PS,1.1
L20 4PT,1.1
L20 4PU,1.1
L20 4PW,1.1
L20 4PX,1.1
L20 4PY,1.1
L20 4PZ,1.1
L20 4QA,1.1
L20 4QD,1.1
L20 4QE,1.1
L20 4QF,1.1
L20 4QG,1.2
L20 4QH,1.2
L20 4QJ,1.2
L20 4QP,1.1
L20 4QQ,1.1
L20 4QR,1.1
L20 4QS,1.2
L20 4QT,1.2
L20 4RD,1.1
L20 4RE,1.1
L20 4RH,1.2
L20 4RJ,1.2
L20 4RL,1.2
L20 4RN,1.2
L20 4RP,1.2
L20 4RR,1.1
L20 4RS,1.1
L20 4RT,1.1
L20 4RU,1.1
L20 4RW,1.2
L20 4RY,1.2
L20 4RZ,1.2
L20 4SE,1.2
L20 4SF,1.1
L20 4SG,1.1
L20 4SJ,1.1
L20 4SL,1.1
L20 4SN,1.1
L20 4SP,1.1
L20 4SQ,1.1
L20 4SR,1.1
L20 4SS,1.1
L20 4ST,1.1
L20 4SU,1.1
L20 4SW,1.1
L20 4SX,1.1
L20 4SY,1.1
L20 4SZ,1.1
L20 4TD,1.1
L20 4TE,1.1
L20 4TP,1.1
L20 4TQ,1.1
L20 4TR,1.1
L20 4TU,1.1
L20 4TW,1.1
L20 4TX,1.1
L20 4TZ,1.1
L20 4UF,1.1
L20 4UG,1.1
L20 4UH,1.1
L20 4UJ,1.1
L20 4UL,1.1
L20 4UN,1.1
L20 4UP,1.2
L20 4US,1.1
L20 4UT,1.1
L20 4UU,1.1
L20 4UW,1.2
L20 4UX,1.1
L20 4UY,1.1
L20 4UZ,1.1
L20 4XA,1.1
L20 4XE,1.1
L20 4XG,1.2
L20 1EP,1.1
L20 1ES,1.1
L20 1EZ,1.1
L20 1HA,1.1
L20 1HB,1.1
L20 2AA,1.2
L20 2AB,1.2
L20 2AD,1.1
L20 2AE,1.1
L20 2AH,1.1
L20 2AT,1.1
L20 2BG,1.1
L20 2BL,1.1
L20 2BN,1.1
L20 2BX,1.1
L20 2BY,1.1
L20 2BZ,1.1
L20 2DA,1.2
L20 2DD,1.2
L20 2DE,1.2
L20 2DF,1.2
L20 2DG,1.2
L20 2DH,1.2
L20 2DJ,1.2
L20 2DL,1.2
L20 2DN,1.2
L20 2DQ,1.2
L20 2DR,1.2
L20 2DS,1.2
L20 2DT,1.2
L20 2DW,1.2
L20 2EA,1.2
L20 2EB,1.2
L20 2ED,1.2
L20 2EE,1.2
L20 2EF,1.2
L20 2EG,1.2
L20 2EH,1.2
L20 2EJ,1.2
L20 2EL,1.2
L20 2EN,1.2
L20 2EP,1.2
L20 2EQ,1.2
L20 2ER,1.2
L20 2ES,1.2
L20 2ET,1.2
L20 2EU,1.2
L20 2EW,1.2
L20 2EX,1.2
L20 2EY,1.2
L20 2HA,1.2
L20 2HL,1.1
L20 2HR,1.1
L20 2HU,1.1
L20 2HW,1.1
L20 2HX,1.1
L20 2HZ,1.2
L20 2JA,1.1
L20 2JL,1.1
L20 2QA,1.1
L20 2QB,1.1
L20 3AB,1.2
L20 3AD,1.1
L20 3AN,1.1
L20 3AP,1.1
L20 3AR,1.2
L20 3AS,1.1
L20 3AT,1.1
L20 3AU,1.1
L20 3AW,1.1
L20 3AZ,1.1
L20 3BB,1.2
L20 3BE,1.1
L20 3BG,1.1
L20 3BJ,1.1
L20 3BN,1.1
L20 3BR,1.1
L20 3BU,1.1
L20 3BW,1.1
L20 3BX,1.1
L20 3BY,1.1
L20 3BZ,1.1
L20 3DB,1.1
L20 3DD,1.1
L20 3DE,1.1
L20 3DF,1.1
L20 3DG,1.1
L20 3DL,1.1
L20 3DQ,1.1
L20 3DX,1.1
L20 3DY,1.1
L20 3EB,1.1
L20 3EF,1.1
L20 3EH,1.1
L20 3EJ,1.1
L2 3XN,0.2
L2 3XN,0.2
L2 3YL,0.2
L2 3YL,0.2
L2 4SA,0.2
L2 4SA,0.2
L2 4SJ,0.2
L2 4SJ,0.2
L2 4SW,0.2
L2 4SW,0.2
L2 4SX,0.2
L2 4SX,0.2
L2 4TA,0.2
L2 4TA,0.2
L2 4TE,0.2
L2 4TE,0.2
L2 4TG,0.2
L2 4TG,0.2
L2 4TH,0.2
L2 4TH,0.2
L2 4TQ,0.2
L2 4TQ,0.2
L2 4TR,0.2
L2 4TR,0.2
L2 4TX,0.2
L2 4TX,0.2
L2 4TZ,0.2
L2 4TZ,0.2
L20 3EN,1.1
L20 3ER,1.1
L20 3ET,1.1
L20 3EW,1.1
L20 3EX,1.1
L20 3EY,1.1
L20 3FF,1.2
L20 3GG,1.1
L20 3HA,1.1
L20 3HE,1.1
L20 3HF,1.1
L20 3HG,1.1
L20 3HH,1.1
L20 3HJ,1.1
L20 3HL,1.1
L20 3HN,1.1
L20 3HQ,1.1
L20 3HZ,1.1
L20 3JA,1.1
L20 3JB,1.1
L20 3JD,1.1
L20 3JE,1.1
L20 3JL,1.1
L20 3JY,1.1
L20 3LG,1.1
L20 3LL,1.1
L20 3LQ,1.1
L20 3LT,1.1
L20 3LU,1.1
L20 3NB,1.2
L20 3ND,1.1
L20 3NE,1.1
L20 3NF,1.2
L20 3NJ,1.2
L20 3NP,1.1
L20 3NQ,1.1
L20 3NR,1.1
L20 3NS,1.1
L20 3NT,1.1
L20 3NU,1.1
L20 3NX,1.1
L20 3NY,1.1
L20 3NZ,1.1
L20 3PA,1.1
L20 3PJ,1.1
L20 3PL,1.1
L20 3PN,1.1
L20 3PQ,1.1
L20 3PT,1.1
L20 3QG,1.1
L20 3QJ,1.2
L20 3QL,1.2
L20 3QN,1.2
L20 3QQ,1.1
L20 3RF,1.1
L20 3RL,1.1
L20 3SE,1.1
L20 3SP,1.1
L20 3TB,1.1
L20 3TQ,1.1
L20 3TX,1.1
L20 3TY,1.1
L20 3TZ,1.1
L20 3UA,1.1
L20 3UB,1.1
L20 3UG,1.1
L20 3UH,1.1
L20 3UQ,1.1
L20 3UT,1.1
L2 4UQ,0.2
L2 4UQ,0.2
L2 4UT,0.2
L2 4UT,0.2
L2 5BA,1.1
L2 5BB,1.1
L2 5QA,1.1
L2 5QQ,1.1
L2 5QS,1.1
L2 5QU,1.1
L2 5QY,1.1
L2 5RH,1.1
L2 5RL,1.1
L2 5RQ,1.1
L2 5SF,1.1
L2 5ST,1.2
L2 5SX,1.2
L2 5TF,1.2
L2 5UZ,1.1
L2 6PB,1.1
L2 6PD,1.1
L2 6PG,1.1
L2 6PS,1.1
L2 6PT,1.1
L2 6PX,1.1
L2 6PY,1.1
L2 6QE,1.1
L2 6QJ,1.1
L2 6QU,1.1
L2 6RD,1.1
L2 6RE,1.1
L2 6RG,1.1
L2 6RR,1.1
L2 6RX,1.1
L2 6SG,1.1
L2 7LA,0.2
L2 7LA,0.2
L2 7LQ,0.2
L2 7LQ,0.2
L2 7LS,0.2
L2 7LS,0.2
L2 7LX,0.2
L2 7LX,0.2
L2 7NB,0.2
L2 7NB,0.2
L2 7NE,0.2
L2 7NE,0.2
L2 7NT,0.2
L2 7NT,0.2
L2 7NU,0.2
L2 7NU,0.2
L2 7NX,0.2
L2 7NX,0.2
L2 7PQ,0.2
L2 7PQ,0.2
L2 7QB,0.2
L2 7QB,0.2
L2 7QH,0.2
L2 7QH,0.2
L2 7QS,0.2
L2 7QS,0.2
L2 7RB,0.2
L2 7RB,0.2
L2 7ZH,0.2
L2 7ZH,0.2
L2 8SZ,0.2
L2 8SZ,0.2
L2 8TD,0.2
L2 8TD,0.2
L2 8TX,0.2
L2 8TX,0.2
L2 8TZ,0.2
L2 8TZ,0.2
L2 8UA,0.2
L2 8UA,0.2
L2 8UD,0.2
L2 8UD,0.2
L2 8US,0.2
L2 8US,0.2
L2 9QA,0.2
L2 9QA,0.2
L2 9QJ,0.2
L2 9QJ,0.2
L2 9QN,0.2
L2 9QN,0.2
L2 9QR,0.2
L2 9QR,0.2
L2 9QU,0.2
L2 9QU,0.2
L2 9RF,0.2
L2 9RF,0.2
L2 9RL,0.2
L2 9RL,0.2
L2 9RP,0.2
L2 9RP,0.2
L2 9RU,0.2
L2 9RU,0.2
L2 9SA,0.2
L2 9SA,0.2
L2 9SH,0.2
L2 9SH,0.2
L2 9SQ,0.2
L2 9SQ,0.2
L2 9SU,0.2
L2 9SU,0.2
L2 9TJ,0.2
L2 9TJ,0.2
L2 9TL,0.2
L2 9TL,0.2
L2 9TN,0.2
L2 9TN,0.2
L2 9UB,0.2
L2 9UB,0.2
L2 9UW,0.2
L2 9UW,0.2
L2 9XW,0.2
L2 9XW,0.2
L2 9XX,0.2
L2 9XX,0.2
L2 9YH,0.2
L2 9YH,0.2
L20 0AD,1.1
L20 0AE,1.1
L20 0AF,1.1
L20 0AG,1.1
L20 0AH,1.1
L20 0AJ,1.1
L20 0AL,1.1
L20 0AN,1.1
L19 9BA,0.1
L19 9BB,0.1
L19 9BD,0.1
L19 9BE,0.1
L19 9BG,0.1
L19 9BH,0.1
L19 9BJ,0.1
L19 9BL,0.1
L19 9BN,0.1
L19 9BP,0.1
L19 9BQ,0.1
L19 9BR,0.1
L19 9BS,0.1
L19 9BU,0.1
L19 9BW,0.1
L19 9BX,0.1
L19 9BY,0.1
L19 9BZ,0.1
L19 9DA,0.1
L19 9DB,0.1
L19 9DD,0.1
L19 9DE,0.1
L19 9DF,0.1
L20 0AP,1.1
L20 0AQ,1.1
L20 0AR,1.1
L20 0AS,1.1
L20 0AT,1.1
L20 0AU,1.1
L20 0AW,1.1
L20 0AX,1.1
L20 0AY,1.1
L20 0AZ,1.1
L20 0BA,1.1
L20 0BB,1.1
L20 0BD,1.1
L20 0BE,1.1
L20 0BG,1.1
L20 0BH,1.1
L20 0BJ,1.1
L20 0BL,1.1
L20 0BN,1.1
L20 0BP,1.1
L20 0BQ,1.1
L20 0BR,1.1
L20 0BS,1.1
L20 0BT,1.1
L20 0BU,1.1
L20 0BW,1.1
L20 0BX,1.1
L20 0BY,1.1
L20 0BZ,1.1
L20 0DA,1.1
L20 0DB,1.1
L20 0DD,1.1
L20 0DE,1.1
L20 0DF,1.1
L20 0DG,1.1
L20 0DH,1.1
L20 0DJ,1.1
L20 0DL,1.1
L20 0DN,1.1
L20 0DP,1.1
L20 0DQ,1.1
L20 0DR,1.1
L20 0DS,1.1
L20 0DT,1.1
L20 0DU,1.1
L20 0DW,1.1
L20 0DX,1.1
L20 0DY,1.1
L20 0DZ,1.1
L20 0EA,1.1
L20 0ED,1.1
L20 0EE,1.1
L20 0EF,1.1
L20 0EQ,1.1
L20 0WZ,1.1
L20 1AA,1.1
L20 1AB,1.2
L20 1AD,1.1
L20 1AF,1.1
L20 1AH,1.1
L20 1AL,1.1
L20 1AN,1.1
L20 1AS,1.1
L20 1AW,1.1
L20 1BA,1.1
L20 1BE,1.1
L20 1BG,1.1
L20 1BL,1.1
L20 1BN,1.2
L20 1BP,1.1
L20 1BX,1.1
L20 1BY,1.1
L19 9DG,0.1
L19 9DH,0.1
L19 9DJ,0.1
L19 9DL,0.1
L19 9DN,0.1
L19 9DP,0.1
L19 9DQ,0.1
L19 9DR,0.1
L19 9DS,0.1
L19 9DT,0.1
L19 9DU,0.1
L19 9DW,0.1
L19 9DX,0.1
L19 9DY,0.1
L19 9DZ,0.1
L19 9EA,0.1
L19 9EB,0.1
L19 9ED,0.1
L19 9EE,0.1
L19 9EF,0.1
L19 9EQ,0.1
L19 9ES,0.1
L19 9EY,0.1
L19 9HA,0.1
L19 9HE,0.1
L19 9HG,0.1
L19 9WX,0.1
L2 0NA,0.2
L2 0NA,0.2
L2 0NB,0.2
L2 0NB,0.2
L2 0NE,0.2
L2 0NE,0.2
L2 0NR,0.2
L2 0NR,0.2
L2 0NZ,0.2
L2 0NZ,0.2
L2 0PH,0.2
L2 0PH,0.2
L2 0PJ,0.2
L2 0PJ,0.2
L2 0PL,0.2
L2 0PL,0.2
L2 0PP,0.2
L2 0PP,0.2
L2 0PQ,0.2
L2 0PQ,0.2
L2 0QD,0.2
L2 0QD,0.2
L2 0RD,0.2
L2 0RD,0.2
L2 0RG,0.2
L2 0RG,0.2
L2 0SD,0.2
L2 0SD,0.2
L2 0SU,0.2
L2 0SU,0.2
L2 0XJ,0.2
L2 0XJ,0.2
L2 1TA,0.2
L2 1TD,0.2
L2 1TL,0.2
L2 1TS,0.2
L2 1XA,0.2
L2 2AE,0.2
L2 2AE,0.2
L2 2AG,0.2
L2 2AG,0.2
L2 2AH,1.2
L2 2AW,0.2
L2 2AW,0.2
L2 2AY,1.2
L2 2BD,0.2
L2 2BD,0.2
L2 2BD,0.2
L2 2BD,0.2
L2 2BL,0.2
L2 2BL,0.2
L2 2BP,0.2
L2 2BP,0.2
L2 2BS,1.2
L2 2BW,1.2
L2 2DP,0.2
L2 2DP,0.2
L2 2DQ,0.2
L2 2DQ,0.2
L2 2DQ,0.2
L2 2DQ,0.2
L2 2DT,0.2
L2 2DT,0.2
L2 2DX,0.2
L2 2DX,0.2
L2 2DX,0.2
L2 2DX,0.2
L2 2DY,1.2
L2 2EE,0.2
L2 2EE,0.2
L2 2EE,0.2
L2 2EE,0.2
L2 2EN,0.2
L2 2EN,0.2
L2 2EN,0.2
L2 2EN,0.2
L2 2ER,1.2
L2 2ET,0.2
L2 2ET,0.2
L2 2EZ,0.2
L2 2EZ,0.2
L2 2HD,0.2
L2 2HD,0.2
L19 4TD,1.1
L19 4TE,3.2
L19 4TF,1.1
L19 4TG,1.1
L19 4TH,1.1
L19 4TJ,1.1
L19 4TL,1.1
L19 4TP,1.1
L19 4TQ,1.1
L19 4TR,3.2
L19 4TS,3.2
L19 4TT,3.2
L19 4TU,1.1
L19 4TW,3.2
L19 4TX,1.1
L19 4TY,3.2
L19 4TZ,3.2
L19 4UA,3.2
L19 4UB,3.2
L19 4UD,3.2
L19 4UE,3.2
L19 4UF,3.2
L19 4UG,3.2
L19 4UH,3.2
L19 4UJ,3.2
L19 4UL,3.2
L19 4UN,3.2
L19 4UP,3.2
L19 4UR,3.2
L2 2HF,0.2
L2 2HF,0.2
L2 2HJ,1.2
L2 2HT,1.2
L2 2JD,0.2
L2 2JD,0.2
L2 2JD,0.2
L2 2JD,0.2
L2 2JH,1.2
L2 2LZ,0.2
L2 2LZ,0.2
L2 2NZ,0.2
L2 2NZ,0.2
L2 2PP,0.2
L2 2PP,0.2
L2 2QP,0.2
L2 2QP,0.2
L2 2SB,0.2
L2 2SB,0.2
L2 2SB,0.2
L2 2SB,0.2
L2 2SH,0.2
L2 2SH,0.2
L2 2SR,0.2
L2 2SR,0.2
L2 2SR,0.2
L2 2SR,0.2
L2 2SX,0.2
L2 2SX,0.2
L2 2SX,0.2
L2 2SX,0.2
L2 2ZR,1.2
L2 3AB,0.2
L2 3AB,0.2
L2 3PF,0.2
L2 3PF,0.2
L2 3PG,0.2
L2 3PG,0.2
L2 3PH,0.2
L2 3PH,0.2
L2 3PQ,0.2
L2 3PQ,0.2
L2 3PS,0.2
L2 3PS,0.2
L2 3QT,0.2
L2 3QT,0.2
L2 3SP,0.2
L2 3SP,0.2
L2 3SW,0.2
L2 3SW,0.2
L2 3SX,0.2
L2 3SX,0.2
L19 4US,3.2
L19 4UT,3.2
L19 4UU,1.1
L19 4UW,3.2
L19 4UX,1.1
L19 4UY,1.1
L19 4UZ,1.1
L19 4XA,1.1
L19 4XB,1.1
L19 4XD,1.1
L19 4XE,1.1
L19 4XF,1.1
L19 4XG,1.1
L19 4XH,1.1
L19 4XN,1.1
L19 4XR,3.2
L19 4XS,3.2
L19 4XT,3.2
L19 5NA,3.2
L19 5NB,1.1
L19 5ND,1.1
L19 5NE,1.1
L19 5NF,3.2
L19 5NG,1.1
L19 5NH,1.1
L19 5NJ,3.2
L19 5NL,1.1
L19 5NN,3.2
L19 5NP,1.1
L19 5NQ,1.1
L19 5NR,1.1
L19 5NS,1.1
L19 5NT,1.1
L19 5NU,1.1
L19 5NW,3.2
L19 5NX,1.1
L19 5NY,1.1
L19 5NZ,1.1
L19 5PA,1.1
L19 5PB,1.1
L19 5PD,1.1
L19 5PE,1.1
L19 5PF,1.1
L19 5PG,1.1
L19 5PH,1.1
L19 5PQ,1.1
L19 6PA,1.1
L19 6PD,1.1
L19 6PE,1.1
L19 6PF,1.1
L19 6PG,1.1
L19 6PH,1.1
L19 6PJ,1.1
L19 6PL,1.1
L19 6PN,1.1
L19 6PP,1.1
L19 6PQ,1.1
L19 6PR,1.1
L19 6PS,1.1
L19 6PT,1.1
L19 6PU,1.1
L19 6PW,1.1
L19 6PX,1.1
L19 6PY,1.1
L19 6PZ,1.1
L19 6QA,1.1
L19 6QB,1.1
L19 6QD,1.1
L19 7NA,0.1
L19 7NB,0.1
L19 7ND,0.1
L19 7NE,0.1
L19 7NF,0.1
L19 7NG,0.1
L19 7NH,0.1
L19 7NJ,0.1
L19 7NL,0.1
L19 7NN,0.1
L19 7NQ,0.1
L19 7NR,3.1
L19 7NS,3.1
L19 7NT,3.1
L19 7NU,3.1
L19 7NW,0.1
L19 7NX,1.1
L19 7NY,3.1
L19 7PG,0.1
L19 8AB,1.1
L19 8BQ,1.1
L19 8DA,1.1
L19 8DB,1.1
L19 8DD,1.1
L19 8DE,1.1
L19 8EA,1.1
L19 8EE,1.1
L19 8EG,1.1
L19 8EH,1.1
L19 8EJ,1.1
L19 0PQ,0.1
L19 0PR,0.1
L19 0PS,0.1
L19 0PT,0.1
L19 0PU,0.1
L19 0PW,0.1
L19 0PX,0.1
L19 0QD,0.1
L19 0QG,0.1
L19 0QH,0.1
L19 0QL,0.1
L19 0QN,0.1
L19 0QS,0.1
L19 0WA,0.1
L19 1QA,0.1
L19 1QB,0.1
L19 1QD,0.2
L19 1QE,0.1
L19 1QF,0.1
L19 1QG,0.2
L19 1QH,1.1
L19 1QJ,0.2
L19 1QL,0.2
L19 1QN,0.2
L19 1QP,0.2
L19 1QQ,1.1
L19 1QR,0.2
L19 1QS,0.2
L19 1QT,0.2
L19 1QU,0.2
L19 1QW,0.2
L19 1QX,0.2
L19 1QY,0.2
L19 1QZ,1.1
L19 1RA,0.2
L19 8EL,1.1
L19 8EQ,1.1
L19 8ER,1.2
L19 8HT,1.1
L19 8HX,1.1
L19 8HY,1.1
L19 8HZ,1.1
L19 8JA,1.1
L19 8JD,1.1
L19 8JL,1.2
L19 8JN,1.2
L19 8JP,1.2
L19 8JR,1.2
L19 8JS,1.2
L19 8JT,1.2
L19 8JU,1.2
L19 8JW,1.1
L19 8JX,1.1
L19 8JY,1.1
L19 8JZ,1.2
L19 8LA,1.1
L19 8LB,1.1
L19 8LD,1.2
L19 8LE,1.1
L19 8LF,1.2
L19 8LG,1.1
L19 8LH,1.2
L19 8LJ,1.2
L19 8LL,1.2
L19 8LN,1.1
L19 8LP,1.2
L19 8LQ,1.2
L19 8LR,1.1
L19 8LU,1.1
L19 8LW,1.2
L19 8LX,1.1
L19 8LY,1.1
L19 8NG,1.1
L19 8NH,1.2
L19 8NS,1.1
L19 8NT,1.1
L19 8NU,1.1
L19 9AA,0.1
L19 9AD,0.1
L19 9AE,0.1
L19 9AF,0.1
L19 9AG,0.1
L19 9AH,0.1
L19 9AJ,0.1
L19 9AL,0.1
L19 9AN,0.1
L19 9AP,0.1
L19 9AQ,0.1
L19 9AR,0.1
L19 9AS,0.1
L19 9AT,0.1
L19 9AU,0.1
L19 9AW,0.1
L19 9AX,0.1
L19 9AY,0.1
L19 9AZ,0.1
L19 1RB,0.2
L19 1RD,0.1
L19 1RE,0.2
L19 1RF,1.1
L19 1RG,0.2
L19 1RJ,1.1
L19 1RL,1.1
L19 1RN,0.2
L19 1RP,1.1
L19 1RQ,0.2
L19 1RR,0.2
L19 1RS,0.2
L19 1RT,0.2
L19 1RU,0.2
L19 1RX,0.2
L19 1RY,0.2
L19 1RZ,1.1
L19 1SJ,0.1
L19 1SP,0.1
L19 2AB,1.1
L19 2HA,0.1
L19 2HB,0.1
L19 2HD,0.1
L19 2HE,0.1
L19 2HF,0.1
L19 2HG,0.1
L19 2HJ,0.1
L19 2HQ,0.1
L19 2HS,0.1
L19 2HW,0.1
L19 2JA,0.1
L19 2JD,1.1
L19 2JG,1.1
L19 2JJ,0.2
L19 2JP,1.1
L19 2JR,1.1
L19 2JT,1.1
L19 2JU,1.1
L19 2JW,1.1
L19 2JX,1.1
L19 2JZ,1.1
L19 2LA,0.2
L19 2LB,0.2
L19 2LD,0.2
L19 2LE,1.1
L19 2LF,1.1
L19 2LG,1.1
L19 2LH,0.2
L19 2LJ,0.2
L19 2LL,0.2
L19 2LQ,1.1
L19 2LS,1.1
L19 2LT,1.1
L19 2LU,1.1
L19 2LW,1.1
L19 2LX,1.1
L19 2LY,1.1
L19 2NA,1.1
L19 2NB,1.1
L19 2ND,1.1
L19 2NE,1.1
L19 2NJ,1.1
L19 2NL,1.1
L19 2NP,1.1
L19 2NR,1.1
L19 2NS,1.1
L19 2NW,1.1
L19 2NY,1.1
L19 2NZ,1.1
L19 2PA,1.1
L19 2PF,1.1
L19 2PH,1.1
L19 2PQ,1.1
L19 2PR,1.1
L19 2PS,1.1
L19 2PT,1.1
L19 2PU,1.1
L19 2QG,1.1
L19 2QR,1.1
L19 2QY,1.1
L19 2QZ,1.1
L19 2RF,1.1
L19 2RL,0.2
L19 2RP,1.1
L19 2RR,1.1
L19 2RS,1.1
L19 2RT,1.1
L19 2RU,1.1
L19 2RX,1.1
L19 2RY,1.1
L19 2WS,0.1
L18 7JN,0.1
L18 7JP,0.1
L18 7JQ,0.1
L18 7JR,3.3
L18 7JS,0.1
L18 7JT,0.1
L18 7JU,0.1
L18 7JW,0.1
L18 7JX,0.1
L18 7JY,0.1
L18 7JZ,0.1
L18 7LA,0.1
L18 7LB,0.1
L18 7LD,0.1
L18 7LE,0.1
L18 7LF,3.1
L18 8AA,0.1
L18 8AD,0.2
L18 8AG,3.3
L18 8AH,3.3
L18 8AJ,3.2
L18 8AL,3.3
L18 8AP,3.2
L18 8AR,3.2
L18 8AS,3.2
L18 8AT,3.2
L18 8AU,3.2
L18 8AW,3.3
L18 8AY,3.2
L18 8AZ,3.2
L18 8BA,3.2
L18 8BB,3.2
L18 8BD,3.2
L18 8BG,1.1
L18 8BH,0.1
L18 8BH,0.2
L18 8BH,0.1
L18 8BH,0.2
L18 8BJ,3.2
L18 8BL,3.2
L18 8BP,3.2
L18 8BR,3.2
L18 8BT,3.2
L19 3PA,0.1
L19 3PD,0.1
L19 3PE,0.1
L19 3PF,3.3
L19 3PG,0.1
L19 3PH,0.1
L19 3PJ,0.1
L19 3PL,3.3
L19 3PN,3.3
L19 3PP,0.1
L19 3PQ,3.3
L19 3PR,3.3
L19 3PS,3.3
L19 3PT,3.3
L19 3PU,3.3
L19 3PW,3.3
L19 3PX,3.3
L19 3PY,3.3
L19 3PZ,3.3
L19 3QA,0.1
L19 3QB,0.1
L19 3QD,0.1
L19 3QE,0.1
L19 3QF,0.1
L19 3QG,0.1
L19 3QH,0.1
L19 3QJ,0.1
L19 3QL,0.1
L19 3QN,0.1
L19 3QP,0.1
L19 3QS,0.1
L19 3QT,0.1
L19 3QU,0.1
L19 3QW,0.1
L19 3QX,0.1
L19 3QY,0.1
L19 3QZ,0.1
L19 3RA,0.1
L19 3RB,0.1
L19 3RD,0.1
L19 3RE,0.1
L19 3RF,0.1
L19 3RG,0.1
L19 3RJ,0.1
L19 3RL,0.1
L19 3RN,0.1
L19 3RS,0.1
L19 3RU,0.1
L19 3RW,0.1
L19 3RY,0.1
L19 3RZ,0.1
L19 4TA,1.1
L19 4TB,1.1
L18 8BX,3.3
L18 8BY,3.2
L18 8BZ,3.1
L18 8DB,3.3
L18 8DJ,3.2
L18 8DS,3.2
L18 8DX,0.1
L18 8DZ,3.2
L18 8EE,0.1
L18 8EH,3.1
L18 8EP,0.1
L18 8ES,3.3
L18 8EU,3.2
L18 8FB,3.2
L18 8FD,3.2
L18 8FE,3.2
L18 8WA,0.1
L18 8WQ,0.1
L18 8WX,0.1
L18 9RA,3.1
L18 9SA,3.3
L18 9SB,3.3
L18 9SD,0.1
L18 9SE,0.1
L18 9SF,0.1
L18 9SG,3.1
L18 9SH,3.1
L18 9SJ,0.1
L18 9SL,0.1
L18 9SN,3.1
L18 9SP,3.1
L18 9SQ,0.1
L18 9SR,3.1
L18 9SS,3.1
L18 9ST,3.1
L18 9SU,3.2
L18 9SW,0.1
L18 9SX,3.1
L18 9SY,3.1
L18 9SZ,3.1
L18 9TA,3.3
L18 9TB,3.3
L18 9TD,0.1
L18 9TE,0.1
L18 9TF,0.1
L18 9TG,3.1
L18 9TH,0.1
L18 9TJ,3.1
L18 9TL,3.2
L18 9TN,3.1
L18 9TP,3.1
L18 9TQ,3.2
L18 9TR,3.1
L18 9TS,3.1
L18 9TT,3.2
L18 9TU,3.1
L18 9TW,3.1
L18 9TX,3.2
L18 9TY,3.2
L18 9TZ,3.2
L18 9UA,3.2
L18 9UB,3.3
L18 9UD,3.2
L18 9UE,3.3
L18 9UF,3.3
L18 9UG,3.3
L18 9UH,3.3
L18 9UJ,3.3
L18 9UL,3.3
L18 9UN,3.3
L18 9UP,3.2
L18 9UQ,3.3
L18 9UR,3.3
L18 9US,3.3
L18 9UT,3.3
L18 9UU,3.3
L18 9UW,3.3
L18 9UY,3.2
L18 9UZ,3.2
L18 9XA,3.2
L18 9XB,3.1
L18 9XN,3.1
L18 9XP,3.2
L18 9XT,3.2
L18 3NH,3.3
L18 3NJ,3.3
L18 3NL,3.3
L18 3NN,3.3
L18 3NP,3.3
L18 3NQ,3.3
L18 3NU,3.3
L18 3NW,3.3
L18 3WH,0.1
L18 4PA,3.3
L18 4PB,3.3
L18 4PD,3.3
L18 4PE,3.3
L18 4PF,3.3
L18 4PG,3.3
L18 4PH,3.3
L18 4PJ,3.3
L18 4PL,3.3
L18 4PN,3.3
L18 4PP,3.3
L18 4PQ,3.3
L18 4PR,3.3
L18 4PS,3.3
L18 4PT,3.3
L18 4PU,3.3
L18 4PW,3.3
L18 4PX,3.3
L18 4PY,3.3
L18 4PZ,3.3
L18 4QA,3.3
L18 4QB,3.3
L18 4QD,3.3
L18 4QE,3.3
L18 4QF,3.3
L18 4QG,3.3
L18 4QH,3.3
L18 4QJ,3.3
L18 4QL,3.3
L18 4QN,3.3
L18 4QP,3.3
L18 4QQ,3.3
L18 4QR,3.3
L18 4QS,3.3
L18 9YE,3.2
L19 0JA,0.1
L19 0JZ,0.1
L19 0LA,0.1
L19 0LB,0.1
L19 0LD,0.1
L19 0LH,0.1
L19 0LJ,0.1
L19 0LL,0.1
L19 0LN,0.1
L19 0LP,0.1
L19 0LR,0.1
L19 0LS,0.1
L19 0LT,0.1
L19 0LU,0.1
L19 0LW,0.1
L19 0LX,0.1
L19 0LY,0.1
L19 0LZ,0.1
L19 0NA,0.1
L19 0NB,0.1
L19 0ND,0.1
L19 0NE,0.1
L19 0NH,0.1
L19 0NJ,0.1
L19 0NL,0.1
L19 0NN,0.1
L19 0NP,0.1
L19 0NQ,0.1
L19 0NR,0.1
L19 0NS,0.1
L19 0NT,0.1
L19 0NU,0.1
L19 0NW,0.1
L19 0NX,0.1
L19 0NY,0.1
L19 0PA,0.1
L19 0PB,0.1
L19 0PD,0.1
L19 0PE,0.1
L19 0PF,0.1
L19 0PG,0.1
L19 0PH,0.1
L19 0PJ,0.1
L19 0PL,0.1
L19 0PN,0.1
L19 0PP,0.1
L18 4QT,3.3
L18 4QU,3.3
L18 4QW,3.3
L18 4QX,3.3
L18 4QY,0.1
L18 4QZ,3.3
L18 4RB,0.1
L18 4RD,0.1
L18 4RE,3.3
L18 4RF,3.3
L18 4RG,3.3
L18 4RH,3.3
L18 4RJ,3.3
L18 4RL,3.3
L18 4RN,3.3
L18 4RQ,3.3
L18 4RW,3.3
L18 4SD,0.1
L18 5EA,0.2
L18 5ED,0.1
L18 5EE,0.2
L18 5EF,0.2
L18 5EG,0.2
L18 5EH,0.2
L18 5EJ,0.2
L18 5EL,0.2
L18 5EN,0.2
L18 5EP,0.2
L18 5EQ,0.2
L18 5ER,0.2
L18 5ET,0.2
L18 5EU,0.1
L18 5EW,0.2
L18 5EX,0.1
L18 5EY,0.2
L18 5EZ,0.2
L18 5HA,0.2
L18 5HB,0.2
L18 5HD,0.2
L18 5HE,0.2
L18 5HF,0.2
L18 5HG,0.2
L18 5HH,0.2
L18 5HJ,0.1
L18 5HL,0.1
L18 5HN,0.1
L18 5HP,0.1
L18 5HQ,0.2
L18 5HR,0.1
L18 5HS,0.1
L18 5HT,0.1
L18 5HU,0.1
L18 5HW,0.1
L18 5HX,0.1
L18 5HY,0.1
L18 5HZ,0.1
L18 5JA,0.1
L18 5JB,0.1
L18 5JD,0.1
L18 5JE,0.1
L18 5JF,0.2
L18 5JG,0.1
L18 5JH,0.1
L18 5JQ,0.1
L18 6HA,3.3
L18 6HB,3.3
L18 6HD,3.3
L18 6HE,0.1
L18 6HF,0.1
L18 6HG,0.1
L18 6HH,0.1
L18 6HJ,0.1
L18 6HL,0.1
L18 6HN,0.1
L18 6HP,0.1
L18 6HR,3.3
L18 6HS,0.1
L18 6HT,3.3
L18 6HU,3.3
L18 6HW,0.1
L18 6HX,3.3
L18 6HY,3.3
L18 6HZ,3.3
L18 6JA,3.3
L18 6JB,0.1
L18 6JD,0.1
L18 6JF,0.1
L18 6JG,0.1
L18 6JH,0.1
L18 6JJ,0.1
L18 6JL,0.1
L18 6JN,0.1
L18 6JP,0.1
L18 1EN,0.2
L18 1EP,0.2
L18 1EQ,1.1
L18 1ER,0.2
L18 1ES,1.1
L18 1ET,1.1
L18 1EU,0.1
L18 1EU,0.2
L18 1EU,0.1
L18 1EU,0.2
L18 1EW,0.2
L18 1EX,1.1
L18 1EY,0.1
L18 1EY,0.2
L18 1EY,0.1
L18 1EY,0.2
L18 1EZ,0.1
L18 1EZ,0.2
L18 1EZ,0.1
L18 1EZ,0.2
L18 1HA,0.1
L18 1HA,0.2
L18 1HA,0.1
L18 1HA,0.2
L18 1HB,0.1
L18 1HB,0.2
L18 1HB,0.1
L18 1HB,0.2
L18 1HD,0.1
L18 1HD,0.2
L18 1HD,0.1
L18 1HD,0.2
L18 1HE,0.1
L18 1HE,0.2
L18 1HE,0.1
L18 1HE,0.2
L18 1HF,0.1
L18 1HF,0.2
L18 1HF,0.1
L18 1HF,0.2
L18 1HG,1.1
L18 1HH,0.1
L18 1HH,0.2
L18 1HH,0.1
L18 1HH,0.2
L18 1HJ,0.1
L18 1HJ,0.2
L18 1HJ,0.1
L18 1HJ,0.2
L18 1HL,1.1
L18 1HN,1.1
L18 1HP,1.1
L18 1HQ,0.1
L18 1HQ,0.2
L18 1HQ,0.1
L18 1HQ,0.2
L18 1HR,1.1
L18 1HS,1.1
L18 1HT,1.1
L18 1HU,1.1
L18 1HX,0.1
L18 1HX,0.2
L18 1HX,0.1
L18 1HX,0.2
L18 1HY,1.1
L18 1HZ,0.1
L18 1HZ,0.2
L18 1HZ,0.1
L18 1HZ,0.2
L18 1JA,1.1
L18 1JB,1.1
L18 1JD,1.1
L18 1JE,1.1
L18 1JF,1.1
L18 1JG,0.1
L18 1JG,0.2
L18 1JG,0.1
L18 1JG,0.2
L18 1JH,0.1
L18 1JH,0.2
L18 1JH,0.1
L18 1JH,0.2
L18 1JJ,0.1
L18 1JJ,0.2
L18 1JJ,0.1
L18 1JJ,0.2
L18 1JL,0.1
L18 1JN,0.1
L18 1JP,0.2
L18 1JQ,0.1
L18 1JQ,0.2
L18 1JQ,0.1
L18 1JQ,0.2
L18 1JR,0.2
L18 1JS,0.2
L18 1JT,0.2
L18 1JU,0.2
L18 1JW,0.2
L18 1JX,0.1
L18 1JY,0.2
L18 1JZ,0.1
L18 1LA,0.2
L18 1LB,0.1
L18 1LD,0.2
L18 1LE,0.2
L18 1LF,0.2
L18 1LG,0.2
L18 6JQ,0.1
L18 6JR,0.1
L18 6JS,0.1
L18 6JT,0.1
L18 6JU,0.1
L18 6JX,0.1
L18 6JY,0.1
L18 6JZ,0.1
L18 6LB,0.1
L18 7HA,0.1
L18 7HB,3.3
L18 7HD,3.1
L18 7HE,3.1
L18 7HF,3.1
L18 7HG,3.3
L18 7HH,3.1
L18 7HJ,3.3
L18 7HL,3.1
L18 7HN,3.3
L18 7HP,3.1
L18 7HQ,3.1
L18 7HS,3.3
L18 7HT,3.3
L18 7HU,3.3
L18 7HW,3.1
L18 7HX,3.3
L18 7HY,3.3
L18 7HZ,3.3
L18 7JA,3.3
L18 7JB,0.1
L18 7JD,0.1
L18 7JE,0.1
L18 7JF,0.1
L18 7JG,0.1
L18 7JH,0.1
L18 7JJ,0.1
L18 7JL,0.1
L18 1LN,0.2
L18 1LR,0.2
L18 1LS,0.1
L18 1LT,0.2
L18 1LU,0.2
L18 1LW,0.2
L18 1LX,0.2
L18 1LY,0.2
L18 1LZ,0.2
L18 1NZ,0.1
L18 2DA,0.2
L18 2DD,0.1
L18 2DE,0.1
L18 2DG,0.1
L18 2DH,0.1
L18 2DL,0.1
L18 2DN,3.3
L18 2DP,3.3
L18 2DR,3.3
L18 2DS,0.1
L18 2DT,0.1
L18 2DU,0.2
L18 2DW,3.3
L18 2DX,0.1
L18 2DY,0.2
L18 2EA,0.1
L18 2EB,0.1
L18 2ED,0.1
L18 2EE,0.1
L18 2EF,3.3
L18 2EG,0.1
L18 2EH,0.1
L18 2EJ,0.1
L18 2EL,0.1
L18 2EN,3.3
L18 2EP,0.1
L18 2EQ,3.3
L18 2ER,0.1
L18 2ET,0.1
L18 2EU,0.1
L18 2EW,3.3
L18 2EX,0.1
L18 2EY,0.1
L18 2EZ,0.1
L18 2FP,0.1
L18 2HA,0.1
L18 2HB,0.1
L18 2HD,3.3
L18 2HE,3.3
L18 2HY,0.1
L18 2JL,3.3
L18 2JN,0.1
L18 2JW,3.3
L18 3EA,3.3
L18 3EB,3.3
L18 3ED,3.3
L18 3EE,3.3
L18 3EF,3.3
L18 3EG,3.3
L18 3EH,3.3
L18 3EJ,3.3
L18 3EL,3.3
L18 3EN,3.3
L18 3EP,3.3
L18 3EQ,3.3
L18 3ER,3.3
L18 3ES,3.3
L18 3ET,3.3
L18 3EU,3.3
L18 3EW,3.3
L18 3EX,3.3
L18 3EY,3.3
L18 3EZ,3.3
L18 3HA,3.3
L18 3HB,3.3
L18 3HD,3.3
L18 3HE,3.3
L18 3HF,3.3
L18 3HG,3.3
L18 3HH,3.3
L18 3HJ,3.3
L18 3HL,3.3
L18 3HN,3.3
L18 3HP,3.3
L18 3HQ,3.3
L18 3HR,0.1
L18 3HS,0.1
L18 3HU,0.1
L17 7EG,1.1
L17 7EN,1.1
L17 7EP,1.1
L17 7ER,1.1
L17 7ES,1.1
L17 7ET,0.2
L17 7EU,1.1
L17 7EW,1.1
L17 7EX,1.1
L17 7EY,1.1
L17 7HB,0.1
L17 7HD,0.1
L17 7HP,1.1
L17 7HR,1.1
L17 7HW,1.1
L17 7JA,0.1
L17 7JQ,0.2
L17 8BA,1.1
L17 8FW,1.1
L17 8SJ,0.2
L17 8SL,0.2
L17 8SN,0.2
L17 8ST,1.1
L17 8SW,1.1
L17 8TA,1.1
L17 8TB,1.1
L17 8TD,1.1
L17 8TE,1.1
L17 8TG,1.1
L17 8TH,1.1
L17 8TJ,1.1
L17 8TL,1.1
L17 8TN,1.1
L17 8TP,1.1
L17 8TQ,1.1
L17 8TR,1.1
L17 8TS,1.1
L17 8TT,1.1
L17 8TU,1.1
L17 8TX,1.1
L17 8TY,1.1
L17 8TZ,1.1
L17 8UA,1.1
L17 8UB,1.1
L17 8UD,1.1
L17 8UE,1.1
L17 8UF,1.1
L17 8UG,1.1
L17 8UH,1.1
L17 8UJ,1.1
L17 8UL,1.1
L17 8UN,1.1
L17 8UP,1.1
L17 8UQ,1.1
L17 8UR,1.1
L18 3HW,3.3
L18 3HX,3.3
L18 3HY,3.3
L18 3HZ,3.3
L18 3JA,3.3
L18 3JB,0.1
L18 3JE,3.3
L18 3JF,3.3
L18 3JG,3.3
L18 3JL,3.3
L18 3JN,3.3
L18 3JR,3.3
L18 3JS,3.3
L18 3JT,3.3
L18 3JU,3.3
L18 3JX,3.3
L18 3JY,0.1
L18 3JZ,0.1
L18 3LA,0.1
L18 3LB,0.1
L18 3LD,0.1
L18 3LF,3.3
L18 3LH,3.3
L18 3LJ,3.3
L18 3LL,3.3
L18 3LN,0.1
L18 3LP,3.3
L18 3LQ,3.3
L18 3LT,3.3
L18 3LU,3.3
L18 3LW,3.3
L18 3NF,3.3
L18 3NG,0.1
L17 8US,0.2
L17 8UT,1.1
L17 8UU,1.1
L17 8UW,1.1
L17 8UY,0.2
L17 8UZ,0.2
L17 8WD,1.1
L17 8XB,1.1
L17 8XD,0.2
L17 8XE,1.1
L17 8XF,1.1
L17 8XG,1.1
L17 8XH,0.2
L17 8XJ,0.2
L17 8XL,0.2
L17 8XN,0.2
L17 8XQ,1.1
L17 8XT,0.2
L17 8XU,0.2
L17 8XW,0.2
L17 8XX,0.2
L17 8XY,0.2
L17 8XZ,0.2
L17 8YD,1.1
L17 8YG,0.2
L17 8YL,1.1
L17 8YQ,0.2
L17 8YS,1.1
L17 9PA,0.2
L17 9PB,0.1
L17 9PD,0.2
L17 9PE,0.2
L17 9PG,0.1
L17 9PH,0.1
L17 9PJ,0.1
L17 9PN,0.1
L17 9PP,0.1
L17 9PR,0.1
L17 9PS,0.1
L17 9PT,0.1
L17 9PU,0.1
L17 9PW,1.2
L17 9PX,3.1
L17 9PY,3.1
L17 9PZ,0.1
L17 9QA,0.1
L17 9QB,0.1
L17 9QD,0.1
L17 9QE,3.1
L17 9QF,3.1
L17 9QG,3.1
L17 9QH,3.1
L17 9QJ,3.1
L17 9QL,3.1
L17 9QN,3.1
L17 9QP,3.1
L17 9QQ,3.1
L17 9QR,3.1
L17 9QS,0.1
L17 9QT,0.1
L17 9QU,0.1
L17 9QW,3.1
L17 9QX,0.1
L17 9QZ,0.1
L17 9RA,0.1
L17 9RB,0.1
L17 9RH,0.1
L17 9RQ,0.1
L18 0HA,0.1
L18 0HB,0.1
L18 0HD,0.1
L18 0HE,0.1
L18 0HF,0.1
L18 0HG,0.2
L18 0HH,0.1
L18 0HJ,0.2
L18 0HL,0.2
L18 0HN,0.1
L18 0HP,0.2
L18 0HQ,0.1
L18 0HR,0.2
L18 0HS,0.2
L18 0HT,0.2
L18 0HU,0.2
L18 0HW,0.2
L18 0HX,0.2
L18 0HY,0.2
L18 0HZ,0.2
L18 0JA,0.2
L18 1DA,0.2
L17 3BY,1.1
L17 3DA,1.1
L17 3DQ,1.1
L17 3WZ,1.1
L17 4JA,1.1
L17 4JB,1.1
L17 4JD,1.1
L17 4JE,1.2
L17 4JG,1.1
L17 4JH,1.2
L17 4JJ,1.2
L17 4JL,0.2
L17 4JN,1.1
L17 4JP,1.1
L17 4JQ,1.2
L17 4JR,1.1
L17 4JS,0.2
L17 4JT,0.2
L17 4JU,0.2
L17 4JW,1.1
L17 4JX,1.1
L17 4JY,1.1
L17 4LA,0.2
L17 4LB,0.2
L17 4LD,0.2
L17 4LE,1.1
L17 4LF,1.1
L17 4LG,0.2
L17 4LH,1.2
L17 4LJ,1.1
L17 4LL,1.1
L17 4LQ,0.2
L17 4LR,0.2
L17 4LS,0.2
L17 4LU,0.2
L17 5AA,1.2
L17 5AD,3.1
L17 5AF,3.1
L17 5AG,1.2
L17 5AH,3.1
L17 5AJ,1.2
L17 5AL,0.1
L17 5AP,3.1
L17 5AQ,1.2
L17 5AR,3.1
L17 5AT,3.1
L17 5AW,3.1
L17 5AX,1.2
L17 5AY,1.2
L17 5BB,0.2
L17 5BD,3.1
L17 5BL,1.2
L17 5BN,1.2
L17 5BR,0.2
L17 5BS,0.2
L17 5BT,0.2
L17 5BU,0.2
L17 5BX,0.2
L17 5BY,0.2
L17 5BZ,3.1
L17 5DB,0.2
L17 5DD,0.2
L17 5DE,0.2
L17 5DF,0.2
L17 6AA,0.1
L18 1DB,0.2
L18 1DD,0.2
L18 1DE,0.1
L18 1DE,0.2
L18 1DE,0.1
L18 1DE,0.2
L18 1DF,1.1
L18 1DG,0.2
L18 1DH,0.2
L18 1DJ,0.2
L18 1DL,1.1
L18 1DN,0.2
L18 1DP,0.1
L18 1DP,0.2
L18 1DP,0.1
L18 1DP,0.2
L18 1DQ,0.2
L18 1DR,1.1
L18 1DS,0.1
L18 1DS,0.2
L18 1DS,0.1
L18 1DS,0.2
L18 1DT,0.1
L18 1DT,0.2
L18 1DT,0.1
L18 1DT,0.2
L18 1DU,1.1
L18 1DW,0.2
L18 1DX,1.1
L18 1DY,1.1
L18 1DZ,1.1
L18 1EA,1.1
L18 1EB,0.1
L18 1EB,0.2
L18 1EB,0.1
L18 1EB,0.2
L18 1ED,0.2
L18 1EE,1.1
L18 1EF,1.1
L18 1EG,1.1
L18 1EH,1.1
L18 1EJ,1.1
L18 1EL,1.1
L17 6AB,0.1
L17 6AD,0.1
L17 6AE,0.1
L17 6AG,0.1
L17 6AH,0.1
L17 6AJ,0.1
L17 6AL,0.1
L17 6AN,0.1
L17 6AP,0.1
L17 6AQ,0.1
L17 6AR,0.1
L17 6AS,0.1
L17 6AT,0.1
L17 6AU,0.1
L17 6AW,0.1
L17 6AY,0.1
L17 6AZ,0.1
L17 6BA,0.1
L17 6BB,0.1
L17 6BD,0.1
L17 6BE,0.1
L17 6BG,0.1
L17 6BH,0.1
L17 6BJ,0.1
L17 6BL,0.1
L17 6BN,0.1
L17 6BP,0.1
L17 6BQ,0.1
L17 6BR,3.3
L17 6BS,0.1
L17 6BT,0.1
L17 6BU,0.1
L17 6BW,0.1
L17 6BX,3.3
L17 6BY,3.3
L17 6BZ,3.3
L17 6DA,3.3
L17 6DB,3.2
L17 6DD,3.1
L17 6DE,3.1
L17 6DF,3.2
L17 6DG,3.1
L17 6DH,3.1
L17 6DJ,3.1
L17 6DN,0.1
L17 6DP,0.1
L17 6DQ,3.1
L17 6DW,0.1
L17 6DY,0.1
L17 6EH,0.1
L17 6ER,0.1
L17 6ES,0.1
L17 6ET,0.1
L17 6EU,0.1
L17 6EW,0.1
L17 6EX,0.1
L17 6GA,0.1
L17 6GB,0.1
L17 6GD,0.1
L17 6GE,0.1
L17 6WY,1.1
L17 7AA,1.1
L17 7AD,0.2
L17 7AE,0.2
L17 7AF,0.2
L17 7AG,0.2
L17 7AH,0.2
L17 7AJ,0.2
L17 7AL,0.2
L17 7AN,0.2
L17 7AQ,0.2
L17 7AR,0.2
L17 7AS,0.2
L17 7AT,0.2
L17 7AU,0.2
L17 7AW,0.1
L17 7AY,0.2
L17 7AZ,0.2
L17 7BA,0.2
L17 7BB,0.2
L17 7BD,0.1
L17 7BE,0.2
L17 7BG,0.2
L17 7BJ,0.2
L17 7BL,0.2
L17 7BN,0.2
L17 7BP,0.2
L17 7BQ,0.2
L17 7BR,0.2
L17 7BT,0.2
L17 7BU,0.2
L17 7BX,0.2
L17 7BY,0.2
L16 7QR,3.3
L16 7QS,3.3
L16 7QT,3.3
L16 7QW,3.3
L16 8GA,0.1
L16 8NA,3.3
L16 8NB,3.3
L16 8ND,3.3
L16 8NE,0.1
L16 8NF,0.1
L16 8NH,3.3
L16 8NJ,3.3
L16 8NL,3.3
L16 8NN,3.3
L16 8NP,3.3
L16 8NQ,3.3
L16 8NR,3.3
L16 8NS,3.3
L16 8NT,3.3
L16 8NU,3.3
L16 8NW,3.3
L16 8NX,3.3
L16 8NY,3.3
L16 8NZ,3.3
L16 8PA,3.3
L16 8PB,3.3
L16 8PD,3.3
L16 9JA,3.3
L16 9JB,3.3
L16 9JD,3.3
L16 9JE,3.3
L16 9JF,3.3
L16 9JG,3.3
L16 9JH,3.3
L16 9JJ,3.3
L16 9JL,3.3
L16 9JN,3.3
L16 9JP,3.3
L16 9JQ,3.3
L16 9JR,3.3
L16 9JS,3.3
L16 9JT,3.3
L16 9JU,3.3
L16 9JW,3.3
L17 0AA,0.1
L17 0AB,0.1
L17 0AD,0.1
L17 0AE,0.1
L17 0AF,0.1
L17 0AG,0.1
L17 0AH,0.1
L17 0AJ,0.1
L17 0AL,0.1
L17 0AN,3.1
L17 0AP,0.1
L17 0AQ,0.1
L17 0AR,3.1
L17 0AS,0.1
L17 0AT,0.1
L17 0AU,0.1
L17 0AW,0.1
L17 0AX,0.1
L17 0AY,0.1
L17 0AZ,0.1
L17 0BA,0.1
L17 0BB,0.1
L17 0BD,0.1
L17 0BE,3.1
L17 0BG,3.1
L17 0BH,3.1
L17 0BJ,1.2
L17 0BL,0.1
L17 0BP,0.1
L17 0BQ,0.1
L17 7BZ,0.2
L17 7DA,0.2
L17 7DB,0.2
L17 7DD,0.2
L17 7DE,0.2
L17 7DF,0.2
L17 7DG,0.2
L17 7DH,0.2
L17 7DJ,0.2
L17 7DL,0.2
L17 7DN,0.2
L17 7DP,0.2
L17 7DQ,0.2
L17 7DR,0.2
L17 7DT,0.2
L17 7DU,0.2
L17 7DW,0.2
L17 7DX,0.2
L17 7DY,0.2
L17 7ED,1.1
L17 7EE,1.1
L17 0BR,0.1
L17 0BS,0.1
L17 0BT,0.1
L17 0BU,0.1
L17 0BX,0.1
L17 0BY,1.2
L17 0BZ,1.2
L17 0DA,0.1
L17 0DB,0.1
L17 0DD,3.1
L17 0DE,1.2
L17 0DF,1.2
L17 0DG,1.2
L17 0DH,3.1
L17 0DJ,3.1
L17 0DL,1.2
L17 0DN,1.2
L17 0DP,3.1
L17 0DR,3.1
L17 0DS,3.1
L17 0DT,3.1
L17 0DU,3.1
L17 0DX,3.1
L17 0DY,1.2
L17 0DZ,1.2
L17 0EA,3.1
L17 0EB,1.2
L17 0ED,3.1
L17 0EE,1.2
L17 0EF,1.2
L17 0EG,0.1
L17 0EH,0.1
L17 0EJ,0.1
L17 0EL,1.2
L17 0EN,0.1
L17 0EQ,0.1
L17 0ES,1.2
L17 0ET,1.2
L17 0EU,1.2
L17 0EW,1.2
L17 0HG,3.1
L17 1AA,1.1
L17 1AB,1.1
L17 1AD,1.1
L17 1AE,1.1
L17 1AG,1.1
L17 1AJ,1.1
L17 1AL,1.1
L17 1AN,1.1
L17 1AP,1.1
L17 1AR,1.1
L17 1AS,1.1
L17 1AT,1.1
L17 1AW,1.1
L17 1AX,1.1
L17 1AZ,1.1
L17 1BD,1.1
L17 2AA,1.1
L17 2AB,1.1
L17 2AD,1.1
L17 2AE,1.1
L17 2AF,1.1
L17 2AG,1.1
L17 2AH,1.1
L17 2AJ,1.1
L17 2AL,1.1
L17 2AN,1.1
L17 2AP,1.1
L17 2AQ,1.1
L17 2AR,1.1
L17 2AS,1.1
L17 2AT,1.1
L17 2AU,1.1
L17 2AW,1.1
L17 2AX,1.1
L17 2AY,1.1
L17 2AZ,1.1
L17 2BJ,1.1
L17 3AA,1.1
L17 3AD,1.1
L17 3AF,1.1
L17 3AG,1.1
L17 3AH,1.1
L17 3AJ,1.1
L17 3AL,1.1
L17 3AN,1.1
L17 3AQ,1.1
L17 3AR,1.1
L17 3AS,1.1
L17 3AT,1.1
L17 3AU,1.1
L17 3AX,1.1
L16 0JJ,3.3
L16 0JL,3.3
L16 0JN,3.3
L16 0JP,3.3
L16 0JQ,3.3
L16 0JR,3.3
L16 0JS,3.3
L16 0JT,3.3
L16 0JW,3.3
L16 1HZ,3.2
L16 1JA,3.3
L16 1JB,3.2
L16 1JD,3.2
L16 1JE,3.2
L16 1JF,3.2
L16 1JG,3.2
L16 1JH,3.2
L16 1JJ,3.2
L16 1JL,3.2
L16 1JN,3.2
L16 1JP,3.2
L16 1JQ,3.2
L16 1JR,3.2
L16 1JS,3.2
L16 1JT,3.2
L16 1JU,3.2
L16 1JW,3.2
L16 1JX,3.2
L16 1JY,3.2
L16 1JZ,3.2
L16 1LA,3.2
L16 1LD,3.2
L16 2LA,3.3
L16 2LB,3.3
L16 2LD,3.3
L16 2LE,3.3
L16 2LF,3.3
L16 2LG,3.2
L16 2LH,3.3
L16 2LJ,3.2
L16 2LL,3.2
L16 2LN,3.2
L16 2LP,3.2
L16 2LQ,3.2
L16 2LR,3.2
L16 2LS,3.2
L16 2LT,3.2
L16 2LU,3.2
L16 2LX,3.2
L16 2LY,3.2
L16 2LZ,3.2
L16 2NB,3.2
L16 2ND,3.2
L16 2NE,3.2
L16 2NF,3.2
L16 2NG,3.2
L16 2NH,3.2
L16 2NJ,3.2
L16 2NL,3.2
L16 2NN,3.2
L16 2NP,3.2
L16 2NQ,3.2
L16 2NR,3.2
L16 3GA,3.2
L16 3GB,3.2
L16 3GD,3.2
L16 3GE,3.2
L16 3GF,3.2
L16 3GG,3.2
L16 3GH,3.2
L16 3GJ,3.2
L16 3GL,3.2
L16 3GN,3.2
L16 3GP,3.2
L16 3GQ,3.2
L16 3GR,3.2
L16 3GS,3.2
L16 3GT,3.2
L16 3GU,3.2
L16 3GW,3.2
L16 3NA,3.2
L16 3NB,3.2
L16 3ND,3.2
L16 3NE,3.2
L17 3AY,1.1
L17 3AZ,1.1
L17 3BA,1.1
L17 3BB,1.1
L17 3BD,1.1
L17 3BE,1.1
L17 3BG,1.1
L17 3BH,1.1
L17 3BL,1.1
L17 3BP,1.1
L17 3BQ,1.1
L17 3BT,1.1
L17 3BU,1.1
L17 3BX,1.1
L16 3NF,3.2
L16 3NG,3.2
L16 3NH,3.2
L16 3NJ,3.2
L16 3NL,3.2
L16 3NN,3.2
L16 3NP,3.2
L16 3NQ,3.2
L16 3NR,3.2
L16 3NS,3.2
L16 3NT,3.2
L16 3NU,3.2
L16 3NW,3.2
L16 3NX,3.2
L16 3NY,1.1
L16 4PA,3.3
L16 4PB,3.3
L16 4PD,3.2
L16 4PE,3.3
L16 4PF,3.3
L16 4PG,3.3
L16 4PH,3.3
L16 4PJ,3.2
L16 4PL,3.3
L16 4PN,3.3
L16 4PP,3.3
L16 4PQ,3.2
L16 4PR,3.3
L16 4PW,3.3
L16 5EA,3.3
L16 5EB,3.2
L16 5ED,3.3
L16 5EE,3.2
L16 5EF,3.3
L16 5EG,3.3
L16 5EH,3.2
L16 5EJ,3.2
L16 5EL,3.2
L16 5EN,3.2
L16 5EP,3.3
L16 5EQ,3.3
L16 5ER,3.3
L16 5ES,3.3
L16 5ET,3.3
L16 5EU,3.2
L16 5EW,3.2
L16 5EX,3.2
L16 5EY,3.3
L16 5EZ,3.3
L16 5HA,3.3
L16 5HE,3.3
L16 5HF,3.3
L16 5HG,3.3
L16 5HH,1.1
L16 6AD,3.2
L16 6AE,3.2
L16 6AF,3.2
L16 6AG,3.2
L16 6AH,3.2
L16 6AJ,3.2
L16 6AL,3.3
L16 6AN,3.2
L16 6AP,3.3
L16 6AQ,3.2
L16 6AR,3.3
L16 6AS,3.3
L16 6AT,3.3
L16 6AU,3.3
L16 6AW,3.3
L16 6AX,3.2
L16 6AY,3.3
L16 6AZ,3.3
L16 7PA,3.3
L16 7PD,3.3
L16 7PE,3.3
L16 7PF,3.3
L16 7PG,3.3
L16 7PH,3.3
L16 7PJ,3.3
L16 7PL,3.3
L16 7PN,3.3
L16 7PP,3.3
L16 7PQ,3.3
L16 7PR,3.3
L16 7PS,3.3
L16 7PT,3.3
L16 7PU,3.3
L16 7PW,3.3
L16 7PX,3.3
L16 7PY,3.3
L16 7PZ,3.3
L16 7QA,3.3
L16 7QB,3.3
L16 7QD,3.3
L16 7QE,3.3
L16 7QF,3.3
L15 6XD,3.2
L15 6XE,3.2
L15 6XF,3.2
L15 6XG,3.3
L15 6XJ,3.2
L15 6XN,3.3
L15 6XP,3.2
L15 6XQ,3.2
L15 6XR,3.2
L15 6XS,3.3
L15 6XT,3.3
L15 6XU,3.3
L15 6XW,3.3
L15 6XX,3.3
L15 6XZ,3.3
L15 6YA,3.3
L15 6YB,3.3
L15 6YE,3.3
L15 6YF,3.3
L15 6YG,3.3
L15 6YQ,3.3
L15 7JA,1.2
L15 7JB,3.2
L15 7JD,1.2
L15 7JE,3.3
L15 7JF,3.3
L15 7JG,1.2
L15 7JH,1.2
L15 7JJ,1.2
L15 7JL,1.2
L15 7JN,3.2
L15 7JP,1.2
L15 7JQ,3.2
L15 7JR,1.2
L15 7JS,1.2
L15 7JT,1.2
L15 7JU,1.2
L15 7JW,3.2
L15 7JX,3.3
L15 7JY,3.3
L15 7JZ,3.3
L15 7LA,3.3
L15 7LB,3.3
L15 7LD,3.3
L15 7LE,3.3
L15 7LF,3.2
L15 7LG,3.2
L15 7LH,3.2
L15 7LJ,3.3
L15 7LL,3.2
L15 7LN,3.2
L15 7LP,3.2
L15 7LQ,3.3
L15 7LR,3.2
L15 7LS,3.2
L15 7LT,3.2
L15 7LU,3.3
L15 7LW,3.2
L15 7LX,3.3
L15 7LY,3.3
L15 7LZ,3.3
L15 7NA,3.2
L15 7NB,3.3
L15 7ND,3.3
L15 7NE,3.2
L15 7NF,3.3
L15 7NG,3.3
L15 7NS,3.2
L15 8AD,3.1
L15 8AE,3.1
L15 8AF,3.1
L15 8AH,3.1
L15 8AJ,1.2
L15 8AL,1.2
L15 8AN,1.2
L15 8AR,3.1
L15 8AX,1.2
L15 8GA,3.1
L15 8GB,1.2
L15 8GD,1.2
L15 8GE,1.2
L15 8GG,1.2
L15 8GH,1.2
L15 8GJ,1.2
L15 8HA,3.1
L15 8HB,3.1
L16 7QG,3.3
L16 7QH,3.3
L16 7QJ,3.3
L16 7QL,3.3
L16 7QN,3.3
L16 7QP,3.3
L16 7QQ,3.3
L15 8HE,3.1
L15 8HF,1.2
L15 8HG,3.1
L15 8HH,3.1
L15 8HJ,3.1
L15 8HL,3.1
L15 8HN,3.1
L15 8HP,1.2
L15 8HQ,1.2
L15 8HR,1.2
L15 8HS,1.2
L15 8HT,1.2
L15 8HU,3.1
L15 8HW,1.2
L15 8HX,3.1
L15 8HY,3.1
L15 8JA,0.2
L15 8JB,0.2
L15 8JD,0.2
L15 8JE,3.1
L15 8JF,3.1
L15 8JG,3.1
L15 8JH,3.1
L15 8JJ,1.2
L15 8JL,1.2
L15 8JN,1.2
L15 8JP,3.1
L15 8JQ,1.2
L15 8JR,1.2
L15 8JS,1.2
L15 8JT,3.1
L15 8JU,1.2
L15 8JW,1.2
L15 8JX,1.2
L15 8JY,1.2
L15 8JZ,1.2
L15 8LE,1.2
L15 8LF,1.2
L15 8LG,1.2
L15 8LH,1.2
L15 8LJ,3.1
L15 8LL,3.1
L15 8LN,1.2
L15 8LP,1.2
L15 8LQ,1.2
L15 8LR,3.1
L15 8LS,3.1
L15 8LT,3.1
L15 8LU,3.1
L15 8LX,3.1
L15 8LY,3.1
L15 8LZ,3.1
L15 8NA,3.1
L15 8NB,3.1
L15 9EA,0.2
L15 9EB,0.2
L15 9ED,0.2
L15 9EE,3.1
L15 9EF,0.2
L15 9EG,0.2
L15 9EH,0.2
L15 9EJ,0.2
L15 9EN,0.2
L15 9EQ,3.1
L15 9ER,0.2
L15 9ES,0.2
L15 9ET,0.2
L15 9EU,0.2
L15 9EW,0.2
L15 9EY,0.2
L15 9EZ,0.2
L15 9HA,0.2
L15 9HB,0.2
L15 9HD,3.1
L15 9HE,3.1
L15 9HF,3.1
L15 9HG,3.1
L15 9HH,3.1
L15 9HJ,0.2
L15 9HL,3.1
L15 9HN,3.1
L15 9HP,0.2
L15 9HQ,3.1
L15 9HR,0.2
L15 9HW,3.1
L15 9JE,3.1
L16 0JA,3.3
L16 0JD,3.3
L16 0JE,3.3
L16 0JF,3.3
L16 0JG,3.3
L16 0JH,3.3
L15 3HF,1.1
L15 3HG,1.1
L15 3HH,1.1
L15 3HJ,1.1
L15 3HL,1.1
L15 3HN,1.1
L15 3HP,1.1
L15 3HQ,1.1
L15 3HR,1.1
L15 3HS,1.1
L15 3HT,1.1
L15 3HU,1.1
L15 3HW,1.1
L15 3HX,1.1
L15 3HZ,1.1
L15 3JA,1.1
L15 3JB,1.1
L15 3JD,1.1
L15 3JE,1.1
L15 3JF,1.1
L15 3JG,1.1
L15 3JH,1.1
L15 3JJ,1.1
L15 3JL,1.1
L15 3JN,1.1
L15 3JQ,1.1
L15 3JR,1.1
L15 3JT,1.1
L15 3JY,1.1
L15 3JZ,1.1
L15 3LA,1.1
L15 3LB,1.1
L15 3LD,1.1
L15 3LE,1.1
L15 3LL,1.1
L15 4HA,1.1
L15 4HB,1.1
L15 4HD,0.2
L15 4HE,0.2
L15 4HF,0.2
L15 4HG,0.2
L15 4HH,1.1
L15 4HJ,0.2
L15 4HL,0.2
L15 4HN,0.2
L15 4HP,0.2
L15 4HQ,0.2
L15 4HR,0.2
L15 4HS,0.2
L15 4HT,0.2
L15 4HU,0.2
L15 4HW,0.2
L15 4HX,0.2
L15 4HY,1.1
L15 4HZ,0.2
L15 4JA,3.1
L15 4JD,1.1
L15 4JE,1.1
L15 4JF,1.1
L15 4JG,1.1
L15 4JH,1.1
L15 4JL,1.1
L15 4JN,1.1
L15 4JP,1.1
L15 4JQ,1.1
L15 4JS,1.1
L15 4JT,1.1
L15 4JU,1.1
L15 4JX,1.1
L15 4LA,1.1
L15 4LB,1.1
L15 4LD,1.1
L15 4LD,1.1
L15 4LD,1.1
L15 4LD,1.1
L15 4LE,1.1
L15 4LF,1.1
L15 4LG,1.1
L15 4LH,1.1
L15 4LH,1.1
L15 4LH,1.1
L15 4LH,1.1
L15 4LJ,1.1
L15 4LL,1.1
L15 4LP,1.1
L15 4LR,1.1
L15 4LS,1.1
L15 4LT,1.1
L15 4LU,1.1
L15 4LX,1.1
L15 4LY,1.1
L15 4NA,1.1
L15 4NB,1.1
L15 4ND,1.1
L15 4NE,1.1
L15 4NF,1.1
L15 4NG,1.1
L15 4NN,1.1
L15 4NQ,1.1
L15 4NQ,1.1
L15 4NQ,1.1
L15 4NQ,1.1
L15 4PE,1.1
L15 4PF,1.1
L15 4PG,1.1
L15 4PP,3.1
L15 4PW,3.1
L14 8XG,1.1
L14 8XH,1.1
L14 8XJ,1.1
L14 8XL,1.1
L14 8XN,1.1
L14 8XP,1.1
L14 8XQ,1.1
L15 4QB,1.1
L15 5AA,1.1
L15 5AD,1.1
L15 5AE,1.1
L15 5AF,0.2
L15 5AG,1.1
L15 5AH,1.1
L15 5AJ,1.1
L15 5AL,1.1
L15 5AN,1.1
L15 5AR,1.1
L15 5AT,1.1
L15 5AU,1.1
L15 5AX,1.1
L15 5AY,0.2
L15 5AZ,0.2
L15 5BA,0.2
L15 5BB,0.2
L15 5BD,0.2
L15 5BE,0.2
L15 5BG,0.2
L15 5BH,0.2
L15 5BJ,0.2
L15 5BL,0.2
L15 5BN,0.2
L15 5BP,0.2
L15 5BR,0.2
L15 5BS,0.2
L15 5BT,0.2
L15 5BU,0.2
L15 5BW,0.2
L15 5BX,0.2
L15 5BY,0.2
L15 5BZ,0.2
L15 6DA,1.2
L15 6DL,1.2
L15 6TA,3.2
L15 6TB,0.2
L15 6TD,3.1
L15 6TE,3.2
L15 6TF,3.2
L15 6TG,3.2
L15 6TH,0.2
L15 6TJ,3.1
L15 6TL,3.1
L15 6TN,1.2
L15 6TP,3.1
L15 6TQ,3.1
L15 6TR,3.1
L15 6TS,3.2
L15 6TT,3.2
L15 6TU,3.1
L15 6TW,3.2
L15 6TX,0.2
L15 6TY,3.2
L15 6TZ,3.1
L15 6UA,0.2
L15 6UB,3.2
L15 6UD,3.2
L15 6UE,3.2
L15 6UF,3.2
L15 6UG,3.2
L15 6UH,3.2
L15 6UJ,3.2
L15 6UL,3.2
L15 6UN,3.2
L15 6UQ,3.2
L15 6UR,3.3
L15 6US,3.3
L15 6UT,3.3
L15 6UU,1.2
L15 6UW,3.3
L15 6UX,3.2
L15 6UY,3.3
L15 6UZ,3.3
L15 6WA,3.3
L15 6WB,3.3
L15 6WU,3.3
L15 6XA,3.2
L15 6XB,3.2
L14 8XR,1.1
L14 8XS,1.1
L14 8XU,1.1
L14 8XW,1.1
L14 8XX,1.1
L14 8XY,1.1
L14 8XZ,1.1
L14 8YA,1.1
L14 8YB,1.1
L14 8YD,1.1
L14 8YE,1.1
L14 8YF,1.1
L14 8YG,1.1
L14 8YJ,1.1
L14 8YL,1.1
L14 8YN,1.1
L14 8YQ,1.1
L14 9BA,1.1
L14 9LL,1.1
L14 9LN,3.1
L14 9LP,3.1
L14 9LR,3.1
L14 9LS,3.1
L14 9LT,3.1
L14 9LU,3.1
L14 9LW,3.1
L14 9LX,3.1
L14 9LY,3.1
L14 9LZ,3.1
L14 9NA,1.1
L14 9ND,1.1
L14 9NF,1.1
L14 9NG,1.1
L14 9NH,1.1
L14 9NL,1.1
L14 9NN,3.1
L14 9NP,1.1
L14 9NQ,1.1
L14 9NR,1.1
L14 9NS,1.1
L14 9NW,1.1
L14 9NX,1.1
L14 9NY,1.1
L14 9NZ,1.1
L14 9PA,1.1
L14 9PB,1.1
L14 9PE,1.1
L14 9PF,1.1
L14 9PG,1.1
L14 9PH,1.1
L14 9PJ,1.1
L14 9PP,1.1
L14 9PQ,1.1
L14 9PR,1.1
L14 9PS,1.1
L14 9PT,1.1
L14 9PU,1.1
L14 9PW,1.1
L14 9PX,1.1
L14 9PY,1.1
L14 9PZ,1.2
L14 9QA,1.1
L14 9QB,1.1
L14 9QD,1.2
L14 9QN,3.1
L14 9QT,1.1
L14 9QU,1.1
L14 9QX,1.1
L14 9QY,1.1
L14 9QZ,1.2
L15 0AB,1.1
L15 0AD,1.1
L15 0DW,1.1
L15 0EB,1.1
L15 0ED,1.1
L15 0EE,1.1
L15 0EF,1.1
L15 0EG,1.1
L15 0EH,1.1
L15 0EJ,1.1
L15 0EL,1.1
L15 0EN,1.1
L15 0EP,1.1
L15 0EQ,1.1
L15 0ER,1.1
L15 0ES,1.1
L15 0ET,1.1
L15 0EW,1.1
L15 0EY,1.1
L15 0EZ,1.1
L15 0FH,1.1
L15 0HA,1.1
L15 0HB,1.1
L15 0HD,1.1
L15 0HE,1.1
L15 0HF,1.1
L14 3NG,3.2
L14 3NN,3.2
L14 3NP,3.2
L14 3NQ,3.2
L14 3NR,3.2
L14 3NU,3.2
L14 3PA,3.2
L14 3PE,1.1
L14 3PJ,1.1
L14 3PL,3.2
L14 4AD,1.2
L14 4AE,1.2
L15 0HG,1.1
L15 0HH,1.1
L15 0HJ,1.1
L15 0HL,1.1
L15 0HN,1.1
L15 0HP,1.1
L15 0HQ,1.1
L15 0HR,1.1
L15 0HS,1.1
L15 0HT,1.1
L15 0HU,1.1
L15 0HW,1.1
L15 0HX,1.1
L15 0HY,1.1
L15 0JA,1.1
L15 0JB,1.1
L15 0WX,1.1
L15 1EA,1.1
L15 1EB,1.1
L15 1ED,1.1
L15 1EE,1.1
L15 1EF,1.1
L15 1EG,1.1
L15 1EH,1.1
L15 1EJ,1.1
L15 1EL,1.1
L15 1EN,1.1
L15 1EP,1.1
L15 1EQ,1.1
L15 1ER,1.1
L15 1ES,1.1
L15 1ET,1.1
L15 1EU,1.1
L15 1EW,1.1
L15 1EX,1.1
L15 1EY,1.1
L15 1EZ,1.1
L15 1HA,1.1
L15 1HB,1.1
L15 1HD,1.1
L15 1HE,1.1
L15 1HF,1.1
L15 1HG,1.1
L15 1HH,1.1
L15 1HJ,1.1
L15 1HL,1.1
L15 1HN,1.1
L15 1HP,1.1
L15 1HP,1.1
L15 1HP,1.1
L15 1HP,1.1
L15 1HQ,1.1
L15 1HR,1.1
L15 1HR,1.1
L15 1HR,1.1
L15 1HR,1.1
L15 1HS,1.1
L15 1HT,1.1
L15 1HU,1.1
L15 1HW,1.1
L15 1HX,1.1
L15 2HA,1.1
L15 2HB,1.1
L15 2HD,1.1
L15 2HE,1.1
L15 2HF,1.1
L15 2HG,1.1
L15 2HH,1.1
L15 2HJ,1.1
L15 2HL,1.1
L15 2HN,1.1
L15 2HP,1.1
L15 2HQ,1.1
L15 2HR,1.1
L15 2HS,1.1
L15 2HT,1.1
L15 2HU,1.1
L15 2HW,1.1
L15 2HX,1.1
L15 2HX,1.1
L15 2HX,1.1
L15 2HX,1.1
L15 2HY,1.1
L15 2HY,1.1
L15 2HY,1.1
L15 2HY,1.1
L15 2HZ,1.1
L15 2HZ,1.1
L15 2HZ,1.1
L15 2HZ,1.1
L15 2JA,1.1
L15 2JA,1.1
L15 2JA,1.1
L15 2JA,1.1
L15 2JB,1.1
L15 2JB,1.1
L15 2JB,1.1
L15 2JB,1.1
L15 2JD,1.1
L15 2JD,1.1
L15 2JD,1.1
L15 2JD,1.1
L15 2JE,1.1
L15 2JE,1.1
L15 2JE,1.1
L15 2JE,1.1
L15 2JJ,1.1
L15 2JJ,1.1
L15 2JJ,1.1
L15 2JJ,1.1
L15 2JZ,1.1
L15 2JZ,1.1
L15 2JZ,1.1
L15 2JZ,1.1
L15 2LA,1.1
L15 2LA,1.1
L15 2LA,1.1
L15 2LA,1.1
L15 2LQ,1.1
L15 3AH,1.1
L15 3HA,1.1
L15 3HE,1.1
L14 4AF,1.2
L14 4AG,1.2
L14 4AH,1.1
L14 4AN,1.2
L14 4AP,1.2
L14 4AQ,1.2
L14 4AR,1.2
L14 4AS,1.2
L14 4AT,1.1
L14 4AU,1.2
L14 4AW,1.2
L14 4AX,1.2
L14 4AY,1.2
L14 4BB,1.2
L14 4BD,1.1
L14 4BE,1.2
L14 4BG,1.2
L14 4BH,1.2
L14 4BJ,1.2
L14 4BL,1.2
L14 4BN,1.2
L14 4BP,1.2
L14 4BQ,1.2
L14 4BR,1.2
L14 4BW,1.2
L14 4DG,1.2
L14 4DL,1.1
L14 4DQ,1.2
L14 4ED,1.2
L14 4EE,1.1
L14 5NA,0.1
L14 5ND,0.1
L14 5NG,0.1
L14 5NJ,0.1
L14 5NL,0.1
L14 5NN,1.1
L14 5NP,1.1
L14 5NR,1.1
L14 5NS,1.1
L14 5NT,1.1
L14 5NU,3.2
L14 5NW,1.1
L14 5NX,1.1
L14 5NY,1.1
L14 5NZ,3.2
L14 5PA,3.2
L14 5PB,1.1
L14 5PD,0.1
L14 5PE,0.1
L14 5PF,0.1
L14 5PG,1.1
L14 5PH,1.1
L14 5PJ,1.1
L14 5PL,1.1
L14 5PP,1.1
L14 5PQ,1.1
L14 5PR,1.1
L14 5PS,1.1
L14 5PT,1.1
L14 6TA,0.1
L14 6TB,0.1
L14 6TD,0.1
L14 6TE,0.1
L14 6TF,0.1
L14 6TG,0.1
L14 6TH,0.1
L14 6TJ,0.1
L14 6TL,0.1
L14 6TN,0.1
L14 6TP,0.1
L14 6TQ,0.1
L14 6TR,0.1
L14 6TS,0.1
L14 6TT,3.2
L14 6TU,3.2
L14 6TW,0.1
L14 6TX,3.2
L14 6TY,3.2
L14 6UA,0.1
L14 6UB,0.1
L14 6UD,0.1
L14 6UE,0.1
L14 6UF,0.1
L14 6UG,0.1
L14 6UH,0.1
L14 6UJ,0.1
L14 6UL,0.1
L14 6UN,0.1
L14 6UP,0.1
L14 6UQ,0.1
L14 6UR,0.1
L14 6US,0.1
L14 6UT,0.1
L14 6UU,0.1
L14 6UW,0.1
L14 6UX,0.1
L14 6UY,0.1
L14 6UZ,0.1
L13 9BB,1.2
L13 9BD,1.2
L13 9BE,1.2
L13 9BG,1.1
L13 9BH,1.2
L13 9BJ,1.2
L13 9BL,1.2
L13 9BN,1.2
L13 9BP,1.2
L13 9BQ,1.2
L13 9BR,1.2
L13 9BS,1.2
L13 9BT,1.2
L13 9BU,1.2
L13 9BX,1.2
L13 9BY,1.2
L13 9BZ,1.2
L13 9DA,1.2
L13 9DB,1.2
L13 9DD,1.2
L13 9DE,1.2
L14 6XA,0.1
L14 6XB,0.1
L14 7GA,1.1
L14 7LN,1.1
L14 7NA,1.1
L14 7NB,1.1
L14 7ND,1.1
L14 7NG,1.1
L14 7NH,1.1
L14 7NJ,0.1
L14 7NL,0.1
L14 7NN,0.1
L14 7NP,0.1
L14 7NQ,1.1
L14 7NR,0.1
L14 7NS,0.1
L14 7NT,0.1
L14 7NU,0.1
L14 7NW,0.1
L14 7NX,1.1
L14 7NY,0.1
L14 7NZ,0.1
L14 7PA,0.1
L14 7PB,0.1
L14 7PD,0.1
L14 7PE,1.1
L14 7PF,1.1
L14 7PG,1.1
L14 7PH,1.1
L14 7PJ,1.1
L14 7PL,1.1
L14 7PN,1.1
L14 7PP,1.1
L14 7PQ,1.1
L14 7PR,1.1
L14 7PS,1.1
L14 7PT,0.1
L14 7PU,0.1
L14 7PW,1.1
L14 7PX,0.1
L14 7PY,0.1
L14 7PZ,0.1
L14 7QA,1.1
L14 7QB,1.1
L14 7QD,0.1
L14 7QE,0.1
L14 7QF,0.1
L14 7QG,0.1
L14 7QH,0.1
L14 7QJ,1.1
L14 7QL,1.1
L14 7QQ,0.1
L14 7QS,1.1
L14 7QW,0.1
L14 8UA,1.1
L14 8UB,1.1
L14 8UD,1.1
L14 8UE,1.1
L14 8UH,1.1
L14 8UL,1.1
L14 8UR,1.1
L14 8UW,1.1
L14 8UX,1.1
L14 8UY,1.1
L14 8UZ,1.1
L14 8WY,1.1
L14 8XA,1.1
L14 8XB,1.1
L14 8XD,1.1
L14 8XE,1.1
L13 9DF,1.2
L13 9DG,1.2
L13 9DH,1.2
L13 9DJ,1.2
L13 9DL,1.1
L13 9DN,1.2
L13 9DP,1.2
L13 9DR,1.2
L13 9DY,1.2
L14 0BA,1.1
L14 0HZ,1.2
L14 0JA,0.1
L14 0JB,0.1
L14 0JD,1.2
L14 0JE,1.2
L14 0JF,1.2
L14 0JG,1.1
L14 0JH,0.1
L14 0JJ,1.2
L14 0JL,3.2
L14 0JN,1.2
L14 0JP,1.2
L14 0JQ,0.1
L14 0JR,1.2
L14 0JS,1.2
L14 0JT,1.2
L14 0JU,0.1
L14 0JW,1.2
L14 0JX,0.1
L14 0JY,0.1
L14 0JZ,0.1
L14 0LA,0.1
L14 0LB,1.1
L14 0LD,1.1
L14 0LE,1.2
L14 0LF,1.1
L14 0LG,1.2
L14 0LH,1.1
L14 0LJ,1.2
L14 0LL,1.2
L14 0LN,1.1
L14 0LP,1.1
L14 0LQ,1.2
L14 0LR,1.2
L14 0LS,1.2
L14 0LU,1.2
L14 0LW,1.2
L14 0LX,1.1
L14 0LY,1.1
L14 0LZ,1.1
L14 0NA,1.1
L14 0NB,1.1
L14 0ND,1.1
L14 0NE,1.1
L14 0NF,1.1
L14 0NG,1.1
L14 0NH,1.1
L14 0NJ,1.1
L14 0NL,1.1
L14 0NN,1.1
L14 0NP,1.1
L14 0NQ,1.2
L14 0NR,1.2
L14 0NS,1.1
L14 0NT,1.1
L14 0NU,1.1
L14 0NW,1.1
L14 0NX,1.1
L14 0NY,1.1
L14 0NZ,1.1
L14 0PD,1.1
L14 0PE,1.1
L14 0PF,1.1
L14 0PG,1.1
L14 0PH,1.1
L14 0PJ,1.1
L14 0PL,1.1
L14 0PN,0.1
L14 0PQ,1.1
L14 0PX,3.2
L14 1PA,1.1
L14 1PB,1.1
L14 1PD,1.1
L14 1PE,1.1
L14 1PF,1.1
L14 1PG,1.1
L14 1PH,1.1
L14 1PJ,1.1
L14 1PL,1.1
L14 1PN,1.1
L14 1PP,1.1
L14 1PQ,1.1
L14 1PR,1.1
L14 1PS,1.1
L14 1PT,1.1
L14 1PU,1.1
L14 1PW,1.1
L14 1PX,1.1
L14 1PY,1.1
L14 1PZ,1.1
L13 6QP,1.1
L13 6QQ,1.1
L13 6QR,1.1
L13 6QS,1.1
L13 6QT,1.1
L13 6QU,1.1
L13 6QW,0.1
L13 6QX,1.1
L13 6QY,1.1
L13 6QZ,1.1
L13 6RA,1.1
L13 6RB,1.1
L13 6RD,1.1
L13 6RE,1.1
L13 6RF,1.1
L13 6RH,1.1
L13 6RJ,1.1
L13 6RL,1.1
L13 6RN,1.1
L13 6RP,0.1
L13 6RQ,1.1
L13 6RR,0.1
L13 6RS,0.1
L13 6RT,0.1
L13 6RU,0.1
L13 6RW,0.1
L13 6RX,1.1
L13 6RY,0.1
L14 1QA,1.1
L14 1QB,1.1
L14 1QD,1.1
L14 1QE,1.1
L14 1QF,1.1
L14 1QG,1.1
L14 1QH,1.1
L14 1QJ,1.1
L14 1QL,1.1
L14 1QN,1.1
L14 1QQ,1.1
L14 2BA,1.1
L14 2DA,0.1
L14 2DB,0.1
L14 2DD,1.1
L14 2DE,0.1
L14 2DF,1.1
L14 2DG,1.2
L14 2DH,1.1
L14 2DJ,1.1
L14 2DL,1.1
L14 2DN,1.1
L14 2DP,1.1
L14 2DQ,1.2
L14 2DR,1.2
L14 2DS,1.1
L14 2DT,1.1
L14 2DU,1.1
L14 2DW,1.1
L14 2DX,1.1
L14 2DY,1.1
L14 2DZ,1.1
L14 2ED,1.1
L14 2EE,1.1
L14 2EF,1.1
L14 2EG,1.1
L14 2EH,1.1
L14 2EJ,3.1
L14 2EL,1.1
L14 2EN,1.1
L14 2EP,0.1
L14 2EQ,1.1
L14 2ER,1.2
L14 2EW,1.2
L14 2EY,0.1
L14 2HA,3.1
L14 2HB,3.1
L14 3LA,3.2
L14 3LB,1.1
L14 3LD,1.1
L14 3LE,3.2
L14 3LF,1.1
L14 3LG,3.2
L14 3LH,3.2
L14 3LJ,3.2
L14 3LL,1.1
L14 3LN,3.2
L14 3LP,3.2
L14 3LQ,3.2
L14 3LR,3.2
L14 3LS,3.2
L14 3LT,3.2
L14 3LU,3.2
L14 3LW,3.2
L14 3LX,3.2
L14 3LY,3.2
L14 3LZ,3.2
L14 3NA,3.2
L14 3NB,3.2
L14 3ND,3.2
L13 6RZ,1.1
L13 6SA,1.1
L13 6SB,1.1
L13 6SD,1.1
L13 6SE,1.1
L13 6SF,0.1
L13 6SG,0.1
L13 6SH,1.1
L13 6SJ,1.1
L13 6SQ,1.1
L13 6TA,1.1
L13 7BA,1.1
L13 7BB,1.1
L13 7BE,1.1
L13 7BG,1.1
L13 7BH,1.1
L13 7BJ,1.1
L13 7BL,1.1
L13 7BN,1.1
L13 7BP,1.1
L13 7BR,1.1
L13 7BS,1.1
L13 7BT,1.1
L13 7BU,1.1
L13 7BW,1.1
L13 7BX,1.1
L13 7BY,1.1
L13 7BZ,1.1
L13 7DA,1.1
L13 7DD,1.1
L13 7DE,1.1
L13 7DF,1.1
L13 7DG,1.1
L13 7DH,1.1
L13 7DJ,0.1
L13 7DL,0.1
L13 7DN,0.1
L13 7DP,1.1
L13 7DQ,1.1
L13 7DR,0.1
L13 7DS,0.1
L13 7DT,1.1
L13 7DY,1.1
L13 7EA,1.1
L13 7EB,1.1
L13 7ED,1.1
L13 7EE,1.1
L13 7EF,0.1
L13 7EG,1.1
L13 7EH,1.1
L13 7EJ,1.1
L13 7EL,1.1
L13 7EN,1.1
L13 7EP,1.1
L13 7EQ,1.1
L13 7ER,1.1
L13 7ES,1.1
L13 7ET,1.1
L13 7EW,1.1
L13 7EX,1.1
L13 7EY,1.1
L13 7EZ,1.1
L13 7FB,0.1
L13 7FG,1.1
L13 7GA,1.1
L13 7GB,1.1
L13 7GD,1.1
L13 7HA,1.1
L13 7HB,1.1
L13 7HD,1.1
L13 7HE,1.1
L13 7HF,1.1
L13 7HG,1.1
L13 7HH,1.1
L13 7HJ,1.1
L13 7HN,1.1
L13 7HQ,1.1
L13 7HS,1.1
L13 7HU,1.1
L13 7HW,1.1
L13 7HX,1.1
L13 7HY,1.1
L13 7HZ,1.1
L13 8AA,1.1
L13 8AD,1.1
L13 8AE,1.1
L13 8AG,1.1
L13 8AJ,1.1
L13 8AL,1.1
L13 8AP,1.1
L13 8AR,1.2
L13 8AS,1.1
L13 8AT,1.1
L13 8AU,1.1
L13 3AS,1.1
L13 3AT,1.1
L13 3AU,1.1
L13 3AX,1.1
L13 3AY,1.1
L13 3AZ,1.1
L13 3BA,1.1
L13 3BB,1.1
L13 3BD,1.1
L13 3BE,1.1
L13 3BG,1.1
L13 3BJ,1.1
L13 3BL,1.1
L13 3BN,1.1
L13 3BP,1.1
L13 3BQ,1.1
L13 3BR,1.1
L13 3BS,1.1
L13 3BT,1.1
L13 3BU,1.1
L13 3BZ,1.1
L13 3DA,1.1
L13 3DB,1.1
L13 3DE,1.1
L13 3DG,1.1
L13 3DH,1.1
L13 3DJ,1.1
L13 3DL,1.1
L13 3DN,1.1
L13 3DP,1.1
L13 3DR,1.1
L13 3DS,1.1
L13 3DT,1.1
L13 3DU,1.1
L13 8AW,1.1
L13 8AX,1.1
L13 8AY,1.1
L13 8AZ,1.1
L13 8BA,1.1
L13 8BB,1.2
L13 8BD,1.1
L13 8BG,1.1
L13 8BJ,1.1
L13 8BL,1.1
L13 8BN,1.1
L13 8BP,1.1
L13 8BQ,1.1
L13 8BR,1.1
L13 8BS,1.1
L13 8BT,1.1
L13 8BU,1.2
L13 8BW,1.1
L13 8BX,1.2
L13 8BY,1.2
L13 8DA,1.2
L13 8DB,1.2
L13 8DD,1.2
L13 8DE,1.2
L13 8DF,1.2
L13 8DG,1.2
L13 8DH,1.2
L13 8DJ,1.2
L13 8DL,1.2
L13 8DN,1.2
L13 8DP,1.2
L13 8DR,1.2
L13 8DS,1.2
L13 8DT,1.2
L13 8DU,1.2
L13 8DW,1.2
L13 8DX,1.2
L13 8DY,1.2
L13 8DZ,1.2
L13 8EA,1.2
L13 8ED,1.2
L13 8EF,1.1
L13 8EN,1.1
L13 9AA,1.1
L13 9AB,1.1
L13 9AD,1.2
L13 9AE,1.1
L13 9AF,1.1
L13 9AG,1.1
L13 9AH,1.2
L13 9AJ,1.2
L13 9AL,1.2
L13 9AN,1.2
L13 9AP,1.2
L13 9AQ,1.2
L13 9AR,1.2
L13 9AS,1.2
L13 9AT,1.2
L13 9AU,1.2
L13 9AW,1.2
L13 9AX,1.2
L13 9AY,1.2
L13 9AZ,1.2
L13 9BA,1.2
L13 3DW,1.1
L13 3DX,1.1
L13 3DY,1.1
L13 3DZ,1.1
L13 3EA,1.1
L13 3EB,1.1
L13 3ED,1.1
L13 3EE,1.1
L13 3EF,1.1
L13 3EG,1.1
L13 3EH,1.1
L13 3EL,1.1
L13 3EQ,1.1
L13 3EW,1.1
L13 3HS,1.1
L13 3HT,1.1
L13 4AA,1.1
L13 4AB,0.1
L13 4AD,0.1
L13 4AE,1.2
L13 4AF,3.2
L13 4AH,1.1
L13 4AP,1.2
L13 4AR,1.2
L13 4AS,1.2
L13 4AU,1.2
L13 4AW,1.1
L13 4AX,1.2
L13 4AY,1.2
L13 4AZ,1.2
L13 4BA,1.2
L13 4BB,1.2
L13 4BD,1.2
L13 4BE,1.2
L13 4BG,3.2
L13 4BH,3.2
L13 4BJ,0.1
L13 4BL,0.1
L13 4BN,0.1
L13 4BP,0.1
L13 4BQ,3.2
L13 4BR,3.2
L13 4BS,3.2
L13 4BT,3.2
L13 4BW,0.1
L13 4BX,1.1
L13 4BY,1.1
L13 4BZ,1.1
L13 4DA,0.1
L13 4DB,0.1
L13 4DD,0.1
L13 4DE,0.1
L13 4DF,0.1
L13 4DH,0.1
L13 4DJ,1.1
L13 4DN,1.1
L13 4DP,1.1
L13 4DQ,0.1
L13 4DR,1.1
L13 4DU,0.1
L13 4DW,1.1
L13 4DX,0.1
L13 4EJ,1.2
L13 5RL,1.1
L13 5RN,1.1
L13 5RR,0.1
L13 5SA,1.1
L13 5SB,1.1
L13 5SD,1.1
L13 5SE,0.1
L13 5SF,0.1
L13 5SG,1.1
L13 5SH,0.1
L13 5SL,1.1
L13 5SN,1.1
L13 5SP,1.1
L13 5SR,1.1
L13 5SS,1.1
L13 5ST,1.1
L13 5SU,1.1
L13 5SW,1.1
L13 5SX,1.1
L13 5SY,1.1
L13 5TA,1.1
L13 5TB,1.1
L13 5TE,1.1
L13 5TF,1.1
L13 5TJ,1.1
L13 5TL,1.1
L13 5TP,1.1
L13 5TR,1.1
L13 5TS,1.1
L13 5TT,1.1
L13 5TU,1.1
L12 9LJ,1.2
L12 9LL,1.2
L12 9LN,1.2
L12 9LP,1.2
L12 9LQ,1.2
L12 9LR,1.2
L12 9LS,3.2
L12 9LT,3.2
L12 9LU,1.2
L12 9LW,1.2
L12 9LX,1.2
L12 9LY,1.2
L12 9LZ,1.2
L12 9NA,1.2
L12 9NB,1.2
L12 9ND,1.2
L12 9NE,1.2
L12 9NF,1.2
L12 9NW,1.2
L13 0AA,1.2
L13 0AB,1.2
L13 0AD,1.1
L13 0AF,0.1
L13 0AG,0.1
L13 0AH,1.2
L13 0AJ,1.2
L13 0AL,1.2
L13 0AP,0.1
L13 0AQ,0.1
L13 0AR,0.1
L13 0AS,1.1
L13 0AT,0.1
L13 0AU,0.1
L13 0AW,3.1
L13 0AX,1.2
L13 0AY,1.2
L13 0AZ,3.2
L13 0BA,3.2
L13 5TX,1.1
L13 5TY,0.1
L13 5TZ,1.1
L13 5UA,1.1
L13 5UB,1.1
L13 5UD,1.1
L13 5UE,1.1
L13 5UF,1.1
L13 5UG,1.1
L13 5UH,1.1
L13 5UJ,1.1
L13 5UL,1.1
L13 5UN,1.1
L13 5UP,1.1
L13 5UQ,1.1
L13 5UR,1.1
L13 5UU,1.1
L13 5UW,1.1
L13 5UX,1.1
L13 5XA,1.1
L13 5XD,1.1
L13 5XE,1.1
L13 5XF,1.1
L13 5XG,1.1
L13 5XH,1.1
L13 5XJ,1.1
L13 5XL,1.1
L13 5XN,1.1
L13 5XP,1.1
L13 5XR,1.1
L13 5XS,1.1
L13 5XT,1.1
L13 5XU,1.1
L13 5XW,1.1
L13 5XX,1.1
L13 5XY,1.1
L13 5XZ,1.1
L13 5YA,1.1
L13 5YB,1.1
L13 5YD,1.1
L13 5YE,1.1
L13 5YF,1.1
L13 5YG,1.1
L13 5YH,0.1
L13 5YJ,1.1
L13 5YQ,1.1
L13 5YS,1.1
L13 5YZ,0.1
L13 6QA,1.1
L13 6QD,1.1
L13 6QE,1.1
L13 6QF,1.1
L13 6QH,1.1
L13 6QJ,1.1
L13 6QL,1.1
L13 6QN,0.1
L13 0BB,3.2
L13 0BD,1.1
L13 0BG,1.1
L13 0BH,1.1
L13 0BJ,1.1
L13 0BL,1.1
L13 0BN,1.1
L13 0BP,1.1
L13 0BQ,1.1
L13 0BR,1.1
L13 0BT,1.1
L13 0BU,1.1
L13 0BX,1.1
L13 0BY,1.1
L13 0BZ,1.1
L13 0DA,1.1
L13 0DB,1.1
L13 0DD,1.1
L13 0DE,1.1
L13 0DF,0.1
L13 0DJ,1.1
L13 0DL,1.1
L13 0DQ,0.1
L13 1AA,1.1
L13 1AD,1.1
L13 1AJ,1.1
L13 1AP,1.1
L13 1BA,1.1
L13 1BB,1.1
L13 1BE,1.1
L13 1BN,1.1
L13 1BP,1.1
L13 1BR,1.1
L13 1BS,1.1
L13 1BW,1.1
L13 1DA,1.1
L13 1DB,1.1
L13 1DD,1.1
L13 1DF,1.1
L13 1DG,1.1
L13 1DH,1.1
L13 1DJ,1.1
L13 1DL,1.1
L13 1DN,1.1
L13 1DP,1.1
L13 1DQ,1.1
L13 1DR,1.1
L13 1DS,1.1
L13 1DT,1.1
L13 1DU,1.1
L13 1DW,1.1
L13 1EB,1.1
L13 1ED,1.1
L13 1EH,1.1
L13 1EJ,1.1
L13 1EN,1.1
L13 1EQ,1.1
L13 1EZ,1.1
L13 1FB,1.1
L13 1HD,1.1
L13 1HE,1.1
L13 1HN,1.1
L13 1HW,1.1
L13 2AA,1.1
L13 2AB,1.1
L13 2AD,1.1
L13 2AE,1.1
L13 2AG,1.1
L13 2AH,1.1
L13 2AJ,1.1
L13 2AL,1.1
L13 2AN,1.1
L13 2AP,1.1
L13 2AQ,1.1
L13 2AR,1.1
L13 2AS,1.1
L12 6QP,1.1
L12 6QQ,1.1
L12 6QR,1.1
L12 6QS,1.1
L12 6QT,1.1
L12 6QU,1.1
L12 6QW,1.2
L12 6QX,1.1
L12 6QY,1.1
L12 6QZ,1.1
L12 6RA,1.1
L12 6RB,1.1
L12 6RD,1.1
L12 6RE,1.1
L12 6RF,1.1
L12 6RG,1.1
L12 6RH,1.1
L12 6RJ,1.1
L12 6RL,1.1
L12 6RN,1.1
L12 6RP,1.1
L12 6RQ,1.1
L12 6RR,1.1
L12 6RS,1.1
L12 6RW,1.1
L12 6RY,1.1
L12 7HA,1.1
L12 7HB,1.1
L12 7HD,1.1
L12 7HE,3.2
L12 7HF,1.1
L12 7HG,1.1
L12 7HH,1.1
L12 7HJ,1.1
L12 7HL,1.1
L12 7HN,1.1
L12 7HP,3.2
L12 7HQ,3.1
L12 7HR,3.2
L12 7HS,3.2
L12 7HT,3.2
L12 7HU,3.2
L12 7HW,1.1
L12 7HX,3.1
L12 7HY,3.2
L12 7HZ,3.2
L12 7JA,3.1
L12 7JB,3.1
L13 2AT,1.1
L13 2AU,1.1
L13 2AW,1.1
L13 2AY,1.1
L13 2BA,1.1
L13 2BD,1.1
L13 2BE,1.1
L13 2BG,1.1
L13 2BH,1.1
L13 2BJ,1.1
L13 2BL,1.1
L13 2BN,1.1
L13 2BP,1.1
L13 2BQ,1.1
L13 2BR,1.1
L13 2BS,1.1
L13 2BT,1.1
L13 2BU,1.1
L13 2BW,1.1
L13 2BX,1.1
L13 2BY,1.1
L13 2DA,1.1
L13 2DF,1.1
L13 2DJ,1.1
L13 2DN,1.1
L13 2DP,1.1
L13 2DR,1.1
L13 2DS,1.1
L13 2DU,1.1
L13 2DW,1.1
L13 2DX,1.1
L13 2DY,1.1
L13 2EL,1.1
L13 2EY,1.1
L13 2GA,1.1
L13 2HF,1.1
L13 2HQ,1.1
L13 3AD,1.1
L13 3AE,1.1
L13 3AL,1.1
L13 3AN,1.1
L13 3AP,1.1
L12 7JD,3.1
L12 7JF,3.1
L12 7JG,3.1
L12 7JH,3.1
L12 7JJ,3.2
L12 7JL,3.1
L12 7JN,3.1
L12 7JP,3.1
L12 7JQ,3.2
L12 7JR,3.1
L12 7JS,3.1
L12 7JT,3.1
L12 7JU,0.1
L12 7JW,3.1
L12 7JY,3.1
L12 7JZ,3.1
L12 7LA,3.1
L12 7LB,3.2
L12 7LD,3.1
L12 7LG,3.1
L12 7LH,3.1
L12 7LJ,1.1
L12 7LL,1.1
L12 7LQ,0.1
L12 7LR,3.1
L12 7LS,3.1
L12 7LT,3.1
L12 7LW,3.1
L12 7NA,3.1
L12 8QA,3.2
L12 8QB,3.2
L12 8QD,3.2
L12 8QF,3.2
L12 8QG,3.2
L12 8QH,3.2
L12 8QJ,3.2
L12 8QL,3.2
L12 8QN,3.2
L12 8QP,3.2
L12 8QQ,3.2
L12 8QR,3.2
L12 8QS,3.2
L12 8QT,3.2
L12 8QU,3.2
L12 8QW,3.2
L12 8QX,3.2
L12 8QY,3.2
L12 8QZ,3.2
L12 8RA,3.2
L12 8RB,3.2
L12 8RD,3.2
L12 8RE,3.2
L12 8RF,3.2
L12 8RG,3.2
L12 8RH,3.2
L12 8RJ,3.2
L12 8RL,3.2
L12 8RN,0.1
L12 8RP,3.2
L12 8RQ,3.2
L12 8RR,0.1
L12 8RS,0.1
L12 8RT,0.1
L12 8RU,3.2
L12 8RW,0.1
L12 8RX,3.2
L12 8RY,3.2
L12 8RZ,3.2
L12 8SA,3.2
L12 8SJ,3.2
L12 8SL,3.2
L12 8SN,3.2
L12 8SP,3.2
L12 8SR,3.2
L12 8SU,3.2
L12 8SW,3.2
L12 8SY,0.1
L12 8TH,3.2
L12 8TQ,3.2
L12 9EA,3.2
L12 9EB,3.2
L12 9ED,3.2
L12 9EE,3.2
L12 9EF,3.2
L12 9EG,3.2
L12 9EH,3.2
L12 9EJ,3.2
L12 9EL,3.2
L12 9EN,0.1
L12 9EP,3.2
L12 9EQ,3.2
L12 9ER,3.2
L12 9ES,0.1
L12 9ET,3.2
L12 9EU,3.2
L12 9EW,0.1
L12 9EX,3.2
L12 1LU,3.2
L12 1LW,3.2
L12 1LX,3.2
L12 1LY,3.2
L12 1NA,0.1
L12 1NB,0.1
L12 1ND,0.1
L12 1NE,0.1
L12 1NF,0.1
L12 1NH,0.1
L12 1WA,3.2
L12 2AA,3.2
L12 2AD,0.1
L12 2AE,0.1
L12 2AF,0.1
L12 2AG,3.2
L12 2AH,0.1
L12 2AJ,0.1
L12 2AL,3.2
L12 2AN,0.1
L12 2AP,1.1
L12 2AQ,3.2
L12 2AR,0.1
L12 2AS,0.1
L12 2AT,0.1
L12 2AU,0.1
L12 2AX,0.1
L12 2AY,1.1
L12 2AZ,1.1
L12 2BA,0.1
L12 2BB,3.2
L12 2BD,0.1
L12 2BJ,0.1
L12 2BL,0.1
L12 3HA,0.1
L12 3HB,0.1
L12 3HD,0.1
L12 3HE,0.1
L12 3HF,0.1
L12 3HG,0.1
L12 3HH,0.1
L12 3HJ,0.1
L12 3HL,0.1
L12 3HN,0.1
L12 3HP,0.1
L12 3HQ,0.1
L12 3HR,0.1
L12 3HS,0.1
L12 3HT,0.1
L12 3HU,0.1
L12 3HW,0.1
L12 4BA,0.1
L12 9EY,3.2
L12 9EZ,3.2
L12 9GY,3.2
L12 9HA,3.2
L12 9HB,3.2
L12 9HD,3.2
L12 9HE,3.2
L12 9HF,3.2
L12 9HG,3.2
L12 9HH,1.2
L12 9HJ,1.2
L12 9HL,1.2
L12 9HN,1.2
L12 9HP,3.2
L12 9HQ,1.2
L12 9HR,3.2
L12 9HS,3.2
L12 9HU,3.2
L12 9HW,1.2
L12 9HX,3.2
L12 9HY,0.1
L12 9HZ,0.1
L12 9JA,3.2
L12 9JB,3.2
L12 9JD,3.2
L12 9JE,3.2
L12 9JF,3.2
L12 9JG,3.2
L12 9JH,3.2
L12 9JJ,3.2
L12 9JL,3.2
L12 9JN,3.2
L12 9JQ,1.2
L12 9JR,1.2
L12 9JS,1.2
L12 9JT,1.2
L12 9JU,1.2
L12 9JX,3.2
L12 9JY,1.2
L12 9JZ,1.2
L12 9LA,1.2
L12 9LB,1.2
L12 9LD,1.2
L12 9LE,1.2
L12 4BB,1.1
L12 4BD,0.1
L12 4BE,1.1
L12 4BF,0.1
L12 4DA,3.2
L12 4DB,3.2
L12 4DD,3.2
L12 4UZ,1.1
L12 4WT,1.1
L12 4WU,1.1
L12 4WX,1.2
L12 4XA,0.1
L12 4XB,0.1
L12 4XD,0.1
L12 4XE,1.1
L12 4XF,1.1
L12 4XG,1.1
L12 4XH,0.1
L12 4XJ,1.1
L12 4XL,0.1
L12 4XN,0.1
L12 4XR,1.1
L12 4XS,0.1
L12 4XT,0.1
L12 4XU,1.1
L12 4XW,0.1
L12 4XX,1.1
L12 4XY,1.1
L12 4XZ,1.1
L12 4YA,1.1
L12 4YB,1.1
L12 4YD,0.1
L12 4YE,0.1
L12 4YF,1.1
L12 4YG,1.1
L12 4YJ,1.1
L12 4YL,1.1
L12 4YN,3.2
L12 4YP,1.1
L12 4YQ,3.2
L12 4YR,1.1
L12 4YS,1.1
L12 4YT,1.1
L12 4YU,3.2
L12 4YW,1.1
L12 4YX,0.1
L12 4YZ,1.1
L12 4ZA,1.1
L12 4ZB,3.2
L12 4ZD,3.2
L12 4ZE,1.1
L12 4ZF,1.1
L12 4ZG,1.1
L12 4ZL,1.1
L12 4ZN,1.2
L12 5EA,3.2
L12 5EB,3.2
L12 5EE,3.2
L12 5EF,3.2
L12 5EG,3.2
L12 5EH,3.2
L12 5EJ,3.2
L12 5EL,3.2
L12 5EN,3.2
L12 5EP,3.2
L12 5EQ,3.2
L12 5ER,3.2
L12 5ES,3.2
L12 5ET,3.2
L12 5EU,3.2
L12 5EW,3.2
L12 5EX,3.2
L12 5EY,3.2
L12 5EZ,3.2
L12 5FB,3.3
L12 5HA,3.2
L12 5HB,3.1
L12 5HD,3.2
L12 5HE,3.2
L12 5HF,3.2
L12 5HG,3.2
L12 5HH,3.1
L12 5HJ,3.1
L12 5HP,3.1
L12 5HQ,3.2
L12 5HR,3.2
L12 5HS,3.2
L12 5HT,3.2
L12 5HU,3.2
L12 5HW,0.1
L12 5HX,3.2
L12 5HY,3.2
L12 5HZ,3.2
L12 5JA,3.2
L12 5JB,3.2
L12 5JD,3.2
L12 5JE,3.2
L12 5JF,3.2
L12 5JG,3.2
L12 5JH,3.2
L11 9DE,1.2
L11 9DF,1.2
L11 9DG,1.2
L11 9DH,1.2
L11 9DJ,1.2
L11 9DP,1.2
L11 9DQ,1.2
L11 9DR,1.2
L11 9DT,1.2
L11 9EA,1.2
L11 9EB,1.2
L11 9YJ,1.2
L12 0AA,1.1
L12 0AB,1.1
L12 0AD,1.1
L12 0AE,1.1
L12 0AF,1.1
L12 0AG,0.1
L12 0AJ,0.1
L12 0AL,0.1
L12 0AP,1.2
L12 0AR,1.2
L12 0AT,1.2
L12 0AU,1.2
L12 0AW,1.2
L12 0AX,1.2
L12 0AY,1.2
L12 0AZ,1.2
L12 0BA,1.1
L12 0BB,3.2
L12 0BD,3.2
L12 0BE,3.2
L12 0BG,3.2
L12 0BH,3.3
L12 0BJ,3.3
L12 0BL,3.3
L12 0BP,3.3
L12 0BQ,3.2
L12 0BR,3.2
L12 0BS,3.2
L12 0BW,3.3
L12 0DF,3.2
L12 0HA,0.1
L12 0HB,0.1
L12 0HD,1.1
L12 0HE,3.3
L12 0HF,3.3
L12 0HG,3.3
L12 0HH,3.3
L12 0HJ,3.3
L12 0HL,3.3
L12 0HN,3.3
L12 0HP,3.3
L12 0HQ,3.3
L12 0HR,0.1
L12 0HS,3.3
L12 0HT,3.3
L12 0HU,3.3
L12 0HW,3.3
L12 0HX,0.1
L12 0HY,1.1
L12 0HZ,1.1
L12 5JJ,3.2
L12 5JL,3.2
L12 5JN,3.2
L12 5JP,3.3
L12 5JQ,3.2
L12 5JR,3.3
L12 5JS,3.3
L12 5JT,3.3
L12 5JU,3.3
L12 5JW,3.2
L12 5JX,3.3
L12 5JY,3.3
L12 5JZ,3.3
L12 5LB,3.2
L12 5LD,3.2
L12 5LE,3.2
L12 5LS,0.1
L12 5LT,3.2
L12 5LX,3.1
L12 5LZ,3.3
L12 5NA,3.3
L12 5NE,3.3
L12 5NH,3.3
L12 5WZ,3.2
L12 6QA,1.1
L12 6QB,1.2
L12 6QD,1.2
L12 6QE,1.1
L12 6QF,1.1
L12 6QG,1.1
L12 6QH,1.2
L12 6QJ,1.2
L12 6QL,1.1
L12 6QN,1.1
L12 0JB,3.2
L12 0JD,3.2
L12 0JE,3.2
L12 0JF,3.2
L12 0JG,3.2
L12 0JH,3.2
L12 0JJ,3.2
L12 0JL,3.2
L12 0JN,3.2
L12 0JP,1.2
L12 0JQ,3.2
L12 0JR,1.2
L12 0JS,1.2
L12 0JT,3.2
L12 0JU,3.2
L12 0JW,3.2
L12 0JX,3.2
L12 0JY,3.2
L12 0JZ,3.2
L12 0LA,3.2
L12 0LB,3.2
L12 0LD,3.2
L12 0LE,3.2
L12 0LF,1.2
L12 0LG,1.2
L12 0LH,3.2
L12 0LJ,3.2
L12 0LL,3.2
L12 0LN,3.2
L12 0LP,3.3
L12 0LQ,1.2
L12 0LR,0.1
L12 0LS,0.1
L12 0LT,0.1
L12 0LU,3.2
L12 0LW,3.2
L12 0LX,3.2
L12 0LY,3.2
L12 0NA,3.2
L12 0NB,3.2
L12 0ND,1.2
L12 0NF,3.2
L12 0NG,3.2
L12 0NH,3.2
L12 0NJ,3.2
L12 0NL,3.2
L12 0NN,3.2
L12 0NP,3.3
L12 0NR,3.3
L12 0NS,3.2
L12 0NT,3.2
L12 0NU,0.1
L12 0NW,3.2
L12 0NX,0.1
L12 0NY,0.1
L12 0NZ,0.1
L12 0PA,3.3
L12 0PB,3.3
L12 0PD,3.2
L12 0PE,3.3
L12 0PF,3.2
L12 0PG,3.2
L12 0PH,3.3
L12 0PL,3.3
L12 0PN,3.3
L12 0PP,3.2
L12 0PQ,3.2
L12 0PR,3.2
L12 0PS,3.3
L12 0PT,3.2
L12 0PW,0.1
L12 0PX,3.3
L12 0PY,3.3
L12 0PZ,3.3
L12 0QA,3.3
L12 0QB,3.3
L12 0QD,3.3
L12 0QE,3.3
L12 0QF,3.3
L12 0QG,3.3
L12 0QH,3.3
L12 0QJ,3.3
L12 0QL,3.3
L12 0QN,3.3
L12 0QP,3.3
L12 0QQ,3.3
L12 0QR,3.3
L12 0QS,3.3
L12 0QU,3.3
L12 0QW,3.3
L12 0QY,3.3
L12 0RJ,3.2
L12 0RL,3.2
L12 0RN,3.2
L12 0RP,3.2
L12 0RQ,3.2
L12 0RR,1.2
L12 0RS,3.2
L12 0RT,3.2
L11 4TS,1.2
L11 4TT,1.2
L11 4TW,1.2
L11 4TY,1.2
L11 4TZ,1.2
L11 4UA,1.2
L11 4UB,1.2
L11 4UD,1.2
L11 4UG,1.2
L11 4UH,3.2
L11 4UJ,1.2
L11 4UL,3.2
L11 4UN,3.2
L11 4UP,1.2
L11 4UQ,3.2
L11 4UR,1.2
L11 4US,1.2
L11 4UW,3.2
L11 5AA,1.1
L11 5AB,1.1
L11 5AD,1.1
L11 5AE,1.2
L11 5AF,1.1
L11 5AH,1.1
L11 5AJ,1.2
L11 5AN,1.1
L11 5AQ,1.1
L11 5AR,1.1
L11 5AS,1.1
L11 5AT,1.1
L11 5AU,1.1
L11 5AW,1.1
L11 5AX,1.1
L11 5AY,1.1
L11 5AZ,1.1
L11 5BA,1.1
L11 5BB,1.1
L11 5BD,1.1
L11 5BE,1.1
L11 5BG,1.1
L11 5BH,1.1
L11 5BJ,1.1
L11 5BL,1.1
L11 5BN,1.1
L11 5BQ,1.1
L11 5BR,1.1
L11 5BS,1.1
L11 6GA,1.2
L11 6LA,1.2
L11 6LB,1.2
L11 6LD,1.2
L11 6LE,1.2
L11 6LF,1.2
L11 6LG,1.2
L11 6LH,1.2
L11 6LJ,1.2
L11 6LL,1.2
L11 6LN,1.2
L11 6LP,1.2
L11 6LQ,1.2
L11 6LR,1.2
L11 6LS,1.2
L11 6LT,1.2
L11 6LU,1.2
L11 6LW,1.2
L11 6LX,1.2
L11 6LY,1.2
L12 0RU,1.2
L12 0RW,3.2
L12 0RX,3.2
L12 0RY,3.2
L12 0RZ,1.2
L12 0SA,3.3
L12 0SB,3.2
L12 0SD,3.2
L12 0SE,3.2
L12 0SF,3.2
L12 0SG,3.2
L12 0SN,3.2
L12 0SQ,3.3
L12 0SX,0.1
L12 1JY,0.1
L12 1LA,3.2
L12 1LB,3.2
L12 1LD,0.1
L12 1LE,0.1
L12 1LF,0.1
L12 1LG,0.1
L12 1LH,0.1
L12 1LJ,0.1
L12 1LL,0.1
L12 1LN,0.1
L12 1LP,0.1
L12 1LQ,0.1
L12 1LR,0.1
L12 1LS,0.1
L12 1LT,3.2
L11 6LZ,1.2
L11 6NA,1.2
L11 6NB,1.2
L11 6ND,1.2
L11 6NE,1.2
L11 6NF,1.2
L11 6NP,1.2
L11 7AA,1.1
L11 7AB,1.1
L11 7AD,1.1
L11 7AE,1.1
L11 7AF,1.1
L11 7AG,1.1
L11 7AH,1.1
L11 7AJ,1.1
L11 7AL,1.1
L11 7AN,1.1
L11 7AP,1.2
L11 7AQ,1.1
L11 7AR,1.1
L11 7AS,1.1
L11 7AT,1.1
L11 7AU,1.1
L11 7AW,1.1
L11 7AX,1.2
L11 7AY,1.2
L11 7AZ,1.2
L11 7BA,1.2
L11 7BB,1.1
L11 7BE,1.1
L11 7BG,1.2
L11 7BH,1.1
L11 7BJ,1.1
L11 7BL,1.1
L11 7BN,1.1
L11 7BP,1.1
L11 7BQ,1.2
L11 7BR,1.1
L11 7BS,1.1
L11 7BT,1.1
L11 7BU,1.1
L11 7BW,1.1
L11 7BX,1.1
L11 7BY,1.1
L11 7BZ,1.1
L11 7DA,1.1
L11 7DB,1.1
L11 7DD,1.1
L11 7DE,1.1
L11 7DF,1.1
L11 7DG,1.1
L11 7DH,1.1
L11 7DJ,1.1
L11 7DL,1.1
L11 7DN,1.1
L11 7DQ,1.1
L11 7DR,1.1
L11 7DS,1.1
L11 7DU,1.1
L11 7DW,1.1
L11 8LA,1.2
L11 8LB,1.2
L11 8LD,1.1
L11 8LE,1.2
L11 8LF,1.2
L11 8LG,1.2
L11 8LH,1.1
L11 8LJ,1.1
L11 8LL,1.1
L11 8LN,1.1
L11 8LP,1.1
L11 8LQ,1.2
L11 8LR,1.1
L11 8LS,1.1
L11 8LT,1.1
L11 8LU,1.1
L11 8LW,1.1
L11 8LX,1.1
L11 8LY,1.1
L11 8LZ,1.1
L11 8NA,1.1
L11 8NB,1.1
L11 8ND,1.1
L11 8NE,1.1
L11 8NF,1.1
L11 8NG,1.2
L11 8NH,1.2
L11 8NJ,1.2
L11 8NL,1.2
L11 8NN,1.2
L11 8NP,1.2
L11 8NQ,1.2
L11 8NR,1.2
L11 8NS,1.2
L11 8NT,1.2
L11 8NU,1.1
L11 8NW,1.2
L11 8NX,1.2
L11 8NZ,1.1
L11 9AA,1.2
L11 1JA,1.1
L11 1JA,1.1
L11 1JG,1.1
L11 1JG,1.1
L11 1WA,3.2
L11 2RY,1.1
L11 2RZ,1.2
L11 2SA,1.2
L11 2SB,1.2
L11 2SD,1.2
L11 2SE,1.2
L11 2SF,1.2
L11 2SH,1.2
L11 2SJ,1.2
L11 2SN,1.2
L11 2SP,1.2
L11 2SQ,1.2
L11 2SR,1.1
L11 2SS,1.1
L11 2ST,1.2
L11 2SW,1.2
L11 2TA,1.2
L11 2TB,1.2
L11 2TD,1.2
L11 2TE,1.2
L11 2TF,1.2
L11 2TG,1.2
L11 2TH,1.2
L11 2TJ,1.2
L11 2TL,1.2
L11 2TN,1.2
L11 2TP,1.2
L11 2TQ,1.2
L11 2TR,1.2
L11 2TS,1.1
L11 2TT,1.1
L11 2TU,1.1
L11 2TW,1.2
L11 2TX,1.1
L11 2TY,1.2
L11 2TZ,1.2
L11 2UA,1.2
L11 2UB,1.2
L11 2UD,1.1
L11 2UE,1.1
L11 2UF,1.2
L11 2UG,1.2
L11 2UH,1.2
L11 2UJ,1.2
L11 2UL,1.2
L11 2UN,1.1
L11 2UP,1.1
L11 2UQ,1.2
L11 2UR,1.2
L11 2UT,1.1
L11 2UU,1.2
L11 2UW,1.2
L11 2UX,1.1
L11 2UY,1.2
L11 2UZ,1.2
L11 2WX,1.1
L11 2WX,1.1
L11 2XE,1.2
L11 2XF,1.2
L11 2XG,1.2
L11 2XP,1.1
L11 2XU,1.1
L11 2XY,1.1
L11 2XZ,1.1
L11 2YA,1.1
L11 2YB,1.1
L11 2YE,1.2
L11 2YF,1.2
L11 2YG,1.1
L11 2YG,1.1
L11 9AB,1.2
L11 9AD,1.2
L11 9AE,1.2
L11 9AF,1.2
L11 9AG,1.2
L11 9AH,1.2
L11 9AJ,1.2
L11 9AL,1.2
L11 9AN,1.2
L11 9AP,1.2
L11 9AQ,1.2
L11 9AS,1.2
L11 9AT,1.2
L11 9AU,1.2
L11 9AW,1.2
L11 9AZ,1.2
L11 9BR,1.2
L11 9BS,1.2
L11 9BT,1.2
L11 9BU,1.2
L11 9BX,1.2
L11 9BY,1.2
L11 9BZ,1.2
L11 2YH,1.1
L11 2YH,1.1
L11 2YJ,1.1
L11 2YQ,1.2
L11 2YX,1.1
L11 3AA,1.2
L11 3AB,1.2
L11 3AD,1.2
L11 3AE,1.2
L11 3AF,1.2
L11 3AG,1.2
L11 3AH,1.2
L11 3AJ,1.2
L11 3AL,1.2
L11 3AN,1.2
L11 3AP,1.2
L11 3AQ,1.2
L11 3AR,1.2
L11 3AS,1.2
L11 3AT,1.2
L11 3AU,1.2
L11 3AX,1.2
L11 3AY,1.2
L11 3AZ,1.2
L11 3BA,1.1
L11 3BB,1.2
L11 3BD,1.2
L11 3BE,1.1
L11 3BG,1.1
L11 3BH,1.1
L11 3BJ,1.1
L11 3BL,1.1
L11 3BN,1.1
L11 3BP,1.1
L11 3BQ,1.1
L11 3BR,1.1
L11 3BS,1.1
L11 3BT,1.1
L11 3BU,1.2
L11 3BW,1.1
L11 3BX,1.1
L11 3BY,1.1
L11 3BZ,1.2
L11 3DA,1.1
L11 3DB,1.2
L11 3DD,1.1
L11 3DE,1.1
L11 3DF,1.2
L11 3DG,1.2
L11 3DH,1.2
L11 3DJ,1.2
L11 3DL,1.1
L11 3DN,1.2
L11 3DP,1.2
L11 3DR,1.2
L11 3DS,1.2
L11 3DT,1.2
L11 3DU,1.2
L11 3DW,1.2
L11 3DX,1.2
L11 3DY,1.2
L11 3DZ,1.2
L11 3EA,1.2
L11 3EB,1.2
L11 3ED,1.2
L11 3EE,1.2
L11 3EF,1.2
L11 3EG,1.2
L11 3EL,1.2
L11 3EN,1.1
L11 3EQ,1.2
L11 4BD,1.2
L11 4BH,1.2
L11 4RA,1.2
L11 4RB,1.2
L11 4RD,1.2
L11 4RG,1.2
L11 4RH,1.2
L11 4RJ,1.2
L11 4RN,1.2
L11 4RP,1.2
L11 4RQ,1.2
L11 4RR,1.2
L11 4RS,1.2
L11 4RT,1.2
L11 4RU,3.2
L11 4RW,1.2
L11 4RX,1.2
L11 4RY,1.2
L11 4RZ,1.2
L11 4SA,1.2
L11 4SB,1.2
L11 4SE,1.2
L11 4SF,1.2
L11 4SG,1.2
L11 4SH,1.2
L11 4SJ,1.2
L11 4SL,1.2
L11 4SQ,1.2
L11 4SR,1.2
L11 4SS,1.2
L10 7NF,1.1
L10 7NG,1.1
L10 7NH,1.1
L10 7NJ,1.1
L10 7NL,1.1
L10 7NN,1.1
L10 7NP,1.1
L10 7NQ,1.1
L10 7NR,1.1
L10 7NS,1.1
L10 7NT,1.1
L10 7NU,1.1
L10 7NW,1.1
L10 8JA,3.2
L10 8JB,3.2
L10 8JD,3.2
L10 8JE,3.2
L10 8JF,3.2
L10 8JG,3.2
L10 8JH,3.2
L10 8JJ,3.2
L10 8JL,3.2
L10 8JN,3.2
L10 8JP,3.2
L10 8JQ,3.2
L10 8JR,3.2
L10 8JS,3.2
L10 8JT,3.2
L10 8JU,3.2
L10 8JW,3.2
L10 8JX,3.2
L10 8JY,3.2
L10 8JZ,3.2
L10 8LA,3.2
L10 8LB,3.2
L10 8LD,3.2
L10 8LE,3.2
L10 8LF,3.2
L10 8LG,3.2
L10 8LH,3.2
L10 8LJ,3.2
L10 8LL,3.2
L10 8LN,3.2
L10 8LQ,3.2
L10 8LR,3.2
L10 8LS,3.2
L10 8LT,3.2
L10 8LU,3.2
L10 8LW,3.2
L10 8LX,3.2
L10 8LY,3.2
L10 8ND,3.2
L10 9AP,1.1
L10 9LA,1.1
L10 9LB,1.1
L10 9LD,1.1
L10 9LE,1.1
L10 9LG,1.1
L10 9LH,1.1
L10 9LJ,1.1
L10 9LL,1.1
L10 9LN,1.1
L10 9LP,1.2
L10 9LQ,1.1
L10 9LR,1.2
L10 9LS,1.2
L10 9LT,1.2
L10 9LU,1.2
L10 9LW,1.1
L10 9LX,1.2
L10 9LY,1.1
L10 9LZ,1.2
L10 9NA,1.2
L10 9NB,1.1
L10 9ND,1.1
L10 9NE,1.1
L10 9NF,1.1
L10 9NG,1.2
L10 9NP,1.1
L11 0AA,1.2
L11 0AB,1.2
L11 0AD,1.2
L11 0AE,1.2
L11 4ST,1.2
L11 4SU,1.2
L11 4SW,1.2
L11 4SZ,1.2
L11 4TA,1.2
L11 4TB,3.2
L11 4TD,1.2
L11 4TE,1.2
L11 4TG,1.2
L11 4TH,1.2
L11 4TJ,1.2
L11 4TL,1.2
L11 4TN,1.2
L11 4TP,1.2
L11 4TQ,1.2
L11 4TR,1.2
L11 0AF,1.2
L11 0AG,1.2
L11 0AH,1.2
L11 0AJ,1.2
L11 0AL,1.2
L11 0AN,1.2
L11 0AP,1.2
L11 0AQ,1.2
L11 0AR,1.2
L11 0AS,1.2
L11 0AT,1.2
L11 0AU,1.2
L11 0AX,1.2
L11 0AY,1.2
L11 0BB,1.2
L11 0BG,1.2
L11 0BH,1.2
L11 0BJ,1.2
L11 0BL,1.2
L11 0BN,1.2
L11 0BP,1.2
L11 0BQ,1.2
L11 0BR,1.2
L11 0BS,1.2
L11 0BT,1.2
L11 0BU,1.2
L11 0BW,1.2
L11 0BX,1.2
L11 0BY,1.2
L11 0BZ,1.2
L11 0DA,1.2
L11 0DB,1.2
L11 0DD,1.2
L11 0DE,1.2
L11 0DF,1.2
L11 0DG,1.2
L11 0DN,1.2
L11 0ED,1.2
L11 0EE,1.2
L11 0EL,1.2
L11 0JA,1.2
L11 1AD,1.1
L11 1AD,1.1
L11 1AH,1.1
L11 1AH,1.1
L11 1AJ,1.1
L11 1AN,1.1
L11 1AP,1.2
L11 1AS,1.1
L11 1AT,1.2
L11 1AU,1.1
L11 1AX,1.2
L11 1AY,1.1
L11 1AZ,1.1
L11 1BA,1.1
L11 1BB,1.1
L11 1BD,1.2
L11 1BE,1.1
L11 1BE,1.1
L11 1BG,1.2
L11 1BL,1.1
L11 1BN,1.1
L11 1BN,1.1
L11 1BP,1.2
L11 1BQ,1.1
L11 1BQ,1.1
L11 1BR,1.2
L11 1BS,1.1
L11 1BT,1.2
L11 1BU,1.2
L11 1BW,1.2
L11 1BX,1.1
L11 1BX,1.1
L11 1BY,1.1
L11 1BZ,1.1
L11 1DB,1.1
L11 1DD,1.1
L11 1DE,1.1
L11 1DF,1.2
L11 1DG,1.1
L11 1DH,1.1
L11 1DH,1.1
L11 1DJ,1.1
L11 1DN,1.1
L11 1DP,1.1
L11 1DQ,1.1
L11 1DQ,1.1
L11 1DR,1.1
L11 1DR,1.1
L11 1DS,1.1
L11 1DS,1.1
L11 1DU,1.1
L11 1DU,1.1
L11 1DW,1.1
L11 1EB,1.1
L11 1EB,1.1
L11 1EE,1.1
L11 1EF,1.1
L11 1EF,1.1
L11 1EG,1.2
L11 1EH,1.2
L11 1EJ,3.2
L11 1EL,3.2
L11 1EP,3.2
L11 1EQ,1.2
L11 1ER,3.3
L11 1EU,1.1
L11 1EU,1.1
L10 0AS,0.1
L10 0AT,0.1
L10 0AW,1.1
L10 0AY,0.1
L10 1LA,1.1
L10 1LB,1.1
L10 1LD,1.1
L10 1LF,1.1
L10 1LG,1.1
L10 1LH,1.1
L10 1LJ,1.1
L10 1LL,1.1
L10 1LN,1.1
L10 1LP,1.1
L10 1LQ,1.1
L10 1LR,1.1
L10 1LS,1.1
L10 1LT,1.1
L10 1LU,1.1
L10 1LW,1.1
L10 1LX,1.1
L10 1NB,3.2
L10 1ND,3.2
L10 1NE,3.2
L10 1NF,3.2
L10 1NG,1.1
L10 1NH,1.1
L10 1NJ,1.1
L10 1NL,1.1
L10 2JA,3.2
L10 2JD,3.2
L10 2JE,3.2
L10 2JF,3.2
L10 2JG,3.2
L10 2JH,3.2
L10 2JJ,3.2
L10 2JL,3.2
L10 2JN,3.2
L10 2JP,3.2
L10 2JQ,3.2
L10 2JR,3.2
L10 2JS,3.2
L10 2JT,3.2
L10 2JU,3.2
L10 2JW,3.2
L10 2JX,3.2
L10 2JY,3.2
L10 2JZ,3.2
L10 2LA,3.2
L10 2LB,3.2
L10 2LD,3.2
L10 2LE,3.2
L10 2LF,3.2
L10 2LG,3.2
L10 2LH,3.2
L10 2LQ,3.2
L10 3JA,3.2
L10 3JD,3.2
L10 3JE,3.2
L10 3JF,3.2
L10 3JG,3.2
L10 3JH,3.2
L10 3JJ,3.2
L10 3JL,3.2
L10 3JN,3.2
L10 3JP,3.2
L10 3JQ,3.2
L10 3JR,3.2
L10 3JS,3.2
L10 3JT,3.2
L10 3JU,3.2
L10 3JW,3.2
L10 3JX,3.2
L10 3JY,3.2
L10 3JZ,3.2
L10 3LA,3.2
L10 3LB,3.2
L10 3LD,3.2
L10 3LE,3.2
L10 3LF,3.2
L10 3LG,3.2
L10 3LH,3.2
L10 3LJ,3.2
L10 3LL,3.2
L10 3LN,0.1
L10 3LQ,3.2
L10 4UE,0.1
L11 1EW,3.2
L11 1EX,1.1
L11 1EX,1.1
L11 1EZ,1.1
L11 1EZ,1.1
L11 1HA,1.1
L11 1HA,1.1
L11 1HB,1.1
L11 1HB,1.1
L11 1HH,1.1
L11 1HH,1.1
L10 4UF,0.1
L10 4UG,0.1
L10 4UH,0.1
L10 4UJ,0.1
L10 4UN,1.2
L10 4UP,1.2
L10 4UQ,0.1
L10 4UR,1.2
L10 4US,1.2
L10 4UT,1.2
L10 4UU,1.2
L10 4UW,1.2
L10 4UX,1.2
L10 4UY,1.2
L10 4UZ,1.2
L10 4XA,0.1
L10 4XG,1.1
L10 4XH,1.1
L10 4XJ,1.1
L10 4XL,0.1
L10 4XN,0.1
L10 4XP,0.1
L10 4XQ,0.1
L10 4XR,0.1
L10 4XS,0.1
L10 4XT,1.2
L10 4XU,0.1
L10 4XW,1.1
L10 4XX,1.1
L10 4XY,1.1
L10 4XZ,0.1
L10 4YA,0.1
L10 4YB,0.1
L10 4YD,0.1
L10 4YE,0.1
L10 4YF,0.1
L10 4YG,0.1
L10 4YH,0.1
L10 4YJ,0.1
L10 4YL,0.1
L10 4YN,0.1
L10 4YP,0.1
L10 4YQ,0.1
L10 4YR,0.1
L10 4YS,0.1
L10 4YT,1.1
L10 4YU,1.1
L10 4YX,0.1
L10 5HA,1.2
L10 6LA,3.2
L10 6LB,3.2
L10 6LE,3.2
L10 6LF,3.2
L10 6LG,3.2
L10 6LH,3.2
L10 6LJ,3.2
L10 6LL,3.2
L10 6LN,3.2
L10 6LP,3.2
L10 6LR,3.2
L10 6LS,3.2
L10 6LT,3.2
L10 6LU,3.2
L10 6LW,3.2
L10 6LX,3.2
L10 6LY,3.2
L10 6LZ,3.2
L10 6NA,3.2
L10 6NB,3.2
L10 6ND,3.2
L10 6NE,3.2
L10 6NF,3.2
L10 6NG,3.2
L10 6NH,3.2
L10 6NJ,3.2
L10 6NL,3.2
L10 6NQ,3.2
L10 7LA,1.1
L10 7LB,1.1
L10 7LD,1.1
L10 7LE,1.1
L10 7LF,1.1
L10 7LG,1.1
L10 7LH,1.1
L10 7LJ,1.1
L10 7LL,1.1
L10 7LN,1.1
L10 7LP,1.1
L10 7LQ,1.1
L10 7LR,1.1
L10 7LS,1.1
L10 7LT,1.1
L10 7LU,1.1
L10 7LW,1.1
L10 7LX,1.1
L10 7LY,1.1
L10 7LZ,1.1
L10 7NA,1.1
L10 7NB,1.2
L1 5DD,0.2
L1 5DD,0.2
L1 5DF,0.2
L1 5DF,0.2
L1 5DG,0.2
L1 5DG,0.2
L1 5DL,0.2
L1 5DL,0.2
L1 5DN,1.1
L1 5DN,1.1
L1 5DP,1.1
L1 5DP,1.1
L1 5DQ,0.2
L1 5DQ,0.2
L1 5DW,1.1
L1 5DW,1.1
L1 5DY,1.1
L1 5DY,1.1
L1 5DZ,1.1
L1 5DZ,1.1
L1 5EA,1.1
L1 5EA,1.1
L1 5EB,1.1
L1 5EB,1.1
L1 5EE,1.1
L1 5EE,1.1
L1 5EF,1.1
L1 5EF,1.1
L1 5EG,1.1
L1 5EG,1.1
L1 5EH,1.1
L1 5EH,1.1
L1 5EL,0.2
L1 5EL,0.2
L1 5EN,1.1
L1 5EQ,1.1
L1 5EQ,1.1
L1 5ES,1.1
L1 5ES,1.1
L1 5EU,1.1
L1 5EU,1.1
L1 5EW,1.1
L1 5EW,1.1
L1 5EX,0.2
L1 5EX,0.2
L1 5EY,1.1
L1 5EY,1.1
L1 5EZ,1.1
L1 5EZ,1.1
L1 5FB,0.2
L1 5FB,0.2
L1 5FD,1.1
L1 5FE,1.1
L1 5FS,0.2
L1 5FS,0.2
L1 5GA,0.2
L1 5GB,0.2
L1 5HA,1.1
L1 5HA,1.1
L1 5HS,0.2
L1 5HS,0.2
L1 5HY,0.2
L1 5HY,0.2
L1 5HZ,0.2
L1 5HZ,0.2
L1 5JD,0.2
L1 5JD,0.2
L1 5JE,0.2
L1 5JE,0.2
L1 5JH,0.2
L1 5JH,0.2
L1 5JJ,0.2
L1 5JJ,0.2
L1 5JL,1.1
L1 5JL,1.1
L1 5JN,1.1
L1 5JN,1.1
L1 5JP,1.1
L1 5JP,1.1
L1 5JW,1.1
L1 6AA,1.2
L1 6AF,1.1
L1 6AL,1.1
L1 6AU,1.1
L1 6BA,1.2
L1 6BB,1.2
L1 6BD,1.1
L1 6BG,1.1
L1 6BL,1.1
L1 6BQ,1.1
L1 6BU,1.2
L1 6BW,1.1
L1 6BX,1.2
L1 6DA,1.1
L1 6DE,1.1
L1 6DG,1.1
L1 6DP,1.2
L1 6DQ,1.2
L1 6DS,1.1
L1 6DT,1.1
L1 6DX,1.1
L1 6DZ,1.1
L1 6EG,1.1
L1 6ER,1.1
L1 6HB,1.1
L1 6JB,1.2
L1 6JG,1.1
L1 6JJ,1.1
L1 6JN,1.1
L1 6JS,1.1
L1 6JT,1.1
L1 6LD,1.1
L1 7AG,1.1
L1 7AG,1.1
L1 7AY,1.1
L1 7AZ,1.1
L1 7BA,1.1
L1 7BA,1.1
L1 7BG,1.1
L1 7BJ,1.1
L1 7BL,1.1
L1 7BP,1.1
L1 7BP,1.1
L1 7BR,1.1
L1 7BS,1.1
L1 7BS,1.1
L10 7ND,1.1
L10 7NE,1.1
L1 1DS,1.1
L1 1EB,1.1
L1 1ED,1.1
L1 1EE,1.1
L1 1EF,1.1
L1 7BT,1.1
L1 7BT,1.1
L1 7BW,1.1
L1 7BX,1.1
L1 7BX,1.1
L1 7BY,1.1
L1 7BZ,1.1
L1 8BJ,0.2
L1 8BN,0.2
L1 8BQ,0.2
L1 8BU,0.2
L1 8DG,0.2
L1 8DG,0.2
L1 8DL,0.2
L1 8DL,0.2
L1 8DN,0.2
L1 8DN,0.2
L1 8DP,0.2
L1 8DP,0.2
L1 8DQ,0.2
L1 8DQ,0.2
L1 8DS,0.2
L1 8DS,0.2
L1 8DT,0.2
L1 8DT,0.2
L1 8DZ,0.2
L1 8DZ,0.2
L1 8EE,0.2
L1 8EE,0.2
L1 8EF,0.2
L1 8EF,0.2
L1 8HG,0.2
L1 8HG,0.2
L1 8JF,0.2
L1 8JQ,0.2
L1 8JS,0.2
L1 8JS,0.2
L1 8JU,0.2
L1 8JU,0.2
L1 8JX,0.2
L1 8LB,0.2
L1 8LJ,0.2
L1 8LJ,0.2
L1 8LN,0.2
L1 8LP,0.2
L1 8LT,0.2
L1 8LU,0.2
L1 8LU,0.2
L1 8LW,0.2
L1 8LY,0.2
L1 8LY,0.2
L1 8LZ,0.2
L1 8ND,0.2
L1 9AA,1.1
L1 9AA,1.1
L1 9AD,1.1
L1 9AD,1.1
L1 9AF,1.1
L1 9AF,1.1
L1 9AL,1.1
L1 9AL,1.1
L1 9AR,1.1
L1 9AR,1.1
L1 9AS,1.1
L1 9AS,1.1
L1 9AT,1.1
L1 9AT,1.1
L1 9AW,1.1
L1 9AW,1.1
L1 9AX,1.1
L1 9AX,1.1
L1 9BB,1.1
L1 9BG,1.1
L1 9BG,1.1
L1 9BH,1.1
L1 9BH,1.1
L1 9BP,1.1
L1 9BQ,1.1
L1 9BQ,1.1
L1 9BW,1.1
L1 9BX,1.1
L1 9BX,1.1
L1 9BY,1.1
L1 9BY,1.1
L1 9BZ,1.1
L1 9DA,1.1
L1 9DA,1.1
L1 9DE,1.1
L1 9DE,1.1
L1 9DF,1.1
L1 9DF,1.1
L1 9DN,1.1
L1 9DN,1.1
L1 9DP,1.1
L1 9DP,1.1
L1 9DS,1.1
L1 9DS,1.1
L1 9DT,1.1
L1 9DT,1.1
L1 9DU,1.1
L1 9DU,1.1
L1 9DW,1.1
L1 9DW,1.1
L1 9DY,1.1
L1 9DZ,1.1
L1 9ED,1.1
L1 9ED,1.1
L1 9EF,1.1
L1 9EF,1.1
L1 9EH,1.1
L1 9EH,1.1
L1 9EN,1.1
L1 9EN,1.1
L1 9ER,1.1
L1 9ER,1.1
L1 9EW,1.1
L1 9EW,1.1
L1 9EX,1.1
L1 9EX,1.1
L1 9HB,1.1
L1 9HB,1.1
L1 9HD,1.1
L1 9HD,1.1
L1 9HE,1.1
L1 9HE,1.1
L1 9HF,1.1
L1 9JD,1.1
L1 9JD,1.1
L1 9JF,1.1
L1 9JF,1.1
L1 9JG,1.1
L1 9JG,1.1
L10 0AD,0.1
L10 0AE,1.1
L10 0AF,1.1
L10 0AG,1.1
L10 0AH,1.1
L10 0AJ,0.1
L10 0AL,1.1
L10 0AN,1.1
L10 0AP,0.1
L10 0AQ,0.1
L10 0AR,1.1
L1 1EJ,1.1
L1 1EL,1.1
L1 1EP,1.1
L1 1EQ,1.1
L1 1HF,1.1
L1 1HL,1.1
L1 1HQ,1.1
L1 1HU,1.1
L1 1HW,1.1
L1 1JA,1.1
L1 1JD,1.1
L1 1JE,1.1
L1 1JF,1.1
L1 1JJ,1.1
L1 1JN,1.1
L1 1JP,1.1
L1 1JQ,1.1
L1 1JR,1.1
L1 1JT,0.2
L1 1JW,1.1
L1 1LD,1.1
L1 1LE,1.1
L1 1LG,1.1
L1 1LH,1.1
L1 1LJ,1.1
L1 1LL,1.1
L1 1LN,1.1
L1 1LP,1.1
L1 1LR,1.1
L1 1LS,1.1
L1 1LT,1.1
L1 1LU,1.1
L1 1LW,1.1
L1 1LX,1.1
L1 1LY,1.1
L1 1LZ,1.1
L1 1NA,1.1
L1 1NB,1.1
L1 1ND,1.1
L1 1NE,1.1
L1 1NG,1.1
L1 1NH,1.1
L1 1NN,1.1
L1 1NP,1.1
L1 1NQ,1.1
L1 1NU,1.1
L1 1NW,1.1
L1 1NY,1.1
L1 1PW,1.1
L1 1QE,0.2
L1 1QR,1.1
L1 1QY,1.1
L1 1RD,1.1
L1 1RG,1.1
L1 1RH,1.1
L1 1RJ,1.1
L1 1RL,1.1
L1 1RQ,1.1
L1 2SA,1.1
L1 2SA,1.1
L1 2SF,0.2
L1 2SJ,1.1
L1 2SJ,1.1
L1 2SP,1.1
L1 2SP,1.1
L1 2SR,1.1
L1 2SR,1.1
L1 2SS,0.2
L1 2ST,1.1
L1 2ST,1.1
L1 2SU,1.1
L1 2SU,1.1
L1 2SX,1.1
L1 2SX,1.1
L1 2TE,1.1
L1 2TE,1.1
L1 2TQ,1.1
L1 2TQ,1.1
L1 2TR,1.1
L1 2TR,1.1
L1 2TZ,1.1
L1 2TZ,1.1
L1 2UA,1.1
L1 2UA,1.1
L1 3AG,0.2
L1 3AW,0.2
L1 3AY,0.2
L1 3BG,0.2
L1 3BH,0.2
L1 3BL,0.2
L1 3BN,0.2
L1 3BT,0.2
L1 3BX,0.2
L1 3BZ,0.2
L1 3DA,0.2
L1 3DD,0.2
L1 3DE,0.2
L1 3DF,0.2
L1 3DH,0.2
L1 3DL,0.2
L1 3DN,0.2
L1 3DS,0.2
L1 3DT,0.2
L1 3DY,0.2
L1 3DZ,0.2
L1 3EB,0.2
L1 3ED,0.2
L1 3EU,0.2
L1 3FN,0.2
L1 3HD,0.2
L1 4AA,0.2
L1 4AA,0.2
L1 4AF,0.2
L1 4AG,0.2
L1 4AL,0.2
L1 4AN,1.1
L1 4AQ,0.2
L1 4AR,0.2
L1 4AS,1.1
L1 4AU,1.1
L1 4AZ,1.1
L1 4BB,1.1
L1 4BB,1.1
L1 4BE,1.1
L1 4BH,1.1
L1 4BL,1.1
L1 4BL,1.1
L1 4BN,1.1
L1 4BS,1.1
L1 4BW,1.1
L1 4BX,1.1
L1 4DA,1.1
L1 4DA,1.1
L1 4DE,1.1
L1 4DH,1.1
L1 4DH,1.1
L1 4DJ,0.2
L1 4DL,1.1
L1 4DL,1.1
L1 4DN,0.2
L1 4DQ,1.1
L1 4DR,1.1
L1 4DR,1.1
L1 4DS,0.2
L1 4EA,0.2
L1 4ED,0.2
L1 4EF,0.2
L1 4EN,1.1
L1 4EN,1.1
L1 4EU,0.2
L1 4EZ,0.2
L1 4FB,1.1
L1 4HF,1.1
L1 4HL,1.1
L1 4HL,1.1
L1 4HR,1.1
L1 4HY,1.1
L1 4JA,1.1
L1 4JA,1.1
L1 4JF,1.1
L1 4JF,1.1
L1 4JH,0.2
L1 4JJ,1.1
L1 4JN,1.1
L1 4JQ,1.1
L1 4JQ,1.1
L1 4JR,1.1
L1 4JS,1.1
L1 4JS,1.1
L1 4JX,1.1
L1 4JX,1.1
L1 4LF,0.2
L1 4LN,0.2
L1 4NG,1.1
L1 4NL,1.1
L1 4NR,0.2
L1 4NU,1.1
L1 5AA,1.1
L1 5AG,1.1
L1 5AP,0.2
L1 5AQ,0.2
L1 5AS,0.2
L1 5AS,0.2
L1 5AT,1.1
L1 5AX,0.2
L1 5AY,1.1
L1 5BB,1.1
L1 5BE,0.2
L1 5BE,0.2
L1 5BF,1.1
L1 5BG,0.2
L1 5BG,0.2
L1 5BL,0.2
L1 5BL,0.2
L1 5BN,0.2
L1 5BN,0.2
L1 5BQ,0.2
L1 5BQ,0.2
L1 5BS,0.2
L1 5BU,1.1
L1 5BW,1.1
L1 5BY,0.2
L1 5BY,0.2
L1 5DA,0.2
L1 5DA,0.2
L1 5DB,1.1
L1 5DB,1.1
L1 0AB,1.1
L1 0AB,1.1
L1 0AF,0.2
L1 0AF,0.2
L1 0AH,1.1
L1 0AH,1.1
L1 0AJ,0.2
L1 0AJ,0.2
L1 0AN,1.1
L1 0AN,1.1
L1 0AR,1.1
L1 0AR,1.1
L1 0AU,0.2
L1 0AU,0.2
L1 0AY,0.2
L1 0AY,0.2
L1 0BE,1.1
L1 0BE,1.1
L1 0BG,0.2
L1 0BG,0.2
L1 0BL,1.1
L1 0BL,1.1
L1 0BN,1.1
L1 0BN,1.1
L1 0BP,1.1
L1 0BP,1.1
L1 0BS,1.1
L1 0BS,1.1
L1 0BW,0.2
L1 0BW,0.2
L1 0BY,0.2
L1 0BY,0.2
L1 0DH,0.2
L1 0DH,0.2
L1 0DN,1.1
L1 0DN,1.1
L1 1AH,1.1
L1 1DA,1.1
L1 1DE,1.1
L1 1DF,1.1
L1 1DG,1.1
L1 1DJ,1.1
L1 1DN,1.1
L1 1DP,1.1
L1 1DQ,1.1
CH65 1AJ,3.2
CH65 1AP,3.2
CH65 1AR,3.2
CH65 1AW,3.2
CH65 1BR,3.2
CH64 7TL,2.1
CH64 7TP,2.1
CH63 9HX,3.2
CH63 9HY,3.2
CH63 9HZ,3.2
CH63 9JA,3.3
CH63 9JB,3.3
CH63 9JD,3.3
CH63 9JE,3.3
CH63 9JF,3.3
CH63 9JG,3.3
CH63 9JH,3.3
CH64 3TB,3.3
CH64 3TE,2.1
CH63 9JJ,3.2
CH63 9JL,3.2
CH63 9JN,3.2
CH63 9JP,3.2
CH63 9JQ,3.3
CH63 9JR,3.2
CH63 9JS,3.2
CH63 9JT,3.3
CH63 9JU,3.3
CH63 9JW,3.2
CH63 9JX,3.3
CH63 9JY,3.3
CH63 9JZ,3.3
CH63 9LA,3.2
CH63 9LB,3.2
CH63 9LD,3.3
CH63 9LE,3.3
CH63 9LF,3.3
CH63 9LG,3.3
CH63 9LH,3.2
CH63 9LJ,3.3
CH63 9LL,2.1
CH63 9LN,2.1
CH63 9LP,3.3
CH63 9LQ,2.1
CH63 9LR,3.3
CH63 9LS,3.3
CH63 9LT,3.3
CH63 9LU,3.3
CH63 9LW,3.3
CH63 9LX,3.3
CH63 9LY,3.3
CH63 9LZ,3.3
CH63 9NA,3.3
CH63 9NB,3.3
CH63 9ND,3.3
CH63 9NE,3.3
CH63 9NF,3.3
CH63 9NG,3.3
CH63 9NH,3.3
CH63 9NJ,3.3
CH63 9NL,2.1
CH63 9NN,3.3
CH63 9NP,3.3
CH63 9NQ,3.3
CH63 9NR,3.3
CH63 9NS,3.3
CH63 9NT,3.3
CH63 9NW,3.3
CH63 9NX,3.3
CH63 9NY,3.2
CH63 9NZ,3.3
CH63 9YG,3.2
CH63 9YH,3.2
CH63 9YJ,3.2
CH63 9YL,3.2
CH63 9YN,3.3
CH63 9YP,3.2
CH63 9YQ,3.2
CH63 9YR,3.3
CH63 9YS,3.2
CH63 9YT,3.2
CH63 9YU,3.2
CH63 9YW,3.3
CH63 9YX,3.2
CH63 9YY,3.2
CH63 9YZ,3.2
CH63 7PD,0.1
CH63 7PE,0.1
CH63 7PG,3.1
CH63 7PH,3.1
CH63 7PJ,3.1
CH63 7PL,3.1
CH63 7PN,3.1
CH63 7PR,3.1
CH63 7PT,3.1
CH63 7PW,0.1
CH63 7PX,3.1
CH63 7PY,3.1
CH63 7QA,3.1
CH63 7QB,3.1
CH63 7QD,3.1
CH63 7QE,3.2
CH64 1RX,2.1
CH64 1RY,2.1
CH64 1SB,2.1
CH63 7QF,3.3
CH63 7QG,0.1
CH63 7QH,3.3
CH63 7QJ,3.1
CH63 7QL,3.1
CH63 7QN,0.1
CH63 7QP,0.1
CH63 7QQ,0.1
CH63 7QR,3.3
CH63 7QS,3.3
CH63 7QT,3.3
CH63 7QU,0.1
CH63 7QW,3.3
CH63 7QX,0.1
CH63 7QY,3.1
CH63 7QZ,3.1
CH63 7RA,3.1
CH63 7RB,3.1
CH63 7RD,3.1
CH63 7RE,3.1
CH63 7RF,3.1
CH63 7RG,3.1
CH63 7RH,3.1
CH63 7RJ,3.1
CH63 7RL,3.1
CH63 7RN,3.1
CH63 7RP,3.1
CH63 7RQ,3.1
CH63 7RR,3.1
CH63 7RS,3.1
CH63 7RT,3.1
CH63 7RU,0.1
CH63 7RW,3.1
CH63 7RX,3.1
CH63 7RY,3.1
CH63 7RZ,3.1
CH63 7SA,3.1
CH63 7SD,3.1
CH63 7SF,3.1
CH63 7SN,3.1
CH63 7TA,0.1
CH63 7TB,0.1
CH63 7TD,3.1
CH63 8AG,3.2
CH63 8LA,0.1
CH63 8LB,3.2
CH63 8LD,3.3
CH63 8LE,0.1
CH63 8LF,3.2
CH63 8LG,3.2
CH63 8LH,3.2
CH63 8LJ,3.2
CH63 8LL,3.2
CH63 8LN,3.2
CH63 8LP,3.2
CH63 8LQ,3.2
CH63 8LR,3.2
CH63 8LS,3.2
CH63 8LT,3.2
CH63 8LU,3.2
CH63 8LW,3.2
CH63 8LX,3.2
CH63 8LY,3.2
CH63 8LZ,3.2
CH63 8NA,3.2
CH63 8NB,3.2
CH63 8ND,0.1
CH63 8NE,0.1
CH63 8NG,0.1
CH63 8NH,0.1
CH63 8NJ,0.1
CH63 8NL,0.1
CH63 8NN,0.1
CH63 8NP,0.1
CH63 8NQ,0.1
CH63 8NR,0.1
CH63 8NS,0.1
CH63 8NT,0.1
CH63 8NU,0.1
CH63 8NW,0.1
CH63 8NX,0.1
CH63 8NY,0.1
CH63 8NZ,0.1
CH63 8PA,0.1
CH63 8PB,0.1
CH63 8PD,0.1
CH63 8PE,0.1
CH63 8PF,0.1
CH63 8PG,0.1
CH63 8PH,0.1
CH63 8PJ,3.2
CH63 8PL,3.2
CH63 8PN,3.2
CH63 8PP,3.2
CH63 8PQ,0.1
CH63 8PS,3.2
CH63 8PT,3.2
CH63 3JX,3.1
CH63 4JA,2.1
CH63 4JB,2.1
CH63 4JD,2.1
CH63 4JE,2.1
CH63 4JF,2.1
CH63 4JG,2.1
CH63 4JH,2.1
CH63 4JJ,2.1
CH63 4JL,2.1
CH63 4JN,2.1
CH63 4JP,2.1
CH63 4JQ,2.1
CH63 4JR,2.1
CH63 4JS,2.1
CH63 4JT,2.1
CH63 4JU,2.1
CH63 4JW,2.1
CH63 4JX,2.1
CH63 4JY,2.1
CH63 4LB,2.1
CH63 4LD,3.3
CH63 8PW,3.2
CH63 8PX,3.2
CH63 8PY,3.2
CH63 8PZ,3.2
CH63 8QA,3.2
CH63 8QB,3.2
CH63 8QD,3.2
CH63 8QE,3.2
CH63 8QF,3.2
CH63 8QG,3.2
CH63 8QH,3.2
CH63 8QJ,3.2
CH63 8QL,3.2
CH63 8QN,3.2
CH63 8QP,3.2
CH63 8QQ,3.2
CH63 8QR,3.2
CH63 8QS,3.2
CH63 8QT,3.2
CH63 8QU,3.2
CH63 8QW,3.2
CH63 8QY,3.2
CH63 8QZ,3.2
CH63 8RA,0.1
CH63 8RB,0.1
CH63 8RD,0.1
CH63 8RF,3.2
CH63 8RH,3.2
CH63 8RQ,3.2
CH63 9AA,3.2
CH63 9AB,3.3
CH63 9AD,3.3
CH63 9AE,2.1
CH63 9AF,3.2
CH63 9AG,3.2
CH63 9AH,3.2
CH63 9AJ,0.1
CH63 9AL,0.1
CH63 9AN,0.1
CH63 9AP,3.2
CH63 9AQ,3.2
CH63 9AR,3.3
CH63 9AS,3.3
CH63 9AT,3.2
CH63 9AU,3.2
CH63 9AW,3.2
CH63 9AX,3.2
CH63 9FE,3.3
CH63 9FF,3.3
CH63 9FG,3.3
CH63 9FH,3.3
CH63 9FL,3.3
CH63 9FN,3.3
CH63 9FP,3.3
CH63 9FQ,3.3
CH63 9FR,3.3
CH63 9FS,2.1
CH63 9FW,3.3
CH63 9HA,3.3
CH63 9HB,3.3
CH63 9HD,3.2
CH63 9HE,3.3
CH63 9HF,3.2
CH63 9HG,3.2
CH63 9HH,3.2
CH63 9HJ,2.1
CH63 9HL,2.1
CH63 9HN,3.3
CH63 9HP,3.2
CH63 9HQ,3.2
CH63 9HR,3.2
CH63 9HS,3.3
CH63 9HT,3.2
CH63 9HU,3.2
CH63 9HW,3.3
CH63 4LE,2.1
CH63 5JA,0.1
CH63 5JB,0.1
CH63 5JD,0.1
CH63 5JE,0.1
CH63 5JF,0.1
CH63 5JG,0.1
CH63 5JH,0.1
CH63 5JJ,0.1
CH63 5JL,0.1
CH63 5JN,3.2
CH63 5JP,0.1
CH63 5JQ,0.1
CH63 5JR,0.1
CH63 5JS,0.1
CH63 5JT,3.2
CH63 5JU,0.1
CH63 5JW,0.1
CH63 5JX,0.1
CH63 5JY,0.1
CH63 5JZ,0.1
CH63 5LA,0.1
CH63 5LD,0.1
CH63 5LE,0.1
CH63 5LF,0.1
CH63 5LG,0.1
CH63 5LH,0.1
CH63 5LJ,0.1
CH63 5LL,0.1
CH63 5LN,0.1
CH63 5LP,0.1
CH63 5LQ,0.1
CH63 5LR,0.1
CH63 5LS,0.1
CH63 5LT,0.1
CH63 5LU,0.1
CH63 5LW,0.1
CH63 5LX,0.1
CH63 5LZ,0.1
CH63 5NA,0.1
CH63 5NB,0.1
CH63 5ND,3.2
CH63 5NE,0.1
CH63 5NF,0.1
CH63 5NG,0.1
CH63 5NH,3.2
CH63 5NJ,3.2
CH63 5NL,3.2
CH63 5NN,3.2
CH63 5NP,0.1
CH63 5NQ,3.2
CH63 5NR,3.2
CH63 5NS,3.2
CH63 5NT,3.2
CH63 5NU,3.2
CH63 5NW,3.2
CH63 5NX,3.2
CH63 5NY,3.2
CH63 5NZ,3.2
CH63 5PA,3.2
CH63 5PB,3.2
CH63 5PD,3.2
CH63 5PE,3.2
CH63 5PF,3.2
CH63 5PG,3.2
CH63 5PH,3.2
CH63 5PJ,3.2
CH63 5PL,3.2
CH63 5PN,0.1
CH63 5PP,3.2
CH63 5PQ,3.2
CH63 5PR,3.2
CH63 5PS,1.1
CH63 5PT,3.2
CH63 5PU,1.1
CH63 5PW,0.1
CH63 5PX,1.1
CH63 5PY,3.2
CH63 5PZ,3.2
CH63 5QA,3.2
CH63 5QB,3.2
CH63 5QD,3.2
CH63 5QE,3.2
CH63 5QF,3.2
CH63 5QG,0.1
CH63 5QH,3.2
CH63 5QJ,0.1
CH63 5QL,0.1
CH63 5QN,0.1
CH63 5QP,0.1
CH63 5QQ,0.1
CH63 5QR,3.2
CH63 5QS,0.1
CH63 5QT,0.1
CH63 5QU,3.2
CH63 5QW,0.1
CH63 5QX,0.1
CH63 5QY,3.2
CH63 5QZ,3.2
CH63 2JJ,3.2
CH63 2JL,1.2
CH63 2JN,3.3
CH63 2JP,1.2
CH63 2JQ,3.3
CH63 2JR,3.2
CH63 2JS,1.2
CH63 2JT,3.2
CH63 2JU,1.2
CH63 2JW,1.2
CH63 2JX,1.2
CH63 2JY,3.2
CH63 2JZ,3.2
CH63 2LA,3.2
CH63 2LB,3.2
CH63 2LD,3.2
CH63 2LE,1.2
CH63 2LF,3.2
CH63 2LG,3.2
CH63 2LH,3.3
CH63 2LN,3.2
CH63 2LP,3.2
CH63 2LQ,1.2
CH63 2LR,1.2
CH63 2LS,1.2
CH63 2LT,1.2
CH63 2LU,1.2
CH63 2LW,3.2
CH63 2LX,1.2
CH63 2LY,3.2
CH63 2LZ,3.2
CH63 5RA,3.2
CH63 5RB,0.1
CH63 5RD,3.2
CH63 5RE,3.2
CH63 5RF,3.2
CH63 5RG,3.2
CH63 5RN,0.1
CH63 5RR,0.1
CH63 6HA,3.2
CH63 6HB,3.2
CH63 6HD,2.1
CH63 6HE,2.1
CH63 6HF,2.1
CH63 6HG,3.2
CH63 6HJ,3.2
CH63 6HL,3.2
CH63 6HN,3.2
CH63 6HP,3.2
CH63 6HQ,3.2
CH63 6HR,3.2
CH63 6HS,3.2
CH63 6HT,3.2
CH63 6HU,3.2
CH63 6HW,3.2
CH63 6HX,3.2
CH63 6HY,2.1
CH63 6HZ,2.1
CH63 6JA,2.1
CH63 6JB,2.1
CH63 6JE,2.1
CH63 7LA,0.1
CH63 7LB,3.1
CH63 7LD,0.1
CH63 7LE,0.1
CH63 7LF,0.1
CH63 7LG,0.1
CH63 7LH,0.1
CH63 7LJ,0.1
CH63 7LL,0.1
CH63 7LN,0.1
CH63 7LP,0.1
CH63 7LQ,0.1
CH63 7LR,0.1
CH63 7LS,0.1
CH63 7LT,0.1
CH63 7LU,0.1
CH63 7LW,0.1
CH63 7LX,0.1
CH63 7LY,0.1
CH63 7LZ,0.1
CH63 7NA,0.1
CH63 7NB,0.1
CH63 7ND,0.1
CH63 7NE,0.1
CH63 7NF,0.1
CH63 7NH,0.1
CH63 7NJ,0.1
CH63 7NL,0.1
CH63 7NN,0.1
CH63 7NP,0.1
CH63 7NQ,0.1
CH63 7NR,0.1
CH63 7NS,0.1
CH63 7NT,0.1
CH63 7NU,0.1
CH63 7NW,0.1
CH63 7NX,0.1
CH63 7NY,0.1
CH63 2NA,1.2
CH63 2NB,3.2
CH63 2ND,1.2
CH63 2NE,1.2
CH63 2NF,1.2
CH63 2NG,1.2
CH63 2NH,1.2
CH63 2NJ,1.2
CH63 2NL,1.2
CH63 2NN,1.2
CH63 2NP,1.2
CH63 2NQ,1.2
CH63 2NR,1.2
CH63 2NS,1.2
CH63 2NT,1.2
CH63 2NU,1.2
CH63 2NW,1.2
CH63 2NX,1.2
CH63 2NY,1.2
CH63 2NZ,1.2
CH63 2PA,1.2
CH63 2PB,1.2
CH63 2PD,1.2
CH63 2PE,1.2
CH63 2PF,1.2
CH63 2PG,1.2
CH63 2PH,3.2
CH63 2PJ,3.2
CH63 2PL,3.3
CH63 2PN,3.3
CH63 2PP,3.3
CH63 2PQ,1.2
CH63 2PR,3.3
CH63 2PS,3.3
CH63 2PT,3.3
CH63 2PU,3.3
CH63 2PW,3.3
CH63 2PX,3.3
CH63 2PY,3.3
CH63 2PZ,3.3
CH63 2QA,3.3
CH63 2QB,3.3
CH63 2QD,3.3
CH63 2QE,3.3
CH63 2QF,3.3
CH63 2QG,3.3
CH63 2QH,1.2
CH63 2QJ,3.3
CH63 2QN,3.2
CH63 2QP,3.2
CH63 2QQ,3.3
CH63 2QR,3.2
CH63 2QT,3.2
CH63 2QU,3.2
CH63 2QX,3.2
CH63 2RH,3.2
CH63 3AD,3.2
CH63 3AF,3.2
CH63 3AG,3.2
CH63 3AH,3.2
CH63 3AL,3.2
CH63 3AN,3.2
CH63 3AP,3.2
CH63 3AQ,3.2
CH63 3AR,3.2
CH63 3AS,3.2
CH63 3AT,3.2
CH63 3AU,3.2
CH63 3AW,3.2
CH63 3AX,3.2
CH63 3AY,3.2
CH63 3AZ,3.2
CH63 3BA,3.2
CH63 3BB,3.2
CH63 3BD,3.2
CH63 3BE,3.2
CH63 3BG,3.2
CH63 3BH,3.2
CH63 3BJ,3.2
CH63 3BL,3.2
CH63 3BN,3.2
CH63 3BP,3.2
CH63 3BQ,3.2
CH63 3BR,3.2
CH63 3BS,3.2
CH63 3BT,1.2
CH63 3BU,1.2
CH63 3BW,1.2
CH63 3BX,1.2
CH63 3BY,3.2
CH63 3BZ,3.2
CH63 3DA,1.2
CH63 3DB,1.2
CH63 3DD,1.2
CH63 3DE,3.1
CH63 3DF,3.1
CH63 3DG,3.3
CH63 3DH,3.1
CH63 3DJ,3.2
CH63 3DL,1.2
CH62 9DY,1.2
CH62 9DZ,1.2
CH62 9EA,1.2
CH62 9EB,1.2
CH62 9ED,3.2
CH62 9EE,1.2
CH62 9EF,1.2
CH62 9EG,1.2
CH62 9EH,3.2
CH62 9EJ,3.2
CH62 9EL,3.2
CH62 9EN,3.2
CH62 9EP,3.2
CH62 9ER,3.2
CH62 9ET,3.2
CH62 9EU,3.3
CH62 9EW,3.2
CH62 9EX,3.3
CH62 9EY,3.3
CH62 9EZ,3.2
CH62 9GB,3.2
CH62 9HR,1.2
CH62 9HS,3.2
CH63 0EA,3.3
CH63 0EB,3.3
CH63 0ED,3.3
CH63 0EE,3.3
CH63 0EF,3.3
CH63 0EG,3.3
CH63 0EH,3.3
CH63 0EJ,3.3
CH63 0EL,3.3
CH63 0EN,3.3
CH63 0EP,3.3
CH63 0EQ,3.3
CH63 0ER,3.3
CH63 3DN,3.1
CH63 3DP,3.1
CH63 3DQ,3.1
CH63 3DR,3.2
CH63 3DS,3.3
CH63 3DT,3.2
CH63 3DU,3.2
CH63 3DW,3.1
CH63 3DX,1.2
CH63 3DY,3.1
CH63 3DZ,1.2
CH63 3EA,3.2
CH63 3EB,3.1
CH63 3ED,1.2
CH63 3EE,3.2
CH63 3EF,3.2
CH63 3EG,3.2
CH63 3EH,3.2
CH63 3EJ,3.2
CH63 3EN,3.2
CH63 3EP,3.2
CH63 3EQ,3.2
CH63 3ER,3.2
CH63 3ES,3.2
CH63 3ET,3.2
CH63 3EU,3.2
CH63 3EW,3.2
CH63 3EX,3.1
CH63 3EY,1.2
CH63 3EZ,1.2
CH63 3HA,1.2
CH63 3HB,1.2
CH63 3HD,1.2
CH63 3HE,1.2
CH63 3HF,3.1
CH63 3HG,1.2
CH63 3HH,1.2
CH63 3HJ,1.2
CH63 3HL,3.2
CH63 3HN,1.2
CH63 3HP,1.2
CH63 3HQ,1.2
CH63 3HR,3.2
CH63 3HS,3.2
CH63 3HT,3.2
CH63 3HU,3.2
CH63 3HW,3.2
CH63 3HX,1.2
CH63 3HY,1.2
CH63 3HZ,1.2
CH63 3JA,1.2
CH63 3JB,1.2
CH63 3JD,1.2
CH63 3JE,1.2
CH63 3JF,1.2
CH63 3JG,1.2
CH63 3JH,1.2
CH63 3JL,3.1
CH63 3JQ,1.2
CH63 3JR,1.2
CH63 3JW,3.1
CH63 0ES,3.3
CH63 0ET,3.3
CH63 0EU,3.3
CH63 0EW,3.3
CH63 0EX,3.3
CH63 0EY,3.3
CH63 0EZ,3.3
CH63 0HA,3.3
CH63 0HB,3.3
CH63 0HD,3.3
CH63 0HE,3.3
CH63 0HF,3.3
CH63 0HG,3.3
CH63 0HH,3.3
CH63 0HJ,3.3
CH63 0HL,2.1
CH63 0HN,3.3
CH63 0HP,3.3
CH63 0HQ,3.3
CH63 0HR,3.3
CH63 0HS,3.3
CH63 0HT,3.3
CH63 0HU,3.3
CH63 0HW,3.3
CH63 0HX,3.3
CH63 0HY,3.3
CH63 0HZ,3.3
CH63 0JA,3.3
CH63 0JB,3.3
CH63 0JD,3.3
CH63 0JE,3.3
CH63 0JG,3.3
CH63 0JH,3.3
CH63 0JJ,3.3
CH63 0JL,3.3
CH63 0JN,3.3
CH63 0JP,3.3
CH63 0JQ,3.3
CH63 0JR,3.3
CH63 0JS,3.3
CH63 0JT,3.3
CH63 0JU,3.3
CH63 0JW,3.3
CH63 0JX,3.3
CH63 0JY,3.3
CH63 0JZ,3.3
CH63 0LA,3.3
CH63 0LB,3.3
CH63 0LD,3.3
CH63 0LE,3.3
CH63 0LF,3.3
CH63 0LG,3.3
CH63 0LH,3.3
CH63 0LJ,3.3
CH63 0LL,3.3
CH63 0LN,3.3
CH63 0LP,3.3
CH63 0LQ,3.3
CH63 0LR,3.3
CH63 0LT,2.1
CH63 0LU,2.1
CH63 0LW,3.3
CH63 0LX,2.1
CH63 0LY,2.1
CH63 0LZ,3.3
CH63 0NA,3.3
CH63 0NB,3.3
CH63 0ND,3.3
CH63 0NE,3.3
CH63 0NF,3.3
CH63 0NG,3.3
CH63 0NH,3.3
CH63 0NJ,3.3
CH63 0NL,3.3
CH63 0NN,3.3
CH63 0NP,3.3
CH63 0NQ,3.3
CH63 0NR,3.3
CH63 0NT,3.3
CH63 0NU,3.3
CH63 0NW,2.1
CH63 0NX,3.3
CH63 0NY,3.3
CH63 0NZ,3.3
CH63 0PA,3.3
CH63 0PB,3.3
CH63 0PD,3.3
CH63 0PE,3.3
CH63 0PF,3.3
CH63 0PG,3.3
CH63 0PH,3.3
CH63 0PJ,3.3
CH63 0PL,3.3
CH63 0PN,3.3
CH63 0PP,3.3
CH63 0PQ,3.3
CH63 0PR,3.3
CH63 0PS,3.3
CH63 0PT,3.3
CH62 7EQ,1.1
CH62 7ER,0.1
CH62 7ES,0.1
CH62 7ET,0.1
CH62 7EU,0.1
CH62 7EW,1.1
CH62 7EX,0.1
CH62 7EY,0.1
CH62 7EZ,0.1
CH62 7FB,1.1
CH62 7HA,0.1
CH62 7HB,0.1
CH62 7HD,0.1
CH62 7HF,0.1
CH62 7HH,0.1
CH62 7HJ,0.1
CH62 7HL,0.1
CH62 7HN,0.1
CH62 7HP,1.1
CH62 7HQ,0.1
CH62 7HR,1.1
CH62 7HS,0.1
CH62 7HT,0.1
CH62 7HU,0.1
CH62 7HW,0.1
CH62 7HX,0.1
CH62 7HY,0.1
CH62 7HZ,0.1
CH62 7JA,0.1
CH62 7JB,0.1
CH62 7JD,0.1
CH62 7JE,0.1
CH62 7JF,0.1
CH62 7JG,0.1
CH62 7JH,1.1
CH62 7JJ,0.1
CH62 7JL,0.1
CH62 7JN,1.1
CH62 7JQ,1.1
CH62 7JT,0.1
CH62 7JX,0.1
CH62 7JY,0.1
CH62 7JZ,0.1
CH62 8AB,3.2
CH63 0PU,3.3
CH63 0PW,3.3
CH63 0PX,3.3
CH63 0PY,3.3
CH63 0QD,3.3
CH63 0QE,3.3
CH63 0QF,3.3
CH63 0QQ,3.3
CH63 0QX,1.1
CH63 1JA,2.1
CH63 1JB,2.1
CH63 1JD,2.1
CH63 1JE,2.1
CH63 1JF,2.1
CH63 1JG,2.1
CH63 1JH,2.1
CH63 1JJ,2.1
CH63 1JL,2.1
CH63 1JN,2.1
CH63 1JP,2.1
CH63 1JQ,2.1
CH63 1JR,2.1
CH63 1JS,2.1
CH63 1JT,2.1
CH63 1JU,2.1
CH63 1JW,2.1
CH63 1JX,2.1
CH63 2HA,1.2
CH63 2HB,1.2
CH63 2HD,3.1
CH63 2HE,3.2
CH63 2HF,3.3
CH63 2HG,1.2
CH63 2HH,3.3
CH63 2HJ,3.3
CH63 2HL,3.3
CH63 2HN,3.2
CH63 2HP,3.2
CH63 2HQ,1.2
CH63 2HR,3.2
CH63 2HS,3.2
CH63 2HT,3.1
CH63 2HU,3.2
CH63 2HW,3.2
CH63 2HX,3.2
CH63 2HY,3.2
CH63 2HZ,3.3
CH63 2JA,3.3
CH63 2JB,3.3
CH63 2JD,3.2
CH63 2JE,1.2
CH63 2JF,3.2
CH63 2JG,3.2
CH63 2JH,3.2
CH62 8AD,3.2
CH62 8AE,1.2
CH62 8AF,1.2
CH62 8AG,3.2
CH62 8AH,0.1
CH62 8AJ,1.2
CH62 8AL,1.2
CH62 8AN,3.2
CH62 8AP,3.2
CH62 8AQ,1.2
CH62 8AR,3.2
CH62 8AT,1.2
CH62 8AU,1.2
CH62 8AW,3.2
CH62 8AX,0.1
CH62 8AY,1.2
CH62 8AZ,1.2
CH62 8BA,0.1
CH62 8BB,3.2
CH62 8BD,0.1
CH62 8BE,0.1
CH62 8BG,0.1
CH62 8BH,1.2
CH62 8BJ,0.1
CH62 8BL,0.1
CH62 8BN,0.1
CH62 8BP,0.1
CH62 8BQ,0.1
CH62 8BR,0.1
CH62 8BS,1.2
CH62 8BT,3.2
CH62 8BU,3.2
CH62 8BW,0.1
CH62 8BX,3.2
CH62 8BY,3.2
CH62 8BZ,3.2
CH62 8DA,3.2
CH62 8DB,1.2
CH62 8DD,1.2
CH62 8DE,1.2
CH62 8DF,3.2
CH62 8DG,1.2
CH62 8DH,1.2
CH62 8DJ,3.2
CH62 8DL,3.2
CH62 8DN,3.2
CH62 8DP,3.2
CH62 8DQ,3.2
CH62 8DR,3.2
CH62 8DS,3.2
CH62 8DT,3.2
CH62 8DU,1.2
CH62 8DW,3.2
CH62 8DX,3.2
CH62 8DY,3.2
CH62 8DZ,3.2
CH62 8EA,1.2
CH62 8EB,3.2
CH62 8ED,3.2
CH62 8EE,3.2
CH62 8EF,3.2
CH62 8EG,3.2
CH62 8EH,1.2
CH62 8EJ,3.2
CH62 8EL,3.2
CH62 8EN,3.2
CH62 8EP,3.2
CH62 8EQ,3.2
CH62 8ER,3.2
CH62 8ES,3.2
CH62 8ET,1.2
CH62 8EU,1.2
CH62 8EW,3.2
CH62 8EX,1.2
CH62 8EY,1.2
CH62 8EZ,1.2
CH62 8HA,1.2
CH62 8HB,1.2
CH62 8HD,3.2
CH62 8HE,3.2
CH62 8HF,3.2
CH62 8HH,3.2
CH62 8HJ,0.1
CH62 8HQ,1.2
CH62 8JA,3.2
CH62 8JD,3.2
CH62 8JE,3.2
CH62 8JF,1.2
CH62 8JG,3.2
CH62 8JJ,1.2
CH62 9AA,3.2
CH62 9AB,3.2
CH62 9AD,1.2
CH62 9AE,3.2
CH62 9AF,3.2
CH62 9AG,3.2
CH62 9AJ,1.2
CH62 5DN,0.1
CH62 5DP,0.1
CH62 5DQ,0.1
CH62 5DR,1.1
CH62 5DS,1.1
CH62 5DT,1.1
CH62 5DW,1.1
CH62 5DX,1.1
CH62 5DY,0.1
CH62 5DZ,1.1
CH62 5EA,1.1
CH62 5EB,1.1
CH62 5ED,1.1
CH62 5EE,1.1
CH62 5EF,1.1
CH62 5EG,1.1
CH62 5EH,1.1
CH62 5EJ,1.1
CH62 5EL,1.1
CH62 5EN,1.1
CH62 5EP,1.1
CH62 5EQ,1.1
CH62 5ER,1.1
CH62 5ES,1.1
CH62 5ET,1.1
CH62 5EU,1.1
CH62 5EW,1.1
CH62 5EX,1.1
CH62 5EY,1.1
CH62 5EZ,1.1
CH62 5FD,1.1
CH62 5HA,1.1
CH62 5HB,0.1
CH62 5HD,0.1
CH62 5HE,0.1
CH62 5HF,1.1
CH62 5HG,0.1
CH62 5HP,1.1
CH62 5HS,1.1
CH62 5JG,1.1
CH62 5JS,1.1
CH62 5JT,1.1
CH62 5JX,1.1
CH62 5JY,1.1
CH62 5JZ,1.1
CH62 6AA,0.1
CH62 6AB,0.1
CH62 6AD,3.2
CH62 6AE,0.1
CH62 6AF,0.1
CH62 6AG,0.1
CH62 9AL,3.3
CH62 9AN,3.2
CH62 9AP,1.2
CH62 9AQ,1.2
CH62 9AR,1.2
CH62 9AT,3.2
CH62 9AU,3.2
CH62 9AW,3.2
CH62 9AX,1.2
CH62 9AY,1.2
CH62 9AZ,3.2
CH62 9BA,3.2
CH62 9BB,1.2
CH62 9BD,3.2
CH62 9BE,1.2
CH62 9BG,1.2
CH62 9BH,1.2
CH62 9BJ,1.2
CH62 9BL,1.2
CH62 9BN,1.2
CH62 9BP,1.2
CH62 9BQ,1.2
CH62 9BR,1.2
CH62 9BS,1.2
CH62 9BT,1.2
CH62 9BU,1.2
CH62 9BW,1.2
CH62 9BX,1.2
CH62 9BY,3.2
CH62 9BZ,3.2
CH62 9DA,1.2
CH62 9DB,1.2
CH62 9DD,3.2
CH62 9DE,3.2
CH62 9DF,3.2
CH62 9DG,3.2
CH62 9DH,3.2
CH62 9DJ,3.2
CH62 9DL,3.2
CH62 9DN,3.2
CH62 9DP,1.2
CH62 9DQ,3.2
CH62 9DR,1.2
CH62 9DS,3.2
CH62 9DT,3.2
CH62 9DU,1.2
CH62 9DW,1.2
CH62 9DX,1.2
CH62 6AH,0.1
CH62 6AJ,0.1
CH62 6AL,0.1
CH62 6AN,0.1
CH62 6AP,0.1
CH62 6AQ,0.1
CH62 6AR,0.1
CH62 6AS,3.2
CH62 6AT,0.1
CH62 6AU,0.1
CH62 6AW,0.1
CH62 6AX,0.1
CH62 6AY,0.1
CH62 6AZ,0.1
CH62 6BA,3.2
CH62 6BB,0.1
CH62 6BD,3.2
CH62 6BE,3.2
CH62 6BF,3.2
CH62 6BG,3.2
CH62 6BH,3.2
CH62 6BJ,3.2
CH62 6BL,3.2
CH62 6BN,3.2
CH62 6BP,3.2
CH62 6BQ,3.2
CH62 6BR,3.2
CH62 6BS,3.2
CH62 6BT,3.2
CH62 6BU,3.2
CH62 6BW,3.2
CH62 6BX,3.2
CH62 6BY,3.2
CH62 6BZ,3.2
CH62 6DA,3.2
CH62 6DB,0.1
CH62 6DD,0.1
CH62 6DE,0.1
CH62 6DF,0.1
CH62 6DG,0.1
CH62 6DH,0.1
CH62 6DJ,0.1
CH62 6DL,3.2
CH62 6DN,3.2
CH62 6DP,3.2
CH62 6DQ,0.1
CH62 6DR,3.2
CH62 6DS,3.2
CH62 6DT,3.2
CH62 6DU,3.2
CH62 6DW,0.1
CH62 6DX,0.1
CH62 6DY,3.2
CH62 6DZ,3.2
CH62 6EA,3.2
CH62 6EB,3.2
CH62 6ED,0.1
CH62 6EE,0.1
CH62 6EF,3.2
CH62 6EG,3.2
CH62 6EL,3.2
CH62 6EP,3.2
CH62 6ER,3.2
CH62 6ES,0.1
CH62 6ET,3.2
CH62 6EU,3.2
CH62 6EW,0.1
CH62 6EY,0.1
CH62 6HB,3.2
CH62 6HD,3.2
CH62 7AA,0.1
CH62 7AB,0.1
CH62 7AD,1.1
CH62 7AE,1.1
CH62 7AF,1.1
CH62 7AG,1.1
CH62 7AH,1.1
CH62 7AJ,1.1
CH62 7AL,1.1
CH62 7AN,1.1
CH62 7AP,1.1
CH62 7AQ,1.1
CH62 7AR,1.1
CH62 7AS,1.1
CH62 7AT,1.1
CH62 7AU,1.1
CH62 7AW,1.1
CH62 7AX,1.1
CH62 7AY,1.1
CH62 7AZ,1.1
CH62 7BA,1.1
CH62 7BB,1.1
CH62 7BD,1.1
CH62 7BE,1.1
CH62 7BG,1.1
CH62 7BH,1.1
CH62 7BJ,1.1
CH62 7BL,1.1
CH62 7BN,1.1
CH62 2EQ,1.1
CH62 2ER,1.1
CH62 2ES,1.1
CH62 2ET,0.1
CH62 2EW,0.1
CH62 2EX,0.1
CH62 2EY,0.1
CH62 2FH,1.1
CH62 2HE,0.1
CH62 3AB,0.1
CH62 3JQ,0.1
CH62 3LA,0.1
CH62 3LB,0.1
CH62 3LD,0.1
CH62 3LE,0.1
CH62 3LF,0.1
CH62 3LG,0.1
CH62 3LH,0.1
CH62 3LJ,0.1
CH62 3LL,0.1
CH62 3LN,0.1
CH62 3LP,0.1
CH62 3LQ,0.1
CH62 3LR,0.1
CH62 3LS,0.1
CH62 3LT,0.1
CH62 3LU,0.1
CH62 3LW,0.1
CH62 3LX,0.1
CH62 3LY,0.1
CH62 3LZ,0.1
CH62 3NA,0.1
CH62 3NB,0.1
CH62 3ND,0.1
CH62 3NE,0.1
CH62 3NF,0.1
CH62 3NG,0.1
CH62 3NH,0.1
CH62 3NL,0.1
CH62 3NN,0.1
CH62 3NP,0.1
CH62 3NQ,0.1
CH62 3NR,0.1
CH62 3NS,0.1
CH62 3NU,0.1
CH62 3NX,0.1
CH62 3NY,0.1
CH62 3PB,0.1
CH62 3PE,0.1
CH62 3PH,0.1
CH62 3PL,0.1
CH62 3PN,0.1
CH62 3PQ,0.1
CH62 3PR,0.1
CH62 3PT,0.1
CH62 3PW,0.1
CH62 3PY,0.1
CH62 7BP,1.1
CH62 7BQ,1.1
CH62 7BS,1.1
CH62 7BT,1.1
CH62 7BU,1.1
CH62 7BW,0.1
CH62 7BX,1.1
CH62 7BY,1.1
CH62 7DA,0.1
CH62 7DB,1.1
CH62 7DD,1.1
CH62 7DE,1.1
CH62 7DF,1.1
CH62 7DG,1.1
CH62 7DH,1.1
CH62 7DJ,1.1
CH62 7DL,1.1
CH62 7DN,1.1
CH62 7DP,1.1
CH62 7DQ,1.1
CH62 7DR,1.1
CH62 7DS,1.1
CH62 7DT,1.1
CH62 7DU,1.1
CH62 7DW,1.1
CH62 7DX,1.1
CH62 7DY,1.1
CH62 7DZ,1.1
CH62 7EA,1.1
CH62 7EB,1.1
CH62 7ED,1.1
CH62 7EE,1.1
CH62 7EF,1.1
CH62 7EG,1.1
CH62 7EH,0.1
CH62 7EJ,0.1
CH62 7EL,0.1
CH62 7EN,1.1
CH62 7EP,1.1
CH62 3PZ,0.1
CH62 3QA,0.1
CH62 3QB,0.1
CH62 3QD,0.1
CH62 3QG,0.1
CH62 3QL,0.1
CH62 3QP,0.1
CH62 3QQ,0.1
CH62 3QR,0.1
CH62 3QT,0.1
CH62 3QX,0.1
CH62 3QZ,0.1
CH62 3RA,0.1
CH62 3RB,0.1
CH62 3RD,0.1
CH62 3RE,0.1
CH62 3RG,0.1
CH62 3RH,0.1
CH62 3RJ,0.1
CH62 3RL,0.1
CH62 3RN,0.1
CH62 3RP,0.1
CH62 4AB,0.1
CH62 4RA,0.1
CH62 4RA,0.1
CH62 4RB,0.1
CH62 4RB,0.1
CH62 4RD,0.1
CH62 4RD,0.1
CH62 4RE,0.1
CH62 4RE,0.1
CH62 4RF,0.1
CH62 4RF,0.1
CH62 4RG,0.1
CH62 4RG,0.1
CH62 4RH,0.1
CH62 4RJ,0.1
CH62 4RJ,0.1
CH62 4RL,0.1
CH62 4RL,0.1
CH62 4RN,0.1
CH62 4RN,0.1
CH62 4RP,0.1
CH62 4RP,0.1
CH62 4RQ,1.1
CH62 4RR,0.1
CH62 4RR,0.1
CH62 4RS,0.1
CH62 4RS,0.1
CH62 4RT,0.1
CH62 4RT,0.1
CH62 4RU,0.1
CH62 4RU,0.1
CH62 4RW,0.1
CH62 4RW,0.1
CH62 4RX,0.1
CH62 4RX,0.1
CH62 4RY,0.1
CH62 4RY,0.1
CH62 4SA,0.1
CH62 4SA,0.1
CH62 4SB,0.1
CH62 4SB,0.1
CH62 4SD,0.1
CH62 4SD,0.1
CH62 4SE,0.1
CH62 4SE,0.1
CH62 4SF,0.1
CH62 4SG,1.1
CH62 4SJ,1.1
CH62 4SL,1.1
CH62 4SN,1.1
CH62 4SP,0.1
CH62 4SQ,0.1
CH62 4SR,0.1
CH62 4SZ,0.1
CH62 4TA,0.1
CH62 4TB,0.1
CH62 4TG,0.1
CH62 4TP,0.1
CH62 4TT,0.1
CH62 4TU,0.1
CH62 4TX,0.1
CH62 4TY,0.1
CH62 4TZ,0.1
CH62 4UA,0.1
CH62 4UB,0.1
CH62 4UE,0.1
CH62 4UH,0.1
CH62 4UJ,0.1
CH62 4UL,0.1
CH62 4UN,0.1
CH62 4UP,0.1
CH62 4UQ,0.1
CH62 4UR,0.1
CH62 4US,0.1
CH62 4UT,0.1
CH62 4UU,0.1
CH62 4UW,0.1
CH62 4UX,0.1
CH62 4UY,0.1
CH62 4UZ,0.1
CH62 4XB,0.1
CH62 4XD,0.1
CH62 4XE,0.1
CH62 4XN,0.1
CH62 4YA,0.1
CH62 4YB,0.1
CH62 4YU,0.1
CH62 4ZD,1.1
CH62 5AA,1.1
CH62 5AB,1.1
CH61 9QJ,3.2
CH61 9QN,3.2
CH61 9QQ,3.2
CH61 9QW,3.2
CH62 0AA,3.2
CH62 0AB,3.2
CH62 0AE,3.2
CH62 0AF,3.2
CH62 0AG,3.2
CH62 0AH,3.2
CH62 0AJ,3.2
CH62 0AL,3.2
CH62 0AN,3.2
CH62 0AP,3.2
CH62 0AQ,3.2
CH62 0AR,3.2
CH62 0AS,3.2
CH62 0AT,3.2
CH62 0AU,3.2
CH62 0AW,3.2
CH62 0AZ,3.2
CH62 0BA,3.2
CH62 0BB,3.2
CH62 0BD,3.2
CH62 0BE,3.2
CH62 0BF,3.2
CH62 0BG,3.2
CH62 0BH,3.2
CH62 0BJ,3.2
CH62 0BL,3.2
CH62 0BN,3.2
CH62 0BP,3.2
CH62 0BQ,3.2
CH62 0BR,3.2
CH62 0BS,3.2
CH62 0BT,3.2
CH62 0BU,3.2
CH62 0BW,3.2
CH62 0BX,3.2
CH62 0BY,3.2
CH62 0BZ,3.2
CH62 0DA,3.2
CH62 0DB,3.2
CH62 0DR,3.2
CH62 1AA,1.1
CH62 1AB,1.1
CH62 1AD,0.1
CH62 1AD,0.1
CH62 1AE,0.1
CH62 1AE,0.1
CH62 1AF,0.1
CH62 1AF,0.1
CH62 1AG,0.1
CH62 1AG,0.1
CH62 1AL,0.1
CH62 1AL,0.1
CH62 1AN,1.1
CH62 1AP,1.1
CH62 1AR,1.1
CH62 1AS,1.1
CH62 1AT,1.1
CH62 1AU,1.1
CH62 1AW,1.1
CH62 1AX,1.1
CH62 1AY,1.1
CH62 1AZ,1.1
CH62 1BA,1.1
CH62 1BB,1.1
CH62 5AD,1.1
CH62 5AE,1.1
CH62 5AG,1.1
CH62 5AL,1.1
CH62 5AP,1.1
CH62 5AR,1.1
CH62 5AS,1.1
CH62 5AT,1.1
CH62 5AW,1.1
CH62 5AX,1.1
CH62 5AY,1.1
CH62 5AZ,1.1
CH62 5BA,1.1
CH62 5BB,1.1
CH62 5BD,1.1
CH62 5BE,1.1
CH62 5BG,1.1
CH62 5BH,1.1
CH62 5BJ,1.1
CH62 5BQ,1.1
CH62 5BS,1.1
CH62 5BU,1.1
CH62 5BX,1.1
CH62 5BY,1.1
CH62 5BZ,1.1
CH62 5DA,1.1
CH62 5DB,1.1
CH62 5DD,1.1
CH62 5DE,1.1
CH62 5DF,1.1
CH62 5DG,0.1
CH62 5DH,0.1
CH62 5DJ,1.1
CH62 5DL,0.1
CH62 1BD,1.1
CH62 1BG,1.1
CH62 1BH,1.1
CH62 1BJ,1.1
CH62 1BL,1.1
CH62 1BP,1.1
CH62 1BQ,1.1
CH62 1BR,1.1
CH62 1BS,0.1
CH62 1BS,0.1
CH62 1BU,0.1
CH62 1BU,0.1
CH62 1BX,0.1
CH62 1BX,0.1
CH62 1BY,0.1
CH62 1BY,0.1
CH62 1BZ,1.1
CH62 1DA,1.1
CH62 1DB,0.1
CH62 1DB,0.1
CH62 1DD,1.1
CH62 1DE,1.1
CH62 1DF,0.1
CH62 1DF,0.1
CH62 1DG,1.1
CH62 1DL,1.1
CH62 1DN,1.1
CH62 1DP,1.1
CH62 1DQ,1.1
CH62 1DR,1.1
CH62 1DS,1.1
CH62 1DT,1.1
CH62 1DU,1.1
CH62 1DW,1.1
CH62 1DX,1.1
CH62 1DY,1.1
CH62 1DZ,1.1
CH62 1EA,1.1
CH62 1EB,1.1
CH62 1ED,1.1
CH62 1EE,1.1
CH62 1EF,1.1
CH62 1EG,1.1
CH62 1EH,1.1
CH62 1EJ,1.1
CH62 1EL,1.1
CH62 1EN,1.1
CH62 1EQ,1.1
CH62 1ER,1.1
CH62 1ES,1.1
CH62 1ET,1.1
CH62 1EU,1.1
CH62 1EW,1.1
CH62 1EY,1.1
CH62 1EZ,1.1
CH62 1HE,0.1
CH62 1HE,0.1
CH62 1HF,0.1
CH62 1HF,0.1
CH62 1HG,0.1
CH62 1HG,0.1
CH62 1HH,0.1
CH62 1HH,0.1
CH62 1HJ,0.1
CH62 1HJ,0.1
CH62 1HL,0.1
CH62 1HL,0.1
CH62 1HQ,0.1
CH62 1HQ,0.1
CH62 1HW,1.1
CH62 2AA,1.1
CH62 2AD,0.1
CH62 2AE,0.1
CH62 2AF,0.1
CH62 2AG,0.1
CH62 2AH,0.1
CH62 2AJ,0.1
CH62 2AL,0.1
CH62 2AN,0.1
CH62 2AP,0.1
CH62 2AQ,0.1
CH62 2AR,0.1
CH62 2AS,0.1
CH62 2AT,0.1
CH62 2AU,0.1
CH62 2AW,0.1
CH62 2AX,0.1
CH62 2AY,0.1
CH62 2AZ,0.1
CH62 2BA,0.1
CH62 2BB,0.1
CH62 2BD,0.1
CH62 2BE,0.1
CH62 2BF,0.1
CH62 2BG,0.1
CH62 2BH,0.1
CH62 2BJ,0.1
CH62 2BL,0.1
CH62 2BN,1.1
CH62 2BP,0.1
CH62 2BQ,0.1
CH62 2BR,1.1
CH62 2BS,1.1
CH62 2BT,0.1
CH62 2BU,0.1
CH62 2BW,1.1
CH62 2BX,0.1
CH62 2BY,1.1
CH62 2BZ,0.1
CH62 2DA,0.1
CH62 2DB,1.1
CH62 2DD,1.1
CH61 5YW,3.2
CH61 6UA,3.3
CH61 6UB,0.1
CH61 6UD,0.1
CH61 6UE,3.3
CH61 6UF,3.3
CH61 6UG,3.3
CH61 6UH,3.3
CH61 6UJ,3.3
CH61 6UL,3.2
CH61 6UN,3.3
CH61 6UP,3.2
CH61 6UQ,3.2
CH61 6UR,3.3
CH61 6US,3.3
CH61 6UT,0.1
CH61 6UU,0.1
CH61 6UW,3.3
CH61 6UX,0.1
CH61 6UY,0.1
CH61 6UZ,3.2
CH61 6XA,0.1
CH61 6XB,0.1
CH61 6XD,0.1
CH61 6XE,0.1
CH61 6XF,3.2
CH61 6XG,3.2
CH61 6XH,3.2
CH61 6XJ,3.2
CH61 6XL,3.2
CH61 6XN,3.2
CH61 6XP,3.2
CH61 6XQ,3.2
CH61 6XR,3.2
CH61 6XS,3.2
CH61 6XT,3.2
CH61 6XU,3.2
CH61 6XW,3.2
CH61 6XX,3.2
CH61 6XY,3.2
CH61 6XZ,3.2
CH61 6YA,3.2
CH61 6YB,3.2
CH61 6YD,3.3
CH61 6YE,0.1
CH61 6YF,3.2
CH61 6YG,3.2
CH61 6YH,3.2
CH61 6YJ,3.2
CH61 6YL,3.2
CH61 6YQ,3.2
CH61 7UA,3.2
CH61 7UB,3.2
CH61 7UD,3.2
CH61 7UE,3.2
CH61 7UG,3.2
CH61 7UH,3.2
CH61 7UJ,3.2
CH61 7UL,3.2
CH61 7UN,3.2
CH61 7UP,3.2
CH61 7UQ,3.2
CH61 7UR,3.2
CH61 7US,3.2
CH61 7UT,3.2
CH61 7UU,3.2
CH61 7UW,3.2
CH61 7UX,3.2
CH61 7UY,3.2
CH61 7UZ,3.2
CH61 7XA,3.2
CH61 7XB,3.2
CH61 7XD,3.2
CH62 2DE,0.1
CH62 2DF,0.1
CH62 2DG,0.1
CH62 2DH,0.1
CH62 2DJ,0.1
CH62 2DL,1.1
CH62 2DN,0.1
CH62 2DP,0.1
CH62 2DQ,0.1
CH62 2DR,1.1
CH62 2DS,0.1
CH62 2DT,1.1
CH62 2DU,1.1
CH62 2DW,0.1
CH62 2DX,1.1
CH62 2DY,1.1
CH62 2DZ,1.1
CH62 2EA,1.1
CH62 2EB,1.1
CH62 2ED,1.1
CH62 2EE,0.1
CH62 2EF,0.1
CH62 2EG,1.1
CH62 2EH,1.1
CH62 2EJ,1.1
CH62 2EL,0.1
CH62 2EP,1.1
CH61 7XE,3.2
CH61 7XF,3.2
CH61 7XG,3.2
CH61 7XH,3.2
CH61 7XJ,3.2
CH61 7XL,3.2
CH61 7XN,3.2
CH61 7XP,3.2
CH61 7XQ,3.2
CH61 7XR,3.2
CH61 7XS,3.2
CH61 7XT,3.2
CH61 7XU,3.2
CH61 7XW,3.2
CH61 7XX,3.2
CH61 7XY,3.2
CH61 7XZ,3.2
CH61 7YA,3.2
CH61 7YD,3.2
CH61 7YG,0.1
CH61 7YH,3.2
CH61 7YQ,3.2
CH61 8RA,3.2
CH61 8RB,3.2
CH61 8RD,3.2
CH61 8RE,3.2
CH61 8RF,3.2
CH61 8RG,3.2
CH61 8RH,3.2
CH61 8RJ,3.2
CH61 8RL,3.2
CH61 8RN,3.2
CH61 8RP,3.2
CH61 8RQ,3.2
CH61 8RR,3.2
CH61 8RS,3.2
CH61 8RT,3.2
CH61 8RU,3.2
CH61 8RW,3.2
CH61 8RX,3.2
CH61 8RY,3.2
CH61 8RZ,3.2
CH61 8SA,3.2
CH61 8SB,3.2
CH61 8SD,3.2
CH61 8SE,3.2
CH61 8SF,3.2
CH61 8SG,3.2
CH61 8SH,3.2
CH61 8SJ,3.2
CH61 8SL,3.2
CH61 8SN,3.2
CH61 8SP,3.2
CH61 8SQ,3.2
CH61 8SR,3.2
CH61 8SS,3.2
CH61 8ST,3.2
CH61 8SU,3.2
CH61 8SW,3.2
CH61 8SX,3.2
CH61 8SY,3.2
CH61 8SZ,3.2
CH61 8TA,3.2
CH61 8TB,3.2
CH61 8TD,3.2
CH61 8TE,3.2
CH61 8TF,3.2
CH61 8TG,3.2
CH61 8TH,3.2
CH61 8TJ,3.2
CH61 8TQ,3.2
CH61 8TR,3.2
CH61 8TS,3.2
CH61 9NA,3.3
CH61 9NB,3.3
CH61 9ND,3.2
CH61 9NE,3.2
CH61 9NF,3.2
CH61 9NG,3.3
CH61 9NH,3.3
CH61 9NN,3.2
CH61 9NP,3.3
CH61 9NQ,3.3
CH61 9NR,3.3
CH61 9NT,3.2
CH61 9NU,3.2
CH61 9NW,3.2
CH61 9NX,3.2
CH61 9NY,3.2
CH61 9NZ,3.2
CH61 9PA,3.2
CH61 9PB,3.2
CH61 9PD,3.2
CH61 9PE,3.3
CH61 9PF,3.2
CH61 9PG,3.2
CH61 9PH,3.2
CH61 1AY,3.2
CH61 1AZ,3.2
CH61 1BA,3.2
CH61 1BB,3.2
CH61 1BD,3.2
CH61 1BE,3.2
CH61 1BG,3.2
CH61 1BH,3.2
CH61 1BJ,3.2
CH61 1BL,3.2
CH61 1BN,3.2
CH61 1BP,3.2
CH61 1BQ,3.2
CH61 1BR,3.3
CH61 1BS,3.2
CH61 1BT,3.3
CH61 1BU,3.3
CH61 1BW,3.3
CH61 1BX,3.3
CH61 1BY,3.3
CH61 1BZ,3.3
CH61 1DA,3.3
CH61 1DB,3.3
CH61 1DD,3.3
CH61 1DE,3.3
CH61 1DF,3.3
CH61 1DG,3.3
CH61 1DJ,3.2
CH61 1DL,3.2
CH61 1DU,3.3
CH61 2XA,3.2
CH61 2XB,3.2
CH61 2XD,3.2
CH61 2XE,3.2
CH61 2XF,3.2
CH61 2XG,3.2
CH61 2XH,3.2
CH61 2XJ,3.2
CH61 2XL,3.2
CH61 2XN,3.2
CH61 2XP,3.2
CH61 2XQ,3.2
CH61 2XR,3.3
CH61 2XS,3.2
CH61 2XW,3.2
CH61 3UA,3.2
CH61 3UB,3.2
CH61 3UD,3.2
CH61 3UE,3.2
CH61 3UG,3.2
CH61 3UH,3.2
CH61 3UJ,3.2
CH61 3UL,3.2
CH61 3UN,3.2
CH61 3UP,3.2
CH61 3UQ,3.2
CH61 3UR,3.2
CH61 3US,3.2
CH61 3UT,3.2
CH61 3UU,3.2
CH61 3UW,3.2
CH61 3UX,3.2
CH61 3UY,3.2
CH61 3UZ,3.2
CH61 3WB,3.2
CH61 3XA,3.2
CH61 3XB,3.2
CH61 3XD,3.2
CH61 3XE,3.2
CH61 3XF,3.2
CH61 3XG,3.2
CH61 3XH,3.2
CH61 3XJ,3.2
CH61 3XL,3.2
CH61 3XN,3.2
CH61 3XQ,3.2
CH61 3XR,3.2
CH61 3XS,3.2
CH61 9PJ,3.2
CH61 9PL,3.2
CH61 9PN,3.2
CH61 9PP,3.2
CH61 9PQ,3.2
CH61 9PR,3.2
CH61 9PS,3.2
CH61 9PT,3.2
CH61 9PU,3.2
CH61 9PW,3.2
CH61 9PX,3.2
CH61 9PY,3.2
CH61 9PZ,3.2
CH61 9QA,3.2
CH61 9QB,3.2
CH61 9QD,3.2
CH61 9QE,3.2
CH61 9QF,3.2
CH61 9QG,3.2
CH61 9QH,3.2
CH61 3XT,3.2
CH61 3XU,3.2
CH61 3XW,3.2
CH61 3XX,3.2
CH61 3XY,3.2
CH61 3XZ,3.2
CH61 3YB,3.2
CH61 4UA,3.2
CH61 4UB,3.2
CH61 4UD,3.3
CH61 4UE,3.3
CH61 4UF,3.3
CH61 4UG,3.2
CH61 4UH,3.2
CH61 4UJ,3.2
CH61 4UL,3.2
CH61 4UN,3.2
CH61 4UP,3.2
CH61 4UQ,3.2
CH61 4UR,3.2
CH61 4US,3.2
CH61 4UT,3.2
CH61 4UU,3.2
CH61 4UW,3.2
CH61 4UX,3.2
CH61 4UY,3.2
CH61 4UZ,3.2
CH61 4XA,3.3
CH61 4XB,3.3
CH61 4XD,3.3
CH61 4XE,3.3
CH61 4XF,3.3
CH61 4XG,3.3
CH61 4XH,3.3
CH61 4XJ,3.3
CH61 4XL,3.3
CH61 4XN,3.3
CH61 4XP,3.3
CH61 4XQ,3.2
CH61 4XR,3.3
CH61 4XS,3.3
CH61 4XT,3.3
CH61 4XU,3.3
CH61 4XW,3.3
CH61 4XX,3.3
CH61 4XY,3.2
CH61 4XZ,3.3
CH61 4YA,3.3
CH61 4YB,3.2
CH61 4YD,3.2
CH61 4YE,3.3
CH61 4YF,3.2
CH61 4YG,3.2
CH61 4YH,3.2
CH61 4YJ,3.2
CH61 4YL,3.2
CH61 4YN,3.2
CH61 4YP,3.2
CH61 4YQ,3.2
CH61 4YR,3.2
CH61 4YS,3.2
CH61 4YT,3.3
CH61 4YU,3.3
CH61 4YW,3.2
CH61 5UA,3.2
CH61 5UB,3.2
CH61 5UD,3.2
CH61 5UE,3.2
CH61 5UF,3.2
CH61 5UG,3.2
CH61 5UH,3.2
CH61 5UJ,3.2
CH61 5UL,3.2
CH61 5UN,3.2
CH61 5UP,3.2
CH61 5UQ,3.2
CH61 5UR,3.2
CH61 5US,3.2
CH61 5UT,3.2
CH61 5UU,3.2
CH61 5UW,3.2
CH61 5UX,3.2
CH61 5UY,3.2
CH61 5UZ,3.2
CH61 5XB,3.2
CH61 5XD,3.2
CH61 5XE,3.2
CH61 5XF,3.2
CH61 5XG,3.2
CH61 5XH,3.2
CH61 5XJ,3.2
CH61 5XL,3.2
CH61 5XN,3.2
CH61 5XP,3.2
CH61 5XR,3.2
CH61 5XS,3.2
CH61 5XT,3.2
CH60 6SN,0.1
CH60 6SP,0.1
CH60 6SQ,0.1
CH60 6SR,3.2
CH60 6SS,3.2
CH60 6SU,0.1
CH60 6SZ,0.1
CH60 6TD,3.2
CH60 6TE,3.2
CH60 6TF,0.1
CH60 6TG,3.2
CH60 6TN,3.2
CH60 6TQ,0.1
CH60 6TX,3.2
CH60 7RA,0.1
CH60 7RB,0.1
CH60 7RD,0.1
CH60 7RE,0.1
CH60 7RF,0.1
CH60 7RG,0.1
CH60 7RH,0.1
CH60 7RJ,0.1
CH60 7RN,0.1
CH60 7RP,0.1
CH60 7RQ,0.1
CH60 7RU,0.1
CH60 7RX,0.1
CH60 7RY,0.1
CH60 7RZ,0.1
CH60 7SA,0.1
CH60 7SB,0.1
CH60 7SD,0.1
CH60 7SE,0.1
CH60 7SF,0.1
CH60 7SG,0.1
CH60 7SH,0.1
CH60 7SL,0.1
CH60 7SN,0.1
CH60 7SP,0.1
CH60 7SQ,0.1
CH60 7SR,0.1
CH60 7SS,0.1
CH60 7ST,0.1
CH60 7SU,0.1
CH60 7SW,0.1
CH60 7SX,0.1
CH60 7SY,0.1
CH60 7SZ,0.1
CH60 7TA,0.1
CH60 7TB,0.1
CH60 7TD,0.1
CH60 7TE,0.1
CH60 7TF,0.1
CH60 7TT,0.1
CH60 7TW,0.1
CH60 8NA,3.3
CH60 8NB,3.3
CH60 8ND,3.3
CH60 8NE,3.3
CH60 8NF,3.3
CH60 8NG,3.3
CH60 8NH,3.3
CH60 8NJ,3.3
CH60 8NL,3.3
CH60 8NN,3.3
CH60 8NP,3.3
CH60 8NQ,3.3
CH60 8NR,3.3
CH60 8NT,3.3
CH60 8NU,3.3
CH60 8NW,3.3
CH60 8NX,3.3
CH60 8NY,3.3
CH60 8NZ,3.3
CH60 8PA,3.3
CH60 8PB,3.3
CH60 8PD,3.3
CH60 8PE,3.3
CH60 8PF,3.3
CH60 8PG,3.3
CH60 8PH,3.3
CH60 8PJ,3.3
CH60 8PL,3.3
CH61 5XU,3.2
CH61 5XW,3.2
CH61 5XX,3.2
CH61 5XY,3.2
CH61 5XZ,3.2
CH61 5YA,3.2
CH61 5YB,3.2
CH61 5YD,3.2
CH61 5YE,3.2
CH61 5YF,3.2
CH61 5YG,3.2
CH61 5YH,3.2
CH61 5YQ,3.2
CH60 8PN,3.3
CH60 8PP,3.3
CH60 8PQ,3.3
CH60 8PR,3.3
CH60 8PS,3.3
CH60 8PT,3.3
CH60 8PU,3.3
CH60 8PW,3.3
CH60 8PX,3.3
CH60 8PY,3.3
CH60 8PZ,3.3
CH60 8QA,3.3
CH60 8QB,3.3
CH60 8QD,3.3
CH60 8QE,3.3
CH60 8QF,3.3
CH60 8QG,3.3
CH60 8QH,3.3
CH60 8QJ,3.3
CH60 8QL,3.3
CH60 8QN,3.3
CH60 8QQ,3.3
CH60 8QW,3.3
CH60 9HA,3.3
CH60 9HB,3.3
CH60 9HD,3.3
CH60 9HE,3.3
CH60 9HF,3.3
CH60 9HG,3.3
CH60 9HH,3.3
CH60 9HJ,3.3
CH60 9HL,3.3
CH60 9HN,3.3
CH60 9HP,3.3
CH60 9HQ,3.3
CH60 9HR,3.3
CH60 9HS,3.3
CH60 9HT,3.3
CH60 9HU,3.3
CH60 9HW,3.3
CH60 9HX,3.3
CH60 9HY,3.3
CH60 9HZ,3.3
CH60 9JA,3.3
CH60 9JB,3.3
CH60 9JD,3.3
CH60 9JE,3.3
CH60 9JF,3.3
CH60 9JG,3.3
CH60 9JH,3.3
CH60 9JJ,3.3
CH60 9JL,3.3
CH60 9JN,3.3
CH60 9JP,3.3
CH60 9JQ,3.3
CH60 9JR,3.3
CH60 9JS,3.3
CH60 9JT,3.3
CH60 9JU,3.3
CH60 9JW,3.3
CH60 9JX,3.3
CH60 9JY,3.3
CH60 9JZ,3.3
CH60 9LA,3.3
CH60 9LB,3.3
CH60 9LD,3.3
CH60 9LE,3.3
CH60 9LF,3.3
CH60 9LG,3.3
CH60 9LH,3.3
CH60 9LJ,3.3
CH60 9LL,3.3
CH60 9LQ,3.3
CH60 9LW,3.3
CH61 0HA,3.2
CH61 0HB,3.3
CH61 0HD,3.3
CH61 0HE,3.2
CH61 0HF,3.3
CH61 0HG,3.3
CH61 0HH,3.3
CH61 0HJ,3.3
CH61 0HL,3.3
CH61 0HN,3.3
CH61 0HP,3.3
CH61 0HQ,3.3
CH61 0HR,3.3
CH61 0HW,3.3
CH61 1AD,3.3
CH61 1AE,3.3
CH61 1AF,3.3
CH61 1AG,3.3
CH61 1AH,3.3
CH61 1AJ,3.3
CH61 1AL,3.3
CH61 1AN,3.3
CH61 1AP,3.3
CH61 1AQ,3.3
CH60 2SP,3.3
CH60 2SQ,3.3
CH60 2SR,3.3
CH60 2SS,3.3
CH60 2ST,3.3
CH60 2SU,3.3
CH60 2SW,3.3
CH60 2SX,3.3
CH60 2SY,3.3
CH60 2SZ,3.3
CH60 2TA,3.3
CH60 2TB,3.3
CH60 2TD,3.3
CH60 2TE,3.3
CH60 2TF,3.3
CH60 2TG,3.3
CH60 2TH,3.3
CH60 2TJ,3.3
CH60 2TL,3.3
CH60 2TN,3.3
CH60 2TP,3.3
CH60 2TQ,3.3
CH60 2TR,3.3
CH60 2TS,3.3
CH60 2TT,3.3
CH60 2TU,3.3
CH60 2TW,3.3
CH60 2TX,3.3
CH60 2TY,3.3
CH60 2TZ,3.3
CH60 2UA,3.3
CH60 2UB,3.3
CH60 2UD,3.3
CH60 2UE,3.3
CH60 2UH,3.3
CH60 2UJ,3.3
CH60 2UL,3.3
CH60 2UR,3.3
CH60 3RA,3.3
CH60 3RB,3.3
CH60 3RD,3.3
CH60 3RE,3.3
CH60 3RF,3.3
CH60 3RG,3.3
CH60 3RH,3.3
CH60 3RJ,3.3
CH60 3RL,3.3
CH60 3RN,3.3
CH60 3RP,3.3
CH60 3RQ,3.3
CH60 3RR,3.3
CH60 3RS,3.3
CH60 3RT,3.3
CH60 3RU,3.3
CH60 3RW,3.3
CH60 3RX,3.3
CH60 3RY,3.3
CH60 3RZ,3.3
CH60 3SA,3.3
CH60 3SB,3.3
CH60 3SD,3.3
CH60 3SE,3.3
CH60 3SH,3.3
CH60 3SJ,3.3
CH60 3SL,3.3
CH60 3SN,3.3
CH60 3SP,3.3
CH60 3SS,3.3
CH60 3ST,3.3
CH60 3SU,3.3
CH60 3SW,3.3
CH60 3SX,3.3
CH60 3SY,3.3
CH60 3SZ,3.3
CH60 3TA,3.3
CH60 4RA,0.1
CH60 4RB,0.1
CH60 4RD,0.1
CH60 4RE,0.1
CH60 4RG,0.1
CH60 4RH,0.1
CH60 4RJ,0.1
CH60 4RL,0.1
CH60 4RN,3.3
CH60 4RP,3.3
CH60 4RR,3.3
CH60 4RS,3.3
CH61 1AR,3.3
CH61 1AS,3.2
CH61 1AT,3.2
CH61 1AU,3.2
CH61 1AW,3.3
CH61 1AX,3.2
CH60 4RT,3.3
CH60 4RU,3.3
CH60 4RW,3.3
CH60 4RX,3.3
CH60 4RY,3.3
CH60 4RZ,3.3
CH60 4SA,3.3
CH60 4SB,3.3
CH60 4SD,3.3
CH60 4SE,3.3
CH60 4SF,3.3
CH60 4SG,3.3
CH60 4SH,3.3
CH60 4SJ,3.3
CH60 4SL,3.3
CH60 4SN,3.3
CH60 4SP,3.3
CH60 4SQ,3.3
CH60 4SW,3.3
CH60 4SX,3.3
CH60 4SY,3.3
CH60 4TA,0.1
CH60 4TB,3.3
CH60 4TD,3.3
CH60 4TG,0.1
CH60 5RA,0.1
CH60 5RB,0.1
CH60 5RD,0.1
CH60 5RE,0.1
CH60 5RF,0.1
CH60 5RG,0.1
CH60 5RJ,0.1
CH60 5RL,3.3
CH60 5RN,0.1
CH60 5RP,0.1
CH60 5RQ,0.1
CH60 5RR,3.3
CH60 5RS,3.3
CH60 5RT,0.1
CH60 5RU,0.1
CH60 5RW,0.1
CH60 5RX,3.3
CH60 5RY,3.3
CH60 5RZ,0.1
CH60 5SA,3.3
CH60 5SB,3.3
CH60 5SD,0.1
CH60 5SE,0.1
CH60 5SF,0.1
CH60 5SG,0.1
CH60 5SH,0.1
CH60 5SJ,0.1
CH60 5SL,0.1
CH60 5SN,0.1
CH60 5SP,0.1
CH60 5SQ,0.1
CH60 5SR,0.1
CH60 5SS,0.1
CH60 5ST,0.1
CH60 5SU,0.1
CH60 5SW,0.1
CH60 5SX,0.1
CH60 5SY,0.1
CH60 5SZ,0.1
CH60 5TB,0.1
CH60 5TR,0.1
CH60 5TY,3.3
CH60 6RA,0.1
CH60 6RB,0.1
CH60 6RD,0.1
CH60 6RE,0.1
CH60 6RG,0.1
CH60 6RH,0.1
CH60 6RJ,0.1
CH60 6RL,0.1
CH60 6RN,3.2
CH60 6RP,3.2
CH60 6RQ,0.1
CH60 6RR,3.2
CH60 6RS,3.2
CH60 6RT,0.1
CH60 6RW,3.2
CH60 6RX,3.3
CH60 6RY,3.3
CH60 6RZ,0.1
CH60 6SA,3.3
CH60 6SB,0.1
CH60 6SD,0.1
CH60 6SE,0.1
CH60 6SF,0.1
CH60 6SG,3.2
CH60 6SH,3.3
CH60 6SJ,0.1
CH60 6SL,0.1
CH60 0AA,0.1
CH60 0AD,0.1
CH60 0AE,3.3
CH60 0AF,0.1
CH60 0AG,0.1
CH60 0AH,0.1
CH60 0AJ,0.1
CH60 0AL,0.1
CH60 0AN,0.1
CH60 0AQ,0.1
CH60 0AR,3.3
CH60 0AU,3.3
CH60 0BA,3.3
CH60 0BB,3.3
CH60 0BD,3.3
CH60 0BG,3.3
CH60 0BH,3.3
CH60 0BJ,3.3
CH60 0BL,3.3
CH60 0BP,3.3
CH60 0BQ,3.3
CH60 0BR,3.3
CH60 0BS,3.3
CH60 0BT,3.3
CH60 0BU,3.3
CH60 0BW,3.3
CH60 0BX,3.3
CH60 0BY,0.1
CH60 0BZ,0.1
CH60 0DA,0.1
CH60 0DB,0.1
CH60 0DD,3.3
CH60 0DE,3.3
CH60 0DF,3.3
CH60 0DG,3.3
CH60 0DH,0.1
CH60 0DJ,0.1
CH60 0DL,0.1
CH60 0DN,0.1
CH60 0DP,3.3
CH60 0DQ,3.3
CH60 0DR,0.1
CH60 0DS,0.1
CH60 0DT,3.3
CH60 0DU,3.3
CH60 0DW,0.1
CH60 0DX,3.3
CH60 0DZ,3.3
CH60 0EA,3.3
CH60 0EB,3.3
CH60 0EE,3.3
CH60 0EH,0.1
CH60 0EL,3.3
CH60 0EU,3.3
CH60 0EX,3.3
CH60 0EY,3.3
CH60 1UA,3.3
CH60 1UB,3.3
CH60 1UD,3.3
CH60 1UE,3.3
CH60 1UF,3.3
CH60 1UG,2.1
CH60 1UH,3.3
CH60 1UJ,3.3
CH60 1UL,3.3
CH60 1UN,3.3
CH60 1UP,3.3
CH60 1UQ,3.3
CH60 1UR,3.3
CH60 1US,3.3
CH60 1UT,3.3
CH60 1UU,3.3
CH60 1UW,3.3
CH60 1UX,3.3
CH60 1UY,3.3
CH60 1UZ,3.3
CH60 1XA,3.3
CH60 1XB,3.3
CH60 1XD,3.3
CH60 1XE,3.3
CH60 1XF,3.3
CH60 1XG,3.3
CH60 1XH,3.3
CH60 1XJ,3.3
CH60 1XL,3.3
CH60 1XN,3.3
CH60 1XP,3.3
CH60 1XQ,3.3
CH60 1XR,3.3
CH60 1XS,3.3
CH60 1XT,3.3
CH60 1XU,3.3
CH60 1XW,3.3
CH60 1XX,2.1
CH60 1XY,3.3
CH60 1XZ,3.3
CH60 1YA,3.3
CH60 1YB,3.3
CH60 1YD,3.3
CH60 1YE,3.3
CH60 1YF,3.3
CH60 1YG,3.3
CH60 1YH,3.3
CH60 1YJ,3.3
CH60 1YL,3.3
CH60 1YQ,3.3
CH60 1YW,3.3
CH60 2SA,3.3
CH60 2SB,3.3
CH60 2SD,3.3
CH60 2SE,3.3
CH60 2SF,3.3
CH60 2SG,3.3
CH60 2SH,3.3
CH60 2SJ,3.3
CH60 2SL,3.3
CH60 2SN,3.3
CH49 8HD,1.1
CH49 8HE,1.1
CH49 8HF,1.1
CH49 8HG,1.1
CH49 8HH,1.1
CH49 8HJ,1.1
CH49 8HL,1.1
CH49 8HN,1.1
CH49 8HP,1.1
CH49 8HQ,1.1
CH49 8HR,1.1
CH49 8HS,1.1
CH49 8HT,1.1
CH49 8HU,1.1
CH49 8HW,1.1
CH49 8HX,1.1
CH49 8HY,1.1
CH49 8HZ,1.1
CH49 8JA,1.1
CH49 8JB,1.1
CH49 8JD,1.1
CH49 8JE,1.1
CH49 8JF,1.1
CH49 8JG,1.1
CH49 8JH,1.1
CH49 8JL,1.1
CH49 8JN,1.1
CH49 8JP,1.1
CH49 8JQ,1.1
CH49 8JR,1.1
CH49 8JW,1.1
CH49 8JZ,1.1
CH49 9AA,1.1
CH49 9AD,1.1
CH49 9AE,1.1
CH49 9AF,1.1
CH49 9AG,1.1
CH49 9AH,1.1
CH49 9AJ,1.1
CH49 9AL,1.1
CH49 9AN,1.1
CH49 9AP,1.1
CH49 9AQ,1.1
CH49 9AR,1.1
CH49 9AS,1.1
CH49 9AT,1.1
CH49 9AU,1.1
CH49 9AW,1.1
CH49 9AX,1.1
CH49 9AY,1.1
CH49 9AZ,1.1
CH49 9BA,1.1
CH49 9BB,1.1
CH49 9BD,1.1
CH49 9BE,1.1
CH49 9BF,1.1
CH49 9BG,1.1
CH49 9BH,1.1
CH49 9BJ,1.1
CH49 9BL,1.1
CH49 9BN,1.1
CH49 9BP,1.1
CH49 9BQ,1.1
CH49 9BR,1.1
CH49 9BS,1.1
CH49 9BT,1.1
CH49 9BU,1.1
CH49 9BW,1.1
CH49 9BX,1.1
CH49 9BY,1.1
CH49 9DA,1.1
CH49 9DB,1.1
CH49 9DD,1.1
CH49 9DG,1.1
CH49 9DH,1.1
CH49 9DL,1.1
CH49 9DN,1.1
CH49 9DP,1.1
CH49 9DW,1.1
CH49 5LH,1.1
CH49 5LJ,3.2
CH49 5LL,3.2
CH49 5LN,3.2
CH49 5LP,3.2
CH49 5LQ,1.1
CH49 5LR,3.2
CH49 5LS,3.2
CH49 5LT,3.2
CH49 5LU,3.2
CH49 5LW,3.2
CH49 5LX,3.2
CH49 5LY,3.2
CH49 5LZ,3.2
CH49 5NA,3.2
CH49 5NB,3.2
CH49 5ND,3.2
CH49 5NE,3.2
CH49 5NF,3.2
CH49 5NG,3.2
CH49 5NH,3.2
CH49 5NJ,3.2
CH49 5NL,3.2
CH49 5NN,3.2
CH49 5NP,3.2
CH49 5NQ,3.2
CH49 5NR,3.2
CH49 5NS,3.2
CH49 5NT,3.2
CH49 5NU,3.2
CH49 5NW,3.2
CH49 5NX,3.2
CH49 5NY,3.2
CH49 5NZ,3.2
CH49 5PA,3.2
CH49 5PB,1.1
CH49 5PD,1.1
CH49 5PE,3.2
CH49 5PF,3.2
CH49 5PG,3.2
CH49 5PH,3.2
CH49 5PJ,1.1
CH49 6DA,0.1
CH49 6JA,0.1
CH49 6JB,0.1
CH49 6JD,0.1
CH49 6JE,0.1
CH49 6JF,0.1
CH49 6JG,3.2
CH49 6JH,0.1
CH49 6JJ,3.2
CH49 6JL,3.2
CH49 6JN,3.2
CH49 6JP,3.2
CH49 6JQ,3.2
CH49 6JR,3.2
CH49 6JS,3.2
CH49 6JT,3.2
CH49 6JU,3.2
CH49 6JW,3.2
CH49 6JX,0.1
CH49 6JY,0.1
CH49 6JZ,0.1
CH49 6LA,0.1
CH49 6LB,0.1
CH49 6LD,0.1
CH49 6LE,0.1
CH49 6LF,0.1
CH49 6LG,0.1
CH49 6LH,0.1
CH49 6LJ,0.1
CH49 6LL,0.1
CH49 6LN,0.1
CH49 6LP,0.1
CH49 6LQ,3.2
CH49 6LR,0.1
CH49 6LS,0.1
CH49 6LT,0.1
CH49 6LU,1.1
CH49 6LW,0.1
CH49 6LX,0.1
CH49 6LY,0.1
CH49 6LZ,0.1
CH49 6NA,0.1
CH49 6NB,0.1
CH49 6ND,0.1
CH49 6NE,0.1
CH49 6NF,0.1
CH49 6NG,0.1
CH49 6NH,0.1
CH49 6NJ,0.1
CH49 6NL,0.1
CH49 6NN,3.2
CH49 6NP,0.1
CH49 6NQ,0.1
CH49 6NR,0.1
CH49 6NS,0.1
CH49 6NT,0.1
CH49 6NW,3.2
CH49 6NX,0.1
CH49 6PA,0.1
CH49 6PB,0.1
CH49 6PD,3.2
CH49 6PE,0.1
CH49 6PG,3.2
CH49 6PH,3.2
CH49 6PJ,3.2
CH49 6PN,0.1
CH49 6PP,0.1
CH49 6PQ,0.1
CH49 6PR,0.1
CH49 6PS,0.1
CH49 6PT,0.1
CH49 6PU,0.1
CH49 6PW,0.1
CH49 6PX,0.1
CH49 6PY,0.1
CH49 6QB,0.1
CH49 6QD,0.1
CH49 6QE,0.1
CH49 6QG,1.1
CH49 6QH,0.1
CH49 6QJ,3.2
CH49 6QL,0.1
CH49 6QN,0.1
CH49 6QQ,0.1
CH49 6QW,0.1
CH49 6WE,1.1
CH49 7LA,1.1
CH49 7LB,1.1
CH49 7LD,1.1
CH49 7LE,1.1
CH49 7LF,1.1
CH49 7LG,1.1
CH49 7LH,1.1
CH49 7LJ,1.1
CH49 7LL,1.1
CH49 7LN,1.1
CH49 7LP,3.2
CH49 7LQ,1.1
CH49 7LR,1.1
CH49 7LS,1.1
CH49 7LT,1.1
CH49 7LU,1.1
CH49 7LW,1.1
CH49 7LX,1.1
CH49 7LY,1.1
CH49 7LZ,1.1
CH49 7NA,1.1
CH49 7NB,1.1
CH49 7ND,1.1
CH49 7NE,1.1
CH49 7NF,1.1
CH49 7NG,1.1
CH49 7NH,1.1
CH49 7NJ,1.1
CH49 7NL,1.1
CH49 7NN,1.1
CH49 7NP,1.1
CH49 3GN,3.2
CH49 3GP,3.2
CH49 3GQ,3.2
CH49 3GR,3.2
CH49 3GS,3.2
CH49 3GT,3.2
CH49 3GU,3.2
CH49 3GW,3.2
CH49 3GX,3.3
CH49 3GZ,3.2
CH49 3LZ,3.2
CH49 3NA,3.2
CH49 3NB,3.2
CH49 3ND,3.2
CH49 3NE,3.2
CH49 3NF,3.2
CH49 3NG,3.2
CH49 3NH,3.2
CH49 3NJ,3.2
CH49 3NL,3.3
CH49 3NN,3.3
CH49 3NP,3.3
CH49 3NQ,3.2
CH49 3NR,3.3
CH49 3NS,3.3
CH49 3NT,3.3
CH49 3NU,3.2
CH49 3NW,3.3
CH49 3NX,3.3
CH49 3NY,3.2
CH49 3NZ,3.2
CH49 3PA,3.3
CH49 3PB,3.3
CH49 3PD,3.3
CH49 3PE,3.2
CH49 3PF,3.2
CH49 3PG,3.2
CH49 3PH,3.2
CH49 3PJ,3.2
CH49 3PL,3.2
CH49 3PN,3.2
CH49 3PP,3.2
CH49 3PQ,3.2
CH49 3PR,3.2
CH49 3PS,3.2
CH49 3PT,3.2
CH49 3PU,3.3
CH49 3PW,3.2
CH49 3PX,3.3
CH49 3PY,3.3
CH49 3PZ,3.3
CH49 3QA,3.3
CH49 3QB,3.2
CH49 3QE,3.3
CH49 3QF,3.2
CH49 3QG,3.2
CH49 3QH,3.3
CH49 3QJ,3.3
CH49 3QL,3.3
CH49 3QN,3.3
CH49 3QP,3.2
CH49 3QQ,3.3
CH49 3QR,3.2
CH49 3QS,3.2
CH49 3QT,3.3
CH49 3QU,3.3
CH49 3QW,3.2
CH49 3QX,3.3
CH49 3QY,3.2
CH49 3QZ,3.2
CH49 7NQ,1.1
CH49 7NR,1.1
CH49 7NS,1.1
CH49 7NT,1.1
CH49 7NU,1.1
CH49 7NW,1.1
CH49 7NX,1.1
CH49 7NZ,1.1
CH49 7PA,1.1
CH49 7PB,1.1
CH49 7PD,1.1
CH49 7PE,1.1
CH49 7PF,1.1
CH49 8BA,1.1
CH49 8EA,1.1
CH49 8EB,1.1
CH49 8ED,1.1
CH49 8EE,1.1
CH49 8EF,1.1
CH49 8EG,1.1
CH49 8EH,1.1
CH49 8EJ,1.1
CH49 8EN,1.1
CH49 8EQ,1.1
CH49 8EU,1.1
CH49 8EW,1.1
CH49 8EX,1.1
CH49 8HA,1.1
CH49 8HB,1.1
CH49 3YD,1.1
CH49 4GA,3.2
CH49 4GB,3.2
CH49 4GD,3.2
CH49 4GE,3.2
CH49 4GG,3.2
CH49 4GH,3.2
CH49 4GJ,3.2
CH49 4GL,3.2
CH49 4GN,3.2
CH49 4GP,3.2
CH49 4GQ,3.2
CH49 4GR,3.2
CH49 4GS,3.2
CH49 4GT,3.2
CH49 4GX,3.2
CH49 4GY,3.2
CH49 4JL,3.2
CH49 4LA,3.2
CH49 4LB,3.2
CH49 4LD,3.2
CH49 4LE,3.2
CH49 4LF,3.2
CH49 4LG,3.2
CH49 4LH,3.2
CH49 4LJ,3.2
CH49 4LN,3.2
CH49 4LP,3.2
CH49 4LQ,3.2
CH49 4LR,3.2
CH49 4LS,3.2
CH49 4LT,3.2
CH49 4LU,1.2
CH49 4LW,0.1
CH49 4LX,0.1
CH49 4LY,0.1
CH49 4LZ,1.2
CH49 4NA,1.2
CH49 4NB,0.1
CH49 4NE,1.2
CH49 4NF,1.2
CH49 4NG,1.2
CH49 4NH,1.2
CH49 4NJ,3.2
CH49 4NL,3.2
CH49 4NN,3.2
CH49 4NP,3.2
CH49 4NQ,1.2
CH49 4NR,0.1
CH49 4NS,1.2
CH49 4NT,1.2
CH49 4NU,3.2
CH49 4NW,3.2
CH49 4NX,1.2
CH49 4NY,1.2
CH49 4NZ,3.2
CH49 4PA,1.2
CH49 4PB,1.2
CH49 4PD,1.2
CH49 4PE,1.2
CH49 4PF,1.2
CH49 4PG,3.2
CH49 4PH,1.2
CH49 4PJ,3.2
CH49 4PL,3.2
CH49 4PN,3.2
CH49 4PP,1.2
CH49 4PQ,1.2
CH49 4PR,3.2
CH49 4PS,3.2
CH49 4PT,3.2
CH49 4PU,3.2
CH49 4PW,3.2
CH49 4PX,3.2
CH49 4PY,3.2
CH49 4PZ,3.2
CH49 4QA,3.2
CH49 4QB,3.2
CH49 4QD,3.2
CH49 4QE,0.1
CH49 4QF,3.2
CH49 4QG,3.2
CH49 4QH,3.2
CH49 4QJ,3.2
CH49 4QL,3.2
CH49 4QN,3.2
CH49 4QP,3.2
CH49 4QQ,3.2
CH49 4QR,3.2
CH49 4QS,3.2
CH49 4QT,3.2
CH49 4QU,3.2
CH49 4QW,3.2
CH49 4QX,3.2
CH49 4QY,3.2
CH49 4QZ,3.2
CH49 4RA,3.2
CH49 4RB,3.2
CH49 0AB,1.1
CH49 0TA,1.1
CH49 0TB,1.1
CH49 0TD,1.1
CH49 0TE,1.1
CH49 0TF,0.1
CH49 0TG,0.1
CH49 0TH,1.1
CH49 0TJ,1.1
CH49 0TL,1.1
CH49 0TN,1.1
CH49 0TP,1.1
CH49 0TQ,1.1
CH49 0TR,1.1
CH49 0TS,1.1
CH49 0TT,0.1
CH49 0TU,1.1
CH49 0TX,1.1
CH49 0TY,1.1
CH49 0TZ,1.1
CH49 0UA,0.1
CH49 0UB,1.1
CH49 0UD,1.1
CH49 0UE,1.1
CH49 0UF,1.1
CH49 0UG,1.1
CH49 0UH,1.1
CH49 0UJ,1.1
CH49 0UL,1.1
CH49 0UN,1.1
CH49 0UP,1.1
CH49 0UR,1.1
CH49 0US,1.1
CH49 0UT,1.1
CH49 0UU,1.1
CH49 0UW,1.1
CH49 0UX,1.1
CH49 0UY,1.1
CH49 0UZ,1.1
CH49 0WB,1.1
CH49 0XA,1.1
CH49 0XB,1.1
CH49 0XD,1.1
CH49 0XE,1.1
CH49 0XF,1.1
CH49 0XG,1.1
CH49 0XT,1.1
CH49 0XW,1.1
CH49 1AB,1.1
CH49 1RA,3.3
CH49 1RB,3.3
CH49 1RD,3.3
CH49 1RE,3.3
CH49 1RF,3.3
CH49 1RG,3.3
CH49 1RH,3.3
CH49 1RJ,3.3
CH49 1RL,3.3
CH49 1RN,3.3
CH49 1RP,3.3
CH49 1RQ,3.3
CH49 1RR,3.3
CH49 1RS,3.3
CH49 1RT,3.3
CH49 1RU,3.3
CH49 1RW,3.3
CH49 1RX,3.3
CH49 1RY,3.3
CH49 1RZ,3.3
CH49 1SA,3.3
CH49 1SB,3.3
CH49 1SD,3.3
CH49 1SE,3.3
CH49 1SF,3.3
CH49 1SG,3.3
CH49 1SH,3.3
CH49 1SJ,3.3
CH49 4RD,3.2
CH49 4RE,3.2
CH49 4RF,3.2
CH49 4RG,1.2
CH49 4RH,1.2
CH49 4RL,3.2
CH49 4RP,1.2
CH49 4RQ,3.2
CH49 4RU,3.2
CH49 4RW,3.2
CH49 4RX,3.2
CH49 4RY,3.2
CH49 4WT,3.2
CH49 5LA,1.1
CH49 5LB,1.1
CH49 5LD,1.1
CH49 5LE,1.1
CH49 5LF,1.1
CH49 5LG,1.1
CH49 1SL,3.3
CH49 1SN,3.3
CH49 1SP,3.3
CH49 1SQ,3.3
CH49 1SR,3.3
CH49 1SS,3.3
CH49 1ST,3.3
CH49 1SW,3.3
CH49 1SX,3.2
CH49 1SZ,3.3
CH49 1TB,3.3
CH49 1TD,3.2
CH49 2NA,3.2
CH49 2NB,3.2
CH49 2ND,3.2
CH49 2NE,3.2
CH49 2NF,3.2
CH49 2NG,3.2
CH49 2NH,3.2
CH49 2NJ,3.2
CH49 2NL,3.2
CH49 2NN,3.2
CH49 2NP,3.2
CH49 2NQ,3.2
CH49 2NR,3.2
CH49 2NS,3.2
CH49 2NT,3.2
CH49 2NU,3.3
CH49 2NW,3.2
CH49 2NX,3.2
CH49 2NY,3.2
CH49 2PB,3.3
CH49 2PD,3.3
CH49 2PE,3.2
CH49 2PF,3.2
CH49 2PG,3.2
CH49 2PH,3.3
CH49 2PJ,3.2
CH49 2PL,3.2
CH49 2PN,3.2
CH49 2PP,3.3
CH49 2PQ,3.2
CH49 2PR,3.2
CH49 2PS,3.2
CH49 2PT,3.2
CH49 2PU,3.2
CH49 2PW,3.2
CH49 2PX,3.2
CH49 2PY,3.2
CH49 2PZ,3.2
CH49 2QA,3.3
CH49 2QB,3.3
CH49 2QD,3.2
CH49 2QE,3.2
CH49 2QF,3.2
CH49 2QH,3.2
CH49 2QJ,3.2
CH49 2QL,3.2
CH49 2QN,3.2
CH49 2QP,3.2
CH49 2QQ,3.2
CH49 2QR,3.2
CH49 2QS,3.2
CH49 2QT,3.2
CH49 2QU,3.2
CH49 2QW,3.2
CH49 2QX,3.2
CH49 2QY,3.2
CH49 2QZ,3.2
CH49 2RA,3.2
CH49 2RB,3.2
CH49 2RD,3.2
CH49 2RE,3.2
CH49 2RF,3.2
CH49 2RG,3.2
CH49 2RH,0.1
CH49 2RJ,0.1
CH49 2RL,3.2
CH49 2RN,3.2
CH49 2RP,3.2
CH49 2RQ,3.2
CH49 2RR,3.2
CH49 2RS,3.2
CH49 2RU,3.2
CH49 2RW,3.2
CH49 2RX,3.2
CH49 2RY,3.2
CH49 2RZ,3.2
CH49 2SD,3.2
CH49 2SE,3.2
CH49 2SN,3.2
CH49 2SP,3.2
CH49 2SW,3.2
CH49 3AA,3.2
CH49 3AB,3.2
CH48 5HX,0.1
CH48 5HY,0.1
CH48 5HZ,0.1
CH48 5JA,0.1
CH48 5JB,0.1
CH48 5JD,0.1
CH48 5JE,1.2
CH48 5JG,0.1
CH48 5JJ,0.1
CH48 5JL,0.1
CH48 5JN,0.1
CH48 5JQ,0.1
CH48 5JU,0.1
CH48 5JW,0.1
CH48 5JZ,0.1
CH48 6BA,1.2
CH48 6BB,1.2
CH48 6BD,0.1
CH48 6DA,1.2
CH48 6DB,1.2
CH48 6DD,1.2
CH48 6DE,1.2
CH48 6DF,1.2
CH48 6DG,1.2
CH48 6DH,1.2
CH48 6DJ,1.2
CH48 6DL,1.2
CH48 6DN,1.2
CH48 6DP,1.2
CH48 6DQ,1.2
CH48 6DR,1.2
CH48 6DS,1.2
CH48 6DT,1.2
CH48 6DU,0.1
CH48 6DW,1.2
CH48 6DX,0.1
CH48 6DY,0.1
CH48 6DZ,0.1
CH48 6EA,0.1
CH48 6EB,0.1
CH48 6ED,0.1
CH48 6EE,1.2
CH48 6EF,0.1
CH48 6EG,0.1
CH48 6EH,1.2
CH48 6EJ,1.2
CH48 6EL,0.1
CH48 6EN,0.1
CH48 6EP,0.1
CH48 6EQ,0.1
CH48 6ER,0.1
CH48 6ES,0.1
CH48 6ET,0.1
CH48 6EU,0.1
CH48 6EW,0.1
CH48 6EX,0.1
CH48 6EY,1.2
CH48 6EZ,0.1
CH48 6HA,0.1
CH48 6HB,0.1
CH48 6HD,1.2
CH48 7EA,0.1
CH48 7EB,0.1
CH48 7ED,0.1
CH48 7EE,1.2
CH48 7EF,1.2
CH48 7EG,1.2
CH48 7EH,1.2
CH48 7EJ,1.2
CH48 7EL,0.1
CH48 7EN,0.1
CH48 7EP,0.1
CH48 7EQ,0.1
CH48 7ER,0.1
CH48 7ES,0.1
CH48 7ET,0.1
CH48 7EU,0.1
CH48 7EW,0.1
CH48 7EX,0.1
CH48 7EY,0.1
CH48 7EZ,0.1
CH48 7HA,0.1
CH49 3AD,3.3
CH49 3AE,3.2
CH49 3AF,3.3
CH49 3AG,3.3
CH49 3AH,3.2
CH49 3AJ,3.2
CH49 3AL,3.3
CH49 3AN,3.2
CH49 3AP,3.2
CH49 3AQ,3.2
CH49 3AR,3.3
CH49 3AS,3.2
CH49 3AT,3.2
CH49 3AW,3.2
CH48 7HB,0.1
CH48 7HD,0.1
CH48 7HE,0.1
CH48 7HF,0.1
CH48 7HG,0.1
CH48 7HH,0.1
CH48 7HJ,0.1
CH48 7HL,0.1
CH48 7HN,0.1
CH48 7HP,0.1
CH48 7HQ,0.1
CH48 7HR,0.1
CH48 7HW,0.1
CH48 7JA,0.1
CH48 8AA,0.1
CH48 8AD,0.1
CH48 8AE,0.1
CH48 8AF,0.1
CH48 8AG,0.1
CH48 8AH,0.1
CH48 8AJ,0.1
CH48 8AL,0.1
CH48 8AN,0.1
CH48 8AP,0.1
CH48 8AQ,0.1
CH48 8AR,0.1
CH48 8AS,0.1
CH48 8AT,0.1
CH48 8AU,0.1
CH48 8AW,0.1
CH48 8AX,0.1
CH48 8AY,0.1
CH48 8AZ,0.1
CH48 8BA,0.1
CH48 8BB,0.1
CH48 8BD,0.1
CH48 8BE,0.1
CH48 8BF,0.1
CH48 8BG,0.1
CH48 8BH,0.1
CH48 8BJ,0.1
CH48 8BL,0.1
CH48 8BN,0.1
CH48 8BP,0.1
CH48 8BQ,0.1
CH48 8BR,0.1
CH48 8BS,0.1
CH48 8BT,0.1
CH48 8BU,0.1
CH48 8BW,0.1
CH48 8BY,0.1
CH48 8DA,0.1
CH48 8DB,0.1
CH48 8DD,0.1
CH48 8GG,0.1
CH48 9UA,0.1
CH48 9UB,0.1
CH48 9UD,0.1
CH48 9UE,0.1
CH48 9UF,0.1
CH48 9UG,0.1
CH48 9UH,0.1
CH48 9UJ,0.1
CH48 9UL,0.1
CH48 9UN,0.1
CH48 9UP,0.1
CH48 9UQ,0.1
CH48 9UR,0.1
CH48 9US,0.1
CH48 9UT,0.1
CH48 9UU,0.1
CH48 9UW,0.1
CH48 9UX,0.1
CH48 9UY,0.1
CH48 9UZ,0.1
CH48 9XA,0.1
CH48 9XB,0.1
CH48 9XD,0.1
CH48 9XE,0.1
CH48 9XF,0.1
CH48 9XG,0.1
CH48 9XH,0.1
CH48 9XJ,0.1
CH48 9XL,0.1
CH48 9XN,0.1
CH48 9XP,0.1
CH48 9XQ,0.1
CH48 9XR,0.1
CH48 9XS,0.1
CH48 9XT,0.1
CH48 9XU,0.1
CH48 9XW,0.1
CH48 9XX,0.1
CH48 9XY,0.1
CH48 2JH,3.3
CH48 2JJ,3.3
CH48 2JL,3.3
CH48 2JN,3.3
CH48 2JP,3.3
CH48 2JQ,3.3
CH48 2JR,3.3
CH48 2JS,3.3
CH48 2JT,3.3
CH48 2JU,3.3
CH48 2JW,3.3
CH48 2JX,3.3
CH48 2JY,3.3
CH48 2JZ,0.1
CH48 2LA,3.3
CH48 2LB,0.1
CH48 2LD,3.3
CH48 2LE,3.3
CH48 2LF,3.3
CH48 2LH,3.3
CH48 2LL,3.3
CH48 2LQ,0.1
CH48 2LR,3.3
CH48 2LT,3.3
CH48 2NE,3.2
CH48 2NF,0.1
CH48 2NG,3.2
CH48 3HA,0.2
CH48 3HB,0.1
CH48 3HD,0.2
CH48 3HE,0.2
CH48 3HF,0.2
CH48 3HG,0.2
CH48 3HH,0.1
CH48 3HJ,0.2
CH48 3HL,0.2
CH48 3HN,0.2
CH48 3HP,0.2
CH48 3HQ,0.2
CH48 3HR,0.2
CH48 3HS,0.2
CH48 3HT,0.2
CH48 3HU,0.2
CH48 3HW,0.2
CH48 3HX,0.2
CH48 3HY,0.1
CH48 3HZ,0.1
CH48 3JA,0.1
CH48 3JB,0.1
CH48 3JD,0.1
CH48 3JE,0.1
CH48 3JF,0.1
CH48 3JG,0.1
CH48 3JH,0.1
CH48 3JJ,0.1
CH48 3JL,0.1
CH48 3JN,0.1
CH48 3JP,0.1
CH48 3JQ,0.1
CH48 3JR,0.1
CH48 3JS,0.1
CH48 3JT,0.1
CH48 3JU,0.2
CH48 3JW,0.1
CH48 3JZ,0.1
CH48 3LB,0.2
CH48 3LD,0.2
CH48 3LE,0.2
CH48 3LG,0.1
CH48 3LQ,3.3
CH48 4DA,0.2
CH48 4DB,0.2
CH48 4DD,0.2
CH48 4DE,0.2
CH48 4DF,0.2
CH48 4DG,0.2
CH48 4DH,0.2
CH48 4DJ,0.2
CH48 4DL,0.2
CH48 4DN,0.2
CH48 4DP,0.1
CH48 4DQ,0.2
CH48 4DR,0.2
CH48 4DS,0.2
CH48 4DT,0.2
CH48 4DU,0.2
CH48 4DW,0.2
CH48 9XZ,0.1
CH48 9YA,0.1
CH48 9YB,0.1
CH48 9YD,0.1
CH48 9YE,0.1
CH48 9YF,0.1
CH48 9YG,0.1
CH48 9YH,0.1
CH48 4DX,0.1
CH48 4DY,0.2
CH48 4DZ,0.2
CH48 4EB,0.2
CH48 4ED,0.2
CH48 4EE,0.1
CH48 4EF,0.2
CH48 4EG,0.2
CH48 4EH,0.1
CH48 4EJ,0.2
CH48 4EL,0.1
CH48 4EN,0.2
CH48 4EP,0.1
CH48 4EQ,0.2
CH48 4ER,0.1
CH48 4ES,0.1
CH48 4ET,0.1
CH48 4EU,0.1
CH48 4EY,0.1
CH48 4EZ,0.1
CH48 4HA,0.1
CH48 4HB,0.2
CH48 4HD,0.2
CH48 4HG,0.1
CH48 4HL,0.2
CH48 4HN,0.2
CH48 4HR,0.1
CH48 4HW,0.2
CH48 4HX,0.2
CH48 4JG,0.1
CH48 4LE,0.2
CH48 4LG,0.2
CH48 4LQ,0.1
CH48 5AA,0.2
CH48 5BU,0.1
CH48 5BW,0.1
CH48 5DA,0.2
CH48 5DB,0.1
CH48 5DD,0.1
CH48 5DE,0.1
CH48 5DF,0.1
CH48 5DG,0.1
CH48 5DH,0.2
CH48 5DJ,0.1
CH48 5DL,0.1
CH48 5DN,0.1
CH48 5DP,0.1
CH48 5DQ,0.1
CH48 5DR,0.1
CH48 5DS,3.2
CH48 5DT,0.1
CH48 5DU,0.1
CH48 5DW,0.1
CH48 5DX,0.1
CH48 5DY,0.1
CH48 5DZ,0.1
CH48 5EA,0.1
CH48 5EB,0.1
CH48 5ED,0.1
CH48 5EE,0.1
CH48 5EF,0.1
CH48 5EG,0.1
CH48 5EH,0.1
CH48 5EJ,0.1
CH48 5EL,0.1
CH48 5EN,0.1
CH48 5EP,0.1
CH48 5EQ,0.1
CH48 5ER,0.1
CH48 5ES,0.1
CH48 5ET,0.1
CH48 5EU,0.1
CH48 5EW,0.1
CH48 5EX,0.1
CH48 5EY,0.1
CH48 5EZ,0.1
CH48 5HA,0.1
CH48 5HB,0.1
CH48 5HD,0.1
CH48 5HE,0.1
CH48 5HF,0.1
CH48 5HG,0.1
CH48 5HH,0.1
CH48 5HJ,1.2
CH48 5HL,1.2
CH48 5HN,0.1
CH48 5HP,1.2
CH48 5HQ,0.1
CH48 5HR,0.1
CH48 5HS,0.1
CH48 5HT,0.1
CH48 5HU,0.1
CH47 7BD,3.3
CH47 7BE,3.3
CH47 7BG,3.3
CH47 7BH,3.3
CH47 7BJ,3.3
CH47 7BL,3.3
CH47 7BN,3.3
CH47 7BP,3.3
CH47 7BQ,3.3
CH47 7BR,3.3
CH47 7BS,3.3
CH47 7BT,3.3
CH47 7BU,3.3
CH47 7BW,3.3
CH47 7BX,3.3
CH47 7BY,3.3
CH47 7BZ,3.3
CH47 7DA,3.3
CH47 8XA,3.3
CH47 8XN,3.3
CH47 8XP,3.3
CH47 8XR,3.3
CH47 8XS,3.3
CH47 8XT,3.3
CH47 8XW,3.3
CH47 8XX,3.1
CH47 8XY,3.3
CH47 8XZ,3.3
CH47 9RA,3.3
CH47 9RB,3.3
CH47 9RD,3.3
CH47 9RE,3.3
CH47 9RF,3.3
CH47 9RG,3.3
CH47 9RH,3.3
CH47 9RJ,3.3
CH47 9RL,3.3
CH47 9RN,3.3
CH47 9RP,3.3
CH47 9RQ,3.3
CH47 9RR,3.3
CH47 9RS,3.3
CH47 9RT,3.3
CH47 9RU,3.3
CH47 9RW,3.3
CH47 9RX,3.3
CH47 9RY,3.3
CH47 9RZ,3.3
CH47 9SA,3.3
CH47 9SB,3.3
CH47 9SD,3.3
CH47 9SE,3.3
CH47 9SF,3.3
CH47 9SG,3.3
CH47 9SH,3.3
CH47 9SJ,3.3
CH47 9SL,3.3
CH47 9SQ,3.3
CH48 0QA,0.1
CH48 0QB,0.2
CH48 0QE,0.1
CH48 0QF,0.1
CH48 0QG,0.1
CH48 0QH,0.1
CH48 0QJ,0.2
CH48 0QL,0.2
CH48 0QN,0.2
CH48 0QP,0.2
CH48 0QQ,0.2
CH48 0QR,0.2
CH48 0QS,0.2
CH48 0QT,0.2
CH48 0QU,0.2
CH48 0QW,0.2
CH48 0QX,0.2
CH48 0QY,0.2
CH48 0QZ,0.2
CH48 0RA,0.2
CH48 0RB,0.2
CH48 0RD,0.2
CH48 0RE,0.2
CH48 0RF,0.2
CH48 0RG,0.2
CH48 0RH,0.2
CH48 0RL,0.2
CH48 0RN,0.2
CH48 0RP,0.2
CH48 0RQ,0.2
CH48 0RR,0.2
CH48 0RS,0.2
CH48 0RT,0.2
CH48 0RW,0.2
CH48 0RX,0.2
CH48 0RY,0.2
CH48 1LA,3.3
CH48 1LB,0.1
CH48 1LD,3.3
CH48 5HW,0.1
CH47 2BU,3.1
CH47 2BW,3.3
CH47 2BX,3.1
CH47 2BY,3.1
CH47 2BZ,3.1
CH47 2DA,3.1
CH48 1LE,0.1
CH48 1LF,0.1
CH48 1LG,0.1
CH48 1LH,3.3
CH48 1LJ,3.3
CH48 1LL,3.3
CH48 1LN,3.3
CH48 1LP,3.3
CH48 1LQ,0.1
CH48 1LR,3.3
CH48 1LS,3.3
CH48 1LT,3.3
CH48 1LU,3.3
CH48 1LW,3.3
CH48 1LX,3.3
CH48 1LY,3.3
CH48 1LZ,3.3
CH48 1NA,3.3
CH48 1NB,3.3
CH48 1ND,3.3
CH48 1NE,3.3
CH48 1NF,3.3
CH48 1NG,3.3
CH48 1NH,3.3
CH48 1NJ,3.3
CH48 1NL,3.3
CH48 1NN,3.3
CH48 1NP,3.3
CH48 1NR,3.3
CH48 1NS,3.3
CH48 1NT,3.3
CH48 1NU,3.3
CH48 1NW,3.3
CH48 1NX,3.3
CH48 1NY,3.3
CH48 1NZ,3.3
CH48 1PA,3.3
CH48 1PB,3.3
CH48 1PD,3.3
CH48 1PE,3.2
CH48 1PF,3.3
CH48 1PG,0.1
CH48 1PH,3.3
CH48 1PJ,3.3
CH48 1PL,0.1
CH48 1PN,3.3
CH48 1PP,3.3
CH48 1PQ,0.1
CH48 1PR,3.3
CH48 1PS,0.1
CH48 1PT,3.3
CH48 1PU,3.3
CH48 1PW,3.3
CH48 1PX,0.1
CH48 1PZ,3.3
CH48 1QA,3.3
CH48 1QB,3.3
CH48 1QE,3.3
CH48 1QF,3.3
CH48 1QH,3.3
CH48 1QJ,3.3
CH48 1QT,3.3
CH48 1QU,3.3
CH48 1QX,3.3
CH48 1QZ,3.3
CH48 1RB,0.1
CH48 1XX,3.2
CH48 2HA,0.1
CH48 2HB,0.1
CH48 2HE,0.1
CH48 2HF,0.1
CH48 2HG,0.1
CH48 2HH,0.1
CH48 2HJ,0.1
CH48 2HL,0.1
CH48 2HN,0.1
CH48 2HP,0.1
CH48 2HQ,0.1
CH48 2HR,0.1
CH48 2HS,0.1
CH48 2HT,0.1
CH48 2HU,0.1
CH48 2HW,3.3
CH48 2HX,3.3
CH48 2HY,3.3
CH48 2HZ,3.3
CH48 2JA,3.3
CH48 2JB,0.1
CH48 2JD,3.3
CH48 2JE,3.3
CH48 2JF,3.3
CH48 2JG,3.3
CH47 2DB,3.1
CH47 2DD,3.1
CH47 2DE,3.1
CH47 2DF,3.1
CH47 2DG,3.1
CH47 2DH,3.2
CH47 2DJ,3.1
CH47 2DL,3.1
CH47 2DP,3.1
CH47 2DQ,3.1
CH47 2DR,3.1
CH47 2DS,3.1
CH47 2DT,3.1
CH47 2DU,3.3
CH47 2DW,3.1
CH47 2DX,3.3
CH47 2DY,3.1
CH47 2DZ,3.1
CH47 2EA,3.3
CH47 2EB,3.1
CH47 2EE,3.2
CH47 2HA,3.1
CH47 2HD,3.1
CH47 3AA,3.3
CH47 3AB,3.3
CH47 3AD,3.3
CH47 3AE,3.3
CH47 3AF,3.3
CH47 3AG,3.3
CH47 3AH,3.3
CH47 3AJ,3.3
CH47 3AL,3.3
CH47 3AN,3.3
CH47 3AP,3.3
CH47 3AQ,3.3
CH47 3AR,3.3
CH47 3AS,3.3
CH47 3AT,3.3
CH47 3AU,3.3
CH47 3AW,3.3
CH47 3AX,3.3
CH47 3AY,3.3
CH47 3AZ,3.3
CH47 3BA,3.3
CH47 3BB,3.2
CH47 3BD,3.2
CH47 3BE,3.1
CH47 3BH,3.1
CH47 3BN,3.1
CH47 3BP,3.2
CH47 3BR,3.2
CH47 3BS,3.1
CH47 3BT,3.2
CH47 3BU,3.1
CH47 3BW,3.3
CH47 3BX,3.1
CH47 3BY,3.1
CH47 3BZ,3.1
CH47 3DA,3.1
CH47 3DB,3.1
CH47 3DD,3.1
CH47 3DE,3.1
CH47 3DF,3.1
CH47 3DG,3.1
CH47 3DH,3.1
CH47 3DJ,3.1
CH47 3DL,3.1
CH47 3DN,3.1
CH47 3DP,3.1
CH47 3DQ,3.1
CH47 3DR,3.1
CH47 3DS,3.1
CH47 3DT,3.1
CH47 3DW,3.1
CH47 3ED,3.3
CH47 3EE,3.1
CH47 3EP,3.1
CH47 4AA,3.2
CH47 4AB,3.2
CH47 4AD,3.2
CH47 4AE,3.2
CH47 4AF,3.2
CH47 4AG,3.2
CH47 4AH,0.1
CH47 4AL,3.2
CH47 4AN,3.2
CH47 4AQ,3.2
CH47 4AR,3.2
CH47 4AS,3.2
CH47 4AT,3.2
CH47 4AU,3.2
CH47 4AW,0.1
CH47 4AX,3.1
CH47 4AY,3.1
CH46 8TQ,1.1
CH46 8TR,1.1
CH46 8TS,1.1
CH46 8TT,1.1
CH46 8TU,1.1
CH46 8TW,1.1
CH46 8TX,0.1
CH46 8TY,1.1
CH46 8TZ,0.1
CH46 8UA,0.1
CH46 8UB,0.1
CH46 8UD,0.1
CH46 8UE,0.1
CH47 4AZ,3.1
CH47 4BA,3.1
CH47 4BB,3.1
CH47 4BD,3.1
CH47 4BE,3.1
CH47 4BG,3.1
CH47 4BH,3.1
CH47 4BP,3.1
CH47 4BQ,3.1
CH47 4DF,3.2
CH47 4FB,3.1
CH47 4FD,3.1
CH47 4FE,3.1
CH47 4FF,3.1
CH47 5AA,3.1
CH47 5AD,3.3
CH47 5AE,3.3
CH47 5AF,3.3
CH47 5AG,3.3
CH47 5AH,3.3
CH47 5AJ,3.3
CH47 5AL,3.3
CH47 5AN,3.3
CH47 5AP,3.3
CH47 5AQ,3.3
CH47 5AR,3.3
CH47 5AS,3.3
CH47 5AT,3.3
CH47 5AU,3.3
CH47 5AW,3.3
CH47 5AX,3.3
CH47 5AY,3.3
CH47 5AZ,3.3
CH47 5BA,3.3
CH47 5BB,3.3
CH47 5BD,3.3
CH47 5BE,3.3
CH47 5BF,3.3
CH47 5BG,3.3
CH47 5BH,3.1
CH47 6AA,3.3
CH47 6AB,3.3
CH47 6AD,3.3
CH47 6AE,3.3
CH47 6AF,3.3
CH47 6AG,3.3
CH47 6AH,3.3
CH47 6AJ,3.3
CH47 6AL,3.3
CH47 6AN,3.3
CH47 6AP,3.3
CH47 6AQ,3.3
CH47 6AR,3.3
CH47 6AS,3.3
CH47 6AT,3.3
CH47 6AU,3.3
CH47 6AW,3.3
CH47 6AX,3.3
CH47 6AY,3.3
CH47 6AZ,3.3
CH47 6BA,3.3
CH47 6BB,3.3
CH47 6BD,3.3
CH47 6BE,3.3
CH47 6BG,3.3
CH47 6BH,3.3
CH47 6BL,3.3
CH47 6BQ,3.3
CH47 7AD,3.3
CH47 7AH,3.3
CH47 7AJ,3.3
CH47 7AL,3.3
CH47 7AP,3.3
CH47 7AR,3.3
CH47 7AS,3.3
CH47 7AT,3.3
CH47 7AU,3.3
CH47 7AY,3.3
CH47 7AZ,3.3
CH47 7BA,3.3
CH47 7BB,3.3
CH46 8UF,1.1
CH46 8UG,0.1
CH46 8UH,0.1
CH46 8UJ,0.1
CH46 8UL,0.1
CH46 8UN,0.1
CH46 8UQ,0.1
CH46 8UR,1.1
CH46 8US,1.1
CH46 8UT,1.1
CH46 8UU,1.1
CH46 8UW,1.1
CH46 8UZ,1.1
CH46 9PA,0.1
CH46 9PB,0.1
CH46 9PD,1.1
CH46 9PE,1.1
CH46 9PF,1.1
CH46 9PH,0.1
CH46 9PJ,0.1
CH46 9PL,0.1
CH46 9PP,0.1
CH46 9PR,0.1
CH46 9PS,1.2
CH46 9PX,1.1
CH46 9PY,1.1
CH46 9PZ,1.1
CH46 9QA,1.1
CH46 9QB,1.1
CH46 9QD,1.1
CH46 9QE,1.1
CH46 9QF,1.1
CH46 9QG,1.1
CH46 9QH,1.1
CH46 9QJ,1.1
CH46 9QL,1.1
CH46 9QN,1.1
CH46 9QP,1.1
CH46 9QQ,1.2
CH46 9QR,1.1
CH46 9QS,1.2
CH46 9QT,1.1
CH46 9QU,1.2
CH46 9QW,1.2
CH46 9QX,1.2
CH46 9QY,1.2
CH46 9QZ,1.2
CH46 9RA,1.2
CH46 9RB,1.2
CH46 9RD,1.2
CH46 9RE,1.2
CH46 9RF,1.2
CH46 9RG,1.2
CH46 9RH,1.2
CH46 9RJ,1.2
CH46 9RL,1.2
CH46 9RN,1.2
CH46 9RP,1.2
CH46 9RQ,1.2
CH46 9RR,1.2
CH46 9RS,1.2
CH46 9RT,1.1
CH46 9RU,1.1
CH46 9RW,1.2
CH46 9RX,1.1
CH46 9RY,1.1
CH46 9RZ,1.2
CH46 9SA,1.2
CH46 9SB,1.1
CH46 9SD,1.1
CH46 9SE,1.2
CH46 9SF,1.1
CH46 9SG,1.2
CH46 9SH,0.1
CH46 9SJ,0.1
CH46 9SL,0.1
CH46 9SN,0.1
CH47 0JY,3.3
CH47 0LA,3.3
CH47 0LB,3.3
CH47 0LD,3.3
CH47 0LE,3.3
CH47 0LF,3.3
CH47 0LG,3.3
CH47 0LH,3.3
CH47 0LJ,3.3
CH47 0LL,3.1
CH47 0LN,3.3
CH47 0LQ,3.1
CH47 0LR,3.3
CH47 0LS,3.3
CH47 0LT,3.3
CH47 0LU,3.3
CH46 6AS,1.1
CH46 6AT,0.1
CH46 6AU,0.1
CH46 6AW,0.1
CH46 6AX,0.1
CH46 6AY,1.1
CH46 6AZ,0.1
CH46 6BA,0.1
CH46 6BB,1.1
CH46 6BE,0.1
CH46 6BG,1.1
CH46 6BH,0.1
CH46 6BJ,1.1
CH46 6BL,1.1
CH46 6BN,0.1
CH46 6BP,1.1
CH46 6BQ,1.1
CH46 6BR,1.1
CH46 6BS,0.1
CH46 6BT,0.1
CH47 0LW,3.3
CH47 0LX,3.3
CH47 0LY,3.3
CH47 0LZ,3.3
CH47 0NA,3.3
CH47 0NB,3.3
CH47 0ND,3.3
CH47 0NE,3.3
CH47 0NF,3.3
CH47 0NG,3.3
CH47 0NH,3.3
CH47 0NJ,3.3
CH47 0NL,3.3
CH47 0NN,3.3
CH47 0NQ,3.3
CH47 0NU,3.2
CH47 0NX,3.3
CH47 0NY,3.3
CH47 1AB,3.2
CH47 1HA,3.2
CH47 1HB,3.2
CH47 1HD,3.2
CH47 1HE,3.2
CH47 1HF,3.2
CH47 1HG,3.2
CH47 1HH,3.2
CH47 1HJ,3.2
CH47 1HL,3.2
CH47 1HN,3.2
CH47 1HP,3.2
CH47 1HQ,3.2
CH47 1HR,3.2
CH47 1HS,3.2
CH47 1HT,3.2
CH47 1HU,3.2
CH47 1HW,3.2
CH47 1HX,3.2
CH47 1HY,3.2
CH47 1HZ,3.2
CH47 1JA,3.2
CH47 1JE,3.2
CH47 1JF,3.2
CH47 1JL,3.2
CH47 2AA,3.2
CH47 2AB,3.2
CH47 2AD,3.2
CH47 2AE,3.2
CH47 2AF,3.2
CH47 2AG,3.1
CH47 2AH,3.1
CH47 2AJ,3.1
CH47 2AL,3.1
CH47 2AN,3.1
CH47 2AP,3.2
CH47 2AQ,3.1
CH47 2AR,3.2
CH47 2AS,3.1
CH47 2AT,3.2
CH47 2AU,3.1
CH47 2AW,3.2
CH47 2AX,3.2
CH47 2AY,3.2
CH47 2AZ,3.1
CH47 2BA,3.1
CH47 2BB,3.1
CH47 2BD,3.1
CH47 2BE,3.2
CH47 2BF,3.2
CH47 2BG,3.2
CH47 2BH,3.2
CH47 2BJ,3.1
CH47 2BL,3.3
CH47 2BN,3.3
CH47 2BP,3.2
CH47 2BQ,3.2
CH47 2BR,3.3
CH47 2BS,3.1
CH47 2BT,3.3
CH46 6BU,0.1
CH46 6BW,1.1
CH46 6BX,0.1
CH46 6BY,0.1
CH46 6BZ,0.1
CH46 6DA,0.1
CH46 6DB,0.1
CH46 6DD,0.1
CH46 6DE,0.1
CH46 6DF,0.1
CH46 6DG,0.1
CH46 6DH,0.1
CH46 6DJ,0.1
CH46 6DL,1.1
CH46 6DN,0.1
CH46 6DP,0.1
CH46 6DQ,0.1
CH46 6DR,0.1
CH46 6DS,0.1
CH46 6DT,3.1
CH46 6DU,0.1
CH46 6DW,0.1
CH46 6DX,0.1
CH46 6DY,0.1
CH46 6DZ,0.1
CH46 6EA,0.1
CH46 6EB,0.1
CH46 6ED,0.1
CH46 6EE,0.1
CH46 6EF,3.1
CH46 6EG,0.1
CH46 6EH,0.1
CH46 6EJ,0.1
CH46 6EL,0.1
CH46 6EN,0.1
CH46 6EQ,0.1
CH46 6ER,0.1
CH46 6ES,0.1
CH46 6ET,0.1
CH46 6EU,0.1
CH46 6EW,0.1
CH46 6EX,0.1
CH46 6EY,0.1
CH46 6EZ,0.1
CH46 6FA,3.1
CH46 6FB,3.1
CH46 6FD,3.1
CH46 6FE,3.1
CH46 6FF,3.1
CH46 6FG,3.1
CH46 6FL,0.1
CH46 6FN,3.1
CH46 6FP,3.1
CH46 6FR,3.1
CH46 6HA,0.1
CH46 6HB,0.1
CH46 6HD,0.1
CH46 6HE,0.1
CH46 6HF,0.1
CH46 6HG,0.1
CH46 6HH,0.1
CH46 6HL,0.1
CH46 6HN,0.1
CH46 6HP,0.1
CH46 6HQ,0.1
CH46 6HR,0.1
CH46 6HT,3.1
CH46 6HU,3.1
CH46 6HW,0.1
CH46 6HX,3.1
CH46 6HZ,3.1
CH46 6JA,0.1
CH46 6JB,0.1
CH46 6JD,0.1
CH46 6JE,0.1
CH46 6JG,3.1
CH46 6JH,3.1
CH46 6JJ,3.1
CH46 6JP,3.1
CH46 6JQ,0.1
CH46 6JR,3.1
CH46 6JT,3.1
CH46 7SA,1.1
CH46 7SB,1.1
CH46 7SD,1.1
CH46 7SE,1.1
CH46 7SF,1.1
CH46 7SG,1.1
CH46 7SH,1.1
CH46 7SJ,1.1
CH46 7SL,1.1
CH46 7SN,0.1
CH46 7SP,1.1
CH46 7SQ,1.1
CH46 7SR,1.1
CH46 7SS,1.1
CH46 7ST,1.1
CH46 7SU,1.1
CH46 1PB,1.2
CH46 1PD,1.2
CH46 1PE,1.2
CH46 1PF,1.2
CH46 1PG,1.2
CH46 1PH,1.2
CH46 1PJ,1.2
CH46 1PL,1.2
CH46 1PN,1.2
CH46 1PP,3.3
CH46 1PQ,1.2
CH46 1PR,1.1
CH46 1PT,3.3
CH46 1PU,3.3
CH46 1PW,3.3
CH46 1PX,3.3
CH46 1PY,3.3
CH46 1PZ,3.3
CH46 1QB,1.2
CH46 1QD,0.1
CH46 1QE,1.2
CH46 1QF,1.2
CH46 1QG,1.2
CH46 1QH,0.1
CH46 1QJ,0.1
CH46 1QL,3.3
CH46 1QN,0.1
CH46 7SW,1.1
CH46 7SX,1.1
CH46 7SY,3.1
CH46 7SZ,1.1
CH46 7TA,1.1
CH46 7TB,1.1
CH46 7TD,1.1
CH46 7TE,1.1
CH46 7TG,1.1
CH46 7TH,1.1
CH46 7TJ,1.1
CH46 7TN,1.1
CH46 7TP,1.1
CH46 7TQ,1.1
CH46 7TR,0.1
CH46 7TS,1.1
CH46 7TT,1.1
CH46 7TU,1.1
CH46 7TX,1.1
CH46 7TY,1.1
CH46 7TZ,1.1
CH46 7UA,1.1
CH46 7UB,1.1
CH46 7UD,1.1
CH46 7UE,1.1
CH46 7UF,1.1
CH46 7UG,1.1
CH46 7UH,1.1
CH46 7UJ,1.1
CH46 7UL,1.1
CH46 7UN,1.1
CH46 7UP,1.1
CH46 7UQ,1.1
CH46 7UR,1.1
CH46 7UT,1.1
CH46 7UU,1.1
CH46 7UW,1.1
CH46 7UX,1.1
CH46 7UY,1.1
CH46 7UZ,1.1
CH46 7XA,1.1
CH46 8SA,1.1
CH46 8SB,1.1
CH46 8SD,1.1
CH46 8SF,1.1
CH46 8SG,1.1
CH46 8SH,1.1
CH46 8SJ,1.1
CH46 8SL,0.1
CH46 8SN,1.1
CH46 8SP,0.1
CH46 8SQ,1.1
CH46 8SR,1.1
CH46 8SS,1.1
CH46 8ST,1.1
CH46 8SU,1.1
CH46 8SW,1.1
CH46 8SX,1.1
CH46 8SY,1.1
CH46 8SZ,1.1
CH46 8TA,1.1
CH46 8TB,1.1
CH46 8TD,1.1
CH46 8TE,1.1
CH46 8TF,1.1
CH46 8TG,1.1
CH46 8TH,1.1
CH46 8TN,1.1
CH46 8TP,1.1
CH46 1QP,0.1
CH46 1QQ,0.1
CH46 1QR,0.1
CH46 1QS,3.3
CH46 1QT,3.3
CH46 1QU,0.1
CH46 1QW,0.1
CH46 1QX,1.1
CH46 1QY,1.2
CH46 1QZ,1.2
CH46 1RA,1.2
CH46 1RD,1.2
CH46 1RE,1.2
CH46 1RF,1.2
CH46 1RG,1.2
CH46 1RH,1.2
CH46 1RJ,1.2
CH46 1RL,1.2
CH46 1RN,1.2
CH46 1RP,1.2
CH46 1RQ,1.2
CH46 1RR,1.2
CH46 1RS,1.2
CH46 1RT,1.2
CH46 1RU,1.2
CH46 1RW,1.2
CH46 1RX,1.2
CH46 1RY,1.2
CH46 1RZ,1.2
CH46 1SA,1.2
CH46 1SG,3.3
CH46 1SL,0.1
CH46 1SN,0.1
CH46 1SR,0.1
CH46 1SS,0.1
CH46 1ST,0.1
CH46 1SU,0.1
CH46 1SW,0.1
CH46 1SX,0.1
CH46 2PL,1.2
CH46 2PN,1.2
CH46 2PP,1.2
CH46 2PQ,1.2
CH46 2QA,1.2
CH46 2QB,1.2
CH46 2QD,1.2
CH46 2QE,1.2
CH46 2QF,1.2
CH46 2QG,1.2
CH46 2QH,1.2
CH46 2QJ,1.2
CH46 2QL,1.2
CH46 2QN,1.2
CH46 2QQ,1.2
CH46 2QR,1.2
CH46 2QS,1.2
CH46 2QT,1.2
CH46 2QU,1.2
CH46 2QW,1.2
CH46 2QX,1.2
CH46 2QY,1.2
CH46 2QZ,1.2
CH46 2RA,1.2
CH46 2RB,1.2
CH46 2RD,1.2
CH46 2RE,1.2
CH46 2RF,1.2
CH46 2RG,1.2
CH46 2RH,1.2
CH46 2RL,1.2
CH46 2RN,1.2
CH46 2RP,1.2
CH46 2RQ,1.2
CH46 2RR,1.2
CH46 2RS,1.2
CH46 2RT,1.2
CH46 2RU,1.2
CH46 2RW,1.2
CH46 2RX,1.2
CH46 2RY,1.2
CH46 2RZ,1.2
CH46 2SA,1.2
CH46 2SB,1.2
CH46 3RA,3.3
CH46 3RB,3.3
CH46 3RD,3.3
CH46 3RF,3.3
CH46 3RG,1.2
CH46 3RH,3.3
CH46 3RJ,3.3
CH46 3RL,3.3
CH46 3RN,1.2
CH46 3RP,1.2
CH46 3RQ,1.2
CH46 3RR,1.2
CH46 3RS,1.2
CH46 3RT,3.3
CH46 3RU,1.2
CH45 8PD,0.1
CH45 8PE,0.1
CH45 8PF,0.1
CH45 8PG,0.1
CH45 8PH,0.1
CH45 8PJ,0.1
CH45 8PL,0.1
CH45 8PN,0.1
CH45 8PP,0.1
CH45 8PQ,0.1
CH45 8PR,0.1
CH45 8PS,0.1
CH45 8PT,0.1
CH45 8PU,0.1
CH45 8PW,0.1
CH45 8PX,0.1
CH45 8PY,1.1
CH45 8PZ,1.1
CH45 8QA,0.1
CH45 8QB,0.1
CH45 8QD,0.1
CH45 8QE,0.1
CH45 8QF,0.1
CH45 8QG,0.1
CH45 8QH,1.1
CH45 8QJ,0.1
CH45 8QL,1.2
CH45 8QN,1.2
CH45 8QP,1.1
CH45 8QQ,0.1
CH45 8QR,1.1
CH45 8QS,1.1
CH45 8QW,1.2
CH46 3RW,3.3
CH46 3RX,3.3
CH46 3RY,3.3
CH46 3RZ,3.3
CH46 3SA,3.3
CH46 3SB,3.3
CH46 3SD,3.3
CH46 3SE,3.3
CH46 3SF,3.3
CH46 3SG,3.3
CH46 3SH,3.3
CH46 3SJ,3.3
CH46 3SL,3.3
CH46 3SN,3.3
CH46 3SP,3.3
CH46 3SQ,3.3
CH46 3SS,3.3
CH46 3ST,3.3
CH46 3SU,3.3
CH46 3SW,3.3
CH46 3SX,3.3
CH46 3SY,3.3
CH46 3SZ,3.3
CH46 4TA,3.1
CH46 4TB,3.1
CH46 4TD,3.3
CH46 4TG,1.1
CH46 4TH,3.1
CH46 4TL,1.1
CH46 4TP,1.1
CH46 4TT,3.1
CH46 4TU,1.1
CH46 4TZ,1.1
CH46 4UA,3.1
CH46 4UB,3.1
CH46 5NA,0.1
CH46 5NB,0.1
CH46 5ND,0.1
CH46 5NE,0.1
CH46 5NF,0.1
CH46 5NG,0.1
CH46 5NH,0.1
CH46 5NJ,0.1
CH46 5NL,0.1
CH46 5NN,0.1
CH46 5NP,0.1
CH46 5NQ,0.1
CH46 5NR,0.1
CH46 5NS,0.1
CH46 5NT,0.1
CH46 5NU,0.1
CH46 5NW,0.1
CH46 5NX,0.1
CH46 5NY,0.1
CH46 5NZ,0.1
CH46 6AA,3.2
CH46 6AD,1.1
CH46 6AF,0.1
CH46 6AG,0.1
CH46 6AJ,0.1
CH46 6AL,0.1
CH46 6AN,0.1
CH46 6AP,0.1
CH46 6AQ,0.1
CH46 6AR,1.1
CH45 8RH,0.1
CH45 9AB,1.1
CH45 9HZ,1.1
CH45 9JA,0.1
CH45 9JB,0.1
CH45 9JD,0.1
CH45 9JE,0.1
CH45 9JF,1.1
CH45 9JG,1.1
CH45 9JH,1.1
CH45 9JJ,1.1
CH45 9JL,0.1
CH45 9JN,1.1
CH45 9JP,1.1
CH45 9JQ,1.1
CH45 9JR,0.1
CH45 9JS,1.1
CH45 9JT,1.1
CH45 9JU,1.1
CH45 9JW,1.1
CH45 9JX,1.1
CH45 9JY,1.1
CH45 9JZ,1.1
CH45 9LA,1.1
CH45 9LB,0.1
CH45 9LD,0.1
CH45 9LE,0.1
CH45 9LF,0.1
CH45 9LG,0.1
CH45 9LH,1.1
CH45 9LJ,0.1
CH45 9LN,0.1
CH45 9LP,0.1
CH45 9LQ,0.1
CH45 9LR,0.1
CH45 9LS,0.1
CH45 9LT,0.1
CH45 9LU,0.1
CH45 9LW,0.1
CH45 9LZ,0.1
CH45 9NA,1.1
CH45 9NB,1.1
CH45 9NF,1.1
CH45 9NT,0.1
CH45 9NX,0.1
CH45 9NZ,0.1
CH46 0PA,3.2
CH46 0PB,3.2
CH46 0PD,1.1
CH46 0PE,3.2
CH46 0PF,1.1
CH46 0PG,3.2
CH46 0PH,3.2
CH46 0PJ,3.2
CH46 0PL,3.2
CH46 0PN,3.2
CH46 0PP,1.1
CH46 0PQ,3.2
CH46 0PR,3.2
CH46 0PS,3.2
CH46 0PT,3.2
CH46 0PU,3.2
CH46 0PW,3.2
CH46 0PX,0.1
CH46 0PY,3.2
CH46 0PZ,3.2
CH46 0QA,3.2
CH46 0QB,3.2
CH46 0QD,1.2
CH46 0QE,3.2
CH46 0QF,3.2
CH46 0QG,1.1
CH46 0QH,3.2
CH46 0QJ,3.2
CH46 0QL,3.2
CH46 0QN,1.2
CH46 0QP,3.2
CH46 0QQ,1.2
CH46 0QR,1.2
CH46 0QS,3.2
CH46 0QT,3.2
CH46 0QU,3.2
CH46 0QW,3.2
CH46 0QX,0.1
CH46 0QY,0.1
CH46 0QZ,0.1
CH46 0RA,0.1
CH46 0RB,0.1
CH46 0RD,0.1
CH46 0RE,0.1
CH46 0RF,0.1
CH46 0RG,0.1
CH46 0RH,0.1
CH46 0RJ,0.1
CH45 6TH,0.1
CH45 6TJ,0.1
CH45 6TL,0.1
CH45 6TN,0.1
CH45 6TP,1.1
CH45 6TQ,0.1
CH45 6TR,0.1
CH45 6TS,1.1
CH45 6TT,1.1
CH45 6TU,1.1
CH45 6TW,0.1
CH45 6TX,0.1
CH45 6TY,1.1
CH45 6TZ,0.1
CH45 6UA,0.1
CH45 6UB,0.1
CH45 6UD,0.1
CH45 6UE,0.1
CH45 6UH,0.1
CH45 6UJ,0.1
CH45 6UL,0.1
CH45 6UN,0.1
CH45 6UP,0.1
CH45 6UQ,0.1
CH45 6UR,0.1
CH45 6US,0.1
CH45 6UT,0.1
CH45 6UU,0.1
CH45 6UW,0.1
CH45 6UX,0.1
CH45 6UY,0.1
CH45 6UZ,0.1
CH45 6XA,0.1
CH45 6XB,0.1
CH45 6XD,0.1
CH45 6XE,0.1
CH45 6XF,0.1
CH45 6XG,0.1
CH45 6XH,0.1
CH45 6XJ,0.1
CH45 6XL,0.1
CH46 0RL,0.1
CH46 0RN,0.1
CH46 0RP,0.1
CH46 0RQ,0.1
CH46 0RR,0.1
CH46 0RS,0.1
CH46 0RT,0.1
CH46 0RU,0.1
CH46 0RW,0.1
CH46 0RX,0.1
CH46 0RY,0.1
CH46 0RZ,0.1
CH46 0SA,0.1
CH46 0SB,0.1
CH46 0SD,0.1
CH46 0SE,0.1
CH46 0SF,3.2
CH46 0SG,3.2
CH46 0SH,3.2
CH46 0SJ,1.1
CH46 0SL,0.1
CH46 0SN,3.2
CH46 0SQ,3.2
CH46 0SR,0.1
CH46 0SS,3.2
CH46 0ST,0.1
CH46 0SU,0.1
CH46 0SX,3.2
CH46 0SY,0.1
CH46 0SZ,0.1
CH46 0TA,0.1
CH46 0TB,3.2
CH46 0TD,3.2
CH46 0TE,0.1
CH46 0TF,0.1
CH46 0TG,0.1
CH46 0TH,0.1
CH46 0TJ,0.1
CH46 0TL,0.1
CH46 0TN,0.1
CH46 0TP,3.2
CH46 0TQ,0.1
CH46 0TR,3.2
CH46 0TT,1.2
CH46 0TU,0.1
CH46 0TW,0.1
CH46 0TX,0.1
CH46 0TZ,0.1
CH46 0UA,3.2
CH46 0UB,3.2
CH46 0UD,0.1
CH46 0UF,0.1
CH46 0UG,0.1
CH46 0UH,0.1
CH46 1DW,0.1
CH46 1PA,1.2
CH45 6XN,0.1
CH45 6XP,0.1
CH45 6XQ,0.1
CH45 6XT,0.1
CH45 6XW,0.1
CH45 7HH,1.2
CH45 7LA,1.1
CH45 7LD,1.1
CH45 7LE,1.1
CH45 7LF,1.2
CH45 7LG,1.1
CH45 7LJ,1.1
CH45 7LL,1.2
CH45 7LN,1.1
CH45 7LP,1.2
CH45 7LQ,1.2
CH45 7LR,1.2
CH45 7LU,1.2
CH45 7LW,1.2
CH45 7LX,1.2
CH45 7LY,1.2
CH45 7LZ,1.2
CH45 7NA,1.2
CH45 7NB,1.2
CH45 7ND,1.2
CH45 7NE,1.2
CH45 7NF,1.2
CH45 7NG,1.2
CH45 7NH,1.2
CH45 7NJ,1.2
CH45 7NL,1.2
CH45 7NN,1.2
CH45 7NP,1.2
CH45 7NQ,1.2
CH45 7NR,1.2
CH45 7NS,1.2
CH45 7NT,1.2
CH45 7NU,1.2
CH45 7NW,1.2
CH45 7NX,1.2
CH45 7NY,0.2
CH45 7NZ,0.2
CH45 7PA,1.2
CH45 7PB,3.1
CH45 7PD,3.1
CH45 7PE,3.1
CH45 7PF,3.1
CH45 7PG,3.1
CH45 7PH,1.2
CH45 7PJ,3.1
CH45 7PL,3.1
CH45 7PN,3.1
CH45 7PP,3.1
CH45 7PQ,3.1
CH45 7PR,3.1
CH45 7PS,3.1
CH45 7PT,3.1
CH45 7PU,3.1
CH45 7PW,3.1
CH45 7PX,3.1
CH45 7PY,3.1
CH45 7PZ,3.1
CH45 7QA,3.1
CH45 7QE,1.2
CH45 7QF,1.2
CH45 7QG,3.1
CH45 7QH,3.1
CH45 7QJ,3.1
CH45 7QL,3.1
CH45 7QN,3.1
CH45 7QP,3.1
CH45 7QQ,3.1
CH45 7QR,3.1
CH45 7QS,3.1
CH45 7QT,3.1
CH45 7QU,3.1
CH45 7QW,3.1
CH45 7QX,3.1
CH45 7QY,3.1
CH45 7QZ,3.1
CH45 7RA,3.1
CH45 7RB,3.1
CH45 7RD,3.1
CH45 7RE,3.1
CH45 7RH,3.1
CH45 7RQ,3.1
CH45 7SH,1.2
CH45 7SJ,1.2
CH45 8JA,0.1
CH45 8JB,0.1
CH45 8JD,0.1
CH45 8JE,1.1
CH45 8JF,0.1
CH45 8JG,0.1
CH45 8JH,0.1
CH45 8JJ,1.1
CH45 8JL,0.1
CH45 4LY,1.1
CH45 4LZ,1.1
CH45 4NB,1.1
CH45 4ND,1.1
CH45 4NE,1.1
CH45 4NL,1.1
CH45 4NN,1.1
CH45 4NS,1.1
CH45 4NW,1.1
CH45 4NZ,0.1
CH45 4PA,0.1
CH45 4PB,0.1
CH45 4PD,0.1
CH45 4PE,0.1
CH45 4PG,0.1
CH45 4PH,0.1
CH45 4PJ,0.1
CH45 4PL,0.1
CH45 4PN,0.1
CH45 4PP,0.1
CH45 4PQ,0.1
CH45 4PR,0.1
CH45 4PS,0.1
CH45 4PT,0.1
CH45 4PU,0.1
CH45 4PW,0.1
CH45 4PX,0.1
CH45 4PY,0.1
CH45 4PZ,0.1
CH45 4QA,0.1
CH45 4QB,0.1
CH45 4QD,0.1
CH45 4QE,0.1
CH45 4QF,0.1
CH45 4QG,0.1
CH45 4QH,0.1
CH45 4QJ,0.1
CH45 4QL,0.1
CH45 4QN,1.1
CH45 4QQ,0.1
CH45 4QT,1.1
CH45 4QU,1.1
CH45 4QW,0.1
CH45 4QX,1.1
CH45 4QY,1.1
CH45 4QZ,1.1
CH45 4RA,1.1
CH45 4RB,0.1
CH45 8JN,0.1
CH45 8JP,0.1
CH45 8JQ,0.1
CH45 8JR,0.1
CH45 8JS,0.1
CH45 8JT,0.1
CH45 8JU,0.1
CH45 8JW,0.1
CH45 8JX,0.1
CH45 8JY,0.1
CH45 8JZ,0.1
CH45 8LA,0.1
CH45 8LB,0.1
CH45 8LD,0.1
CH45 8LE,0.1
CH45 8LF,0.1
CH45 8LG,0.1
CH45 8LH,1.1
CH45 8LJ,0.1
CH45 8LL,0.1
CH45 8LN,0.1
CH45 8LP,0.1
CH45 8LQ,0.1
CH45 8LR,0.1
CH45 8LS,0.1
CH45 8LT,0.1
CH45 8LU,0.1
CH45 8LW,1.2
CH45 8LX,0.1
CH45 8LY,0.1
CH45 8LZ,0.1
CH45 8NB,0.1
CH45 8ND,0.1
CH45 8NE,0.1
CH45 8NF,0.1
CH45 8NG,0.1
CH45 8NH,0.1
CH45 8NJ,0.1
CH45 8NL,0.1
CH45 8NN,0.1
CH45 8NP,0.1
CH45 8NQ,0.1
CH45 8NR,0.1
CH45 8NS,0.1
CH45 8NT,1.1
CH45 8NU,1.1
CH45 8NW,0.1
CH45 8NX,1.1
CH45 8NY,1.1
CH45 8NZ,0.1
CH45 8PA,0.1
CH45 8PB,1.1
CH45 4RD,0.1
CH45 4RE,1.1
CH45 4RF,1.1
CH45 4RG,0.1
CH45 4RH,1.1
CH45 4RJ,0.1
CH45 4RL,1.1
CH45 4RN,1.1
CH45 4RP,0.1
CH45 4RQ,0.1
CH45 4RR,1.1
CH45 4RS,0.1
CH45 4RT,0.1
CH45 4RU,0.1
CH45 4RW,1.1
CH45 4RX,0.1
CH45 4RY,0.1
CH45 4RZ,0.1
CH45 4SB,0.1
CH45 4SD,0.1
CH45 4SE,0.1
CH45 4SF,0.1
CH45 4SG,0.1
CH45 4SQ,0.1
CH45 4TH,1.1
CH45 4WS,1.1
CH45 5AA,1.1
CH45 5AD,0.2
CH45 5AE,0.2
CH45 5AF,0.1
CH45 5AG,0.1
CH45 5AH,0.2
CH45 5AJ,0.2
CH45 5AL,3.1
CH45 5AN,0.1
CH45 5AP,0.2
CH45 5AQ,0.1
CH45 5AR,0.1
CH45 5AS,0.1
CH45 5AT,0.1
CH45 5AU,0.1
CH45 5AW,0.1
CH45 5AX,0.1
CH45 5AY,0.2
CH45 5AZ,0.1
CH45 5BA,0.1
CH45 5BB,0.1
CH45 5BD,0.1
CH45 5BE,0.1
CH45 5BF,0.1
CH45 5BG,0.1
CH45 5BN,0.1
CH45 5BP,0.1
CH45 5BQ,0.1
CH45 5BR,0.1
CH45 5BS,0.1
CH45 5BT,0.1
CH45 5BU,0.1
CH45 5BW,0.1
CH45 5BX,0.1
CH45 5BY,0.1
CH45 5BZ,0.1
CH45 5DA,0.1
CH45 5DB,0.1
CH45 5DD,1.1
CH45 5DE,1.2
CH45 5DF,0.1
CH45 5DG,0.2
CH45 5DH,0.2
CH45 5DJ,0.2
CH45 5DL,0.2
CH45 5DN,1.2
CH45 5DP,0.1
CH45 5DQ,0.2
CH45 5DR,1.2
CH45 5DS,1.2
CH45 5DT,0.2
CH45 5DU,0.2
CH45 5DW,1.2
CH45 5DX,0.2
CH45 5DY,0.2
CH45 5DZ,0.1
CH45 5EA,0.2
CH45 5EB,0.2
CH45 5ED,0.2
CH45 5EE,0.2
CH45 5EF,0.2
CH45 5EG,0.2
CH45 5EH,0.2
CH45 5EJ,0.2
CH45 5EL,0.1
CH45 5EN,0.2
CH45 5EP,0.2
CH45 5EQ,0.2
CH45 5ER,0.2
CH45 5ES,0.2
CH45 5ET,0.1
CH45 5EU,0.1
CH45 5EW,0.1
CH45 1LZ,0.1
CH45 1NA,0.1
CH45 1NB,0.1
CH45 1ND,0.1
CH45 1NE,0.1
CH45 1NF,3.1
CH45 1NG,3.1
CH45 1NH,3.1
CH45 1NJ,3.1
CH45 1NN,3.1
CH45 1NP,0.1
CH45 1NQ,3.1
CH45 1NR,0.1
CH45 1NS,0.1
CH45 1NT,0.1
CH45 1NU,0.1
CH45 1NW,0.1
CH45 1NX,0.1
CH45 2AB,1.1
CH45 2HZ,1.1
CH45 2JB,1.1
CH45 2JD,1.1
CH45 2JF,1.1
CH45 2JN,1.1
CH45 2JR,1.1
CH45 2JS,1.1
CH45 2JT,1.1
CH45 2JU,0.1
CH45 2JW,1.1
CH45 2JX,1.1
CH45 2JY,1.1
CH45 2JZ,1.1
CH45 2LA,1.1
CH45 2LB,1.1
CH45 2LD,1.1
CH45 2LE,1.1
CH45 2LF,1.1
CH45 2LG,1.1
CH45 2LH,1.1
CH45 2LJ,1.1
CH45 2LL,1.1
CH45 2LN,1.1
CH45 2LQ,1.1
CH45 2LR,1.1
CH45 2LS,1.1
CH45 2LT,1.1
CH45 2LU,0.1
CH45 2LW,1.1
CH45 2LX,0.1
CH45 2LY,0.1
CH45 2LZ,1.1
CH45 2NA,0.1
CH45 2ND,1.1
CH45 5EX,0.1
CH45 5EY,0.1
CH45 5EZ,0.1
CH45 5HA,0.1
CH45 5HB,0.1
CH45 5HD,0.1
CH45 5HE,0.1
CH45 5HF,0.1
CH45 5HG,0.1
CH45 5HH,0.1
CH45 5HJ,0.1
CH45 5HL,0.1
CH45 5HN,0.1
CH45 5HP,0.1
CH45 5HQ,0.1
CH45 5HR,0.1
CH45 5HS,0.1
CH45 5HT,0.1
CH45 5HU,0.1
CH45 5HW,0.1
CH45 5HY,0.1
CH45 5HZ,0.1
CH45 5JA,0.1
CH45 5JB,0.1
CH45 5JD,0.1
CH45 5JE,0.1
CH45 5JG,0.1
CH45 5JH,0.1
CH45 5JJ,0.1
CH45 5JL,0.1
CH45 5JN,0.1
CH45 5JQ,0.1
CH45 5JR,0.2
CH45 5JT,0.2
CH45 5JW,0.1
CH45 5LF,0.2
CH45 5LN,0.1
CH45 6TA,0.1
CH45 6TB,0.1
CH45 6TD,0.1
CH45 6TE,0.1
CH45 6TF,0.1
CH45 6TG,0.1
CH45 2NE,1.1
CH45 2NF,1.1
CH45 2NG,1.1
CH45 2NH,1.1
CH45 2NJ,1.1
CH45 2NL,1.1
CH45 2NN,1.1
CH45 2NP,1.1
CH45 2NQ,1.1
CH45 2NR,1.1
CH45 2NS,0.1
CH45 2NT,0.1
CH45 2NU,0.1
CH45 2NW,1.1
CH45 2NX,0.1
CH45 2NY,1.1
CH45 2NZ,0.1
CH45 2PA,1.1
CH45 2PE,1.1
CH45 2PG,1.1
CH45 2PH,1.1
CH45 2PN,1.1
CH45 2PP,1.1
CH45 2PW,1.1
CH45 2PX,0.1
CH45 3GH,0.1
CH45 3HA,0.1
CH45 3HB,0.1
CH45 3HD,0.1
CH45 3HE,0.1
CH45 3HF,0.1
CH45 3HG,0.1
CH45 3HH,0.1
CH45 3HJ,0.1
CH45 3HL,0.1
CH45 3HN,0.1
CH45 3HP,0.1
CH45 3HQ,0.1
CH45 3HR,0.1
CH45 3HS,0.1
CH45 3HT,0.1
CH45 3HU,0.1
CH45 3HW,0.1
CH45 3HX,0.1
CH45 3HY,0.1
CH45 3HZ,0.1
CH45 3JA,0.1
CH45 3JB,0.1
CH45 3JD,0.1
CH45 3JE,0.1
CH45 3JF,0.1
CH45 3JG,0.1
CH45 3JH,0.1
CH45 3JJ,0.1
CH45 3JL,0.1
CH45 3JN,0.1
CH45 3JP,0.1
CH45 3JQ,0.1
CH45 3JR,0.1
CH45 3JS,0.1
CH45 3JT,0.1
CH45 3JU,0.1
CH45 3JW,0.1
CH45 3JX,0.1
CH45 3JY,0.1
CH45 3JZ,0.1
CH45 3LA,1.1
CH45 3LD,0.1
CH45 3LE,1.1
CH45 3LF,1.1
CH45 3LG,1.1
CH45 3LH,0.1
CH45 3LJ,0.1
CH45 3LL,1.1
CH45 3LN,1.1
CH45 3LP,1.1
CH45 3LQ,1.1
CH45 3LR,1.1
CH45 3LU,1.1
CH45 3LX,0.1
CH45 3LY,0.1
CH45 3NA,0.1
CH45 3NB,0.1
CH45 3NE,0.1
CH45 3NF,1.1
CH45 3NG,0.1
CH45 3NH,0.1
CH45 3NN,0.1
CH45 3NP,0.1
CH45 3NQ,0.1
CH45 3NR,0.1
CH45 3NS,0.1
CH45 3NT,0.1
CH45 3NU,0.1
CH45 3NW,0.1
CH45 3NX,0.1
CH45 3NY,1.1
CH45 3NZ,1.1
CH45 3PA,1.1
CH44 8EE,1.1
CH44 8EF,1.1
CH44 8EG,1.1
CH44 8EH,1.1
CH44 8EJ,1.2
CH44 8EL,1.1
CH44 8EN,1.1
CH44 8EP,1.2
CH44 8EQ,1.1
CH44 8ER,1.2
CH44 8ES,1.1
CH44 8EU,1.1
CH44 8EW,1.2
CH44 8EX,1.1
CH44 8EY,1.2
CH44 8HA,1.2
CH44 8HB,1.2
CH44 8HF,1.2
CH44 8HG,1.2
CH44 8HQ,1.2
CH44 8HY,1.2
CH44 9AA,1.2
CH44 9AB,1.2
CH44 9AD,1.1
CH44 9AE,1.2
CH44 9AF,1.1
CH44 9AH,1.2
CH44 9AJ,1.2
CH44 9AL,1.1
CH44 9AN,1.2
CH44 9AP,1.2
CH44 9AR,1.2
CH44 9AW,1.2
CH44 9AX,1.2
CH44 9AY,1.2
CH44 9AZ,1.2
CH44 9BA,1.2
CH44 9BB,1.2
CH44 9BD,1.2
CH44 9BE,1.2
CH44 9BG,1.2
CH44 9BH,1.2
CH44 9BJ,1.2
CH44 9BL,1.2
CH44 9BN,3.2
CH44 9BP,1.2
CH44 9BQ,1.2
CH44 9BR,3.2
CH44 9BS,3.2
CH44 9BT,3.2
CH44 9BU,3.2
CH44 9BW,1.2
CH44 9BX,3.2
CH44 9BY,3.2
CH44 9BZ,3.2
CH44 9DA,3.2
CH44 9DB,3.2
CH44 9DD,1.1
CH44 9DE,1.1
CH44 9DF,1.2
CH44 9DG,1.2
CH44 9DH,1.1
CH45 3PB,1.1
CH45 3PD,1.1
CH45 3PS,0.1
CH45 3PZ,0.1
CH45 3QH,0.1
CH45 3QJ,0.1
CH45 3QL,0.1
CH45 3QN,0.1
CH45 3QQ,0.1
CH45 3QS,0.1
CH45 3QW,0.1
CH45 4JA,1.1
CH45 4JB,1.1
CH45 4JG,1.1
CH45 4JL,1.1
CH45 4JP,1.1
CH45 4JR,1.1
CH45 4JW,1.1
CH45 4LA,1.1
CH45 4LB,1.1
CH45 4LD,0.1
CH45 4LE,0.1
CH45 4LG,0.1
CH45 4LH,0.1
CH45 4LJ,0.1
CH45 4LL,0.1
CH45 4LN,0.1
CH45 4LP,0.1
CH45 4LQ,1.1
CH45 4LR,0.1
CH45 4LS,1.1
CH45 4LT,0.1
CH45 4LU,1.1
CH45 4LW,0.1
CH45 4LX,1.1
CH44 9DJ,1.2
CH44 9DL,1.2
CH44 9DN,1.1
CH44 9DP,1.1
CH44 9DQ,1.1
CH44 9DR,1.1
CH44 9DS,1.1
CH44 9DT,1.1
CH44 9DU,1.1
CH44 9DW,1.1
CH44 9DX,1.1
CH44 9DY,1.1
CH44 9DZ,1.2
CH44 9EA,1.2
CH44 9EB,1.2
CH44 9ED,1.2
CH44 9EE,1.1
CH44 9EF,1.2
CH44 9EG,1.2
CH44 9EH,1.2
CH44 9EJ,1.1
CH44 9EL,1.1
CH44 9EN,1.1
CH44 9EP,1.1
CH44 9EQ,1.1
CH44 9ER,1.1
CH44 9ES,1.1
CH44 9ET,1.1
CH44 9EU,1.1
CH44 9EW,1.1
CH44 9EY,1.1
CH44 9HB,1.2
CH45 0JA,0.1
CH45 0JB,0.1
CH45 0JD,0.1
CH45 0JE,0.1
CH45 0JF,0.1
CH45 0JJ,0.1
CH45 0JL,0.1
CH45 0JN,0.1
CH45 0JP,0.1
CH45 0JR,0.1
CH45 0JS,0.1
CH45 0JT,0.1
CH45 0JU,0.1
CH45 0JW,0.1
CH45 0JX,0.1
CH45 0JY,0.1
CH45 0JZ,0.1
CH45 0LA,0.1
CH45 0LB,0.1
CH45 0LE,0.1
CH45 0LF,0.1
CH45 0LG,0.1
CH45 0LH,0.1
CH45 0LJ,0.1
CH45 0LL,0.1
CH45 0LN,0.1
CH45 0LP,0.1
CH45 0LQ,0.1
CH45 0LR,0.1
CH45 0LS,0.1
CH45 0LT,0.1
CH45 0LU,0.1
CH45 0LW,0.1
CH45 0LX,0.1
CH45 0LY,0.1
CH45 0LZ,0.1
CH45 0NA,0.1
CH45 0NB,0.1
CH45 0ND,0.1
CH45 0NE,0.1
CH45 0NH,0.1
CH45 0NQ,0.1
CH45 1HA,3.1
CH45 1HB,3.1
CH45 1HD,3.1
CH45 1HE,3.1
CH45 1HF,3.1
CH45 1HG,3.1
CH45 1HL,3.1
CH45 1HN,3.1
CH45 1HP,3.1
CH45 1HR,3.1
CH45 1HS,3.1
CH45 1HT,3.1
CH45 1HU,3.1
CH45 1HW,3.1
CH45 1HX,3.1
CH45 1HY,3.1
CH45 1HZ,3.1
CH45 1JA,0.2
CH45 1JB,0.2
CH45 1JD,0.2
CH45 1JE,0.2
CH45 1JF,0.2
CH45 1JG,3.1
CH45 1JH,3.1
CH44 6LB,1.1
CH44 6LE,1.1
CH44 6LF,1.1
CH44 6LG,1.1
CH44 6LJ,1.1
CH44 6LL,1.1
CH44 6LN,1.1
CH44 6LQ,1.1
CH44 6LR,1.1
CH44 6LS,1.1
CH44 6LT,1.1
CH44 6LU,1.1
CH44 6LW,1.1
CH44 6LX,1.1
CH44 6LY,1.1
CH44 6LZ,1.1
CH44 6NA,1.1
CH44 6NB,1.1
CH44 6ND,1.1
CH44 6NE,1.1
CH44 6NF,1.1
CH44 6NG,1.1
CH44 6NH,1.1
CH44 6NJ,1.1
CH44 6NL,1.1
CH44 6NQ,1.1
CH44 6NU,1.1
CH44 6NY,1.1
CH44 6NZ,1.1
CH44 6PA,1.1
CH44 6PB,1.1
CH44 6PD,1.1
CH44 6PH,1.1
CH44 6PL,1.1
CH44 6PN,1.1
CH44 6PP,1.1
CH44 6PQ,1.1
CH44 6PR,1.1
CH44 6PT,1.1
CH44 6PU,1.1
CH44 6PW,1.1
CH44 6PX,1.1
CH44 6PY,1.1
CH44 6PZ,1.1
CH44 6QA,1.1
CH44 6QB,1.1
CH44 6QD,1.1
CH44 6QE,1.1
CH44 6QF,1.1
CH44 6QG,1.1
CH44 6QH,1.1
CH44 6QJ,1.1
CH44 6QL,1.1
CH44 6QN,1.1
CH44 6QQ,1.1
CH44 6QT,1.1
CH44 6QU,1.1
CH44 6QW,1.1
CH44 6QY,1.1
CH44 6RA,1.1
CH44 6RB,1.1
CH44 6RD,1.1
CH44 6RE,1.1
CH44 6RW,1.1
CH44 7AG,1.1
CH44 7AH,1.1
CH45 1JJ,0.2
CH45 1JL,0.2
CH45 1JN,0.2
CH45 1JP,0.2
CH45 1JQ,0.2
CH45 1JR,0.2
CH45 1JS,0.1
CH45 1JT,0.1
CH45 1JU,0.1
CH45 1JW,0.2
CH45 1JX,0.1
CH45 1JY,0.1
CH45 1JZ,1.1
CH45 1LA,1.1
CH45 1LD,0.1
CH45 1LE,0.1
CH45 1LF,0.1
CH45 1LG,0.1
CH45 1LH,0.1
CH45 1LJ,0.1
CH45 1LL,0.1
CH45 1LN,3.1
CH45 1LP,0.1
CH45 1LQ,3.1
CH45 1LR,0.1
CH45 1LS,0.1
CH45 1LT,0.1
CH45 1LU,3.1
CH45 1LW,3.1
CH45 1LX,0.1
CH45 1LY,0.1
CH44 7AJ,1.1
CH44 7AL,1.1
CH44 7AN,1.1
CH44 7AP,1.1
CH44 7AQ,1.1
CH44 7AR,1.1
CH44 7AS,1.1
CH44 7AT,1.1
CH44 7AU,1.1
CH44 7AW,1.1
CH44 7AX,1.1
CH44 7AY,1.1
CH44 7AZ,1.1
CH44 7BA,1.1
CH44 7BB,1.1
CH44 7BD,1.1
CH44 7BE,1.1
CH44 7BG,1.1
CH44 7BH,1.1
CH44 7BJ,1.1
CH44 7BL,1.1
CH44 7BN,1.1
CH44 7BQ,1.1
CH44 7BR,1.1
CH44 7BS,1.1
CH44 7BT,1.1
CH44 7BU,1.1
CH44 7BW,1.1
CH44 7BX,1.1
CH44 7BY,1.1
CH44 7BZ,1.1
CH44 7DE,1.1
CH44 7DF,1.1
CH44 7DN,1.2
CH44 7DP,1.1
CH44 7DQ,1.1
CH44 7DX,1.1
CH44 7DY,1.1
CH44 7DZ,1.1
CH44 7EA,1.1
CH44 7ED,1.1
CH44 7EE,1.1
CH44 7EH,1.1
CH44 7EJ,1.1
CH44 7EN,1.1
CH44 7EQ,1.1
CH44 7ER,1.1
CH44 7ES,1.1
CH44 7ET,1.1
CH44 7EU,1.2
CH44 7EW,1.1
CH44 7EY,1.1
CH44 7EZ,1.1
CH44 7HA,1.1
CH44 7HG,1.1
CH44 7HH,1.1
CH44 7HJ,1.1
CH44 7HL,1.1
CH44 7HN,1.1
CH44 7HS,1.2
CH44 7HT,1.2
CH44 7HW,1.1
CH44 7HX,1.2
CH44 7HY,1.1
CH44 7JA,1.2
CH44 7JN,1.1
CH44 7JS,1.1
CH44 7JW,1.1
CH44 7JY,1.2
CH44 7LB,1.1
CH44 7LD,1.1
CH44 7LE,1.1
CH44 8AA,1.2
CH44 8AB,3.1
CH44 8AE,1.2
CH44 8AF,1.2
CH44 8AG,1.2
CH44 8AH,1.2
CH44 8AJ,1.2
CH44 8AL,1.2
CH44 8AN,1.2
CH44 8AP,1.2
CH44 8AR,1.2
CH44 8AS,1.2
CH44 8AT,1.2
CH44 8AU,1.2
CH44 8AW,1.2
CH44 8BA,1.2
CH44 8BB,1.2
CH44 8BD,1.2
CH44 8BE,1.2
CH44 8BG,1.2
CH44 8BH,1.2
CH44 8BJ,1.2
CH44 8BL,1.2
CH44 8BN,1.2
CH44 8BP,1.2
CH44 4AT,1.2
CH44 4AU,1.2
CH44 4AW,1.2
CH44 4AX,1.2
CH44 4AY,1.2
CH44 4AZ,1.2
CH44 4BA,1.2
CH44 4BB,1.2
CH44 4BD,1.2
CH44 4BE,1.2
CH44 4BG,1.2
CH44 4BH,1.2
CH44 4BJ,1.2
CH44 4BL,1.2
CH44 4BN,1.2
CH44 4BP,1.2
CH44 4BQ,1.2
CH44 4BR,1.2
CH44 4BS,1.2
CH44 4BT,1.2
CH44 4BU,1.2
CH44 4BW,1.2
CH44 4BX,1.2
CH44 4BY,1.2
CH44 4BZ,1.2
CH44 4DA,1.2
CH44 4DB,3.2
CH44 4DD,1.2
CH44 4DE,3.2
CH44 4DF,1.2
CH44 4DG,3.2
CH44 4DH,1.2
CH44 4DJ,3.2
CH44 4DL,3.2
CH44 4DN,1.2
CH44 4DP,3.2
CH44 4DQ,3.2
CH44 4DR,1.2
CH44 4DS,1.2
CH44 4DT,3.2
CH44 4DU,3.2
CH44 4DW,3.2
CH44 4DX,3.2
CH44 4DY,3.2
CH44 4DZ,1.2
CH44 4EA,1.2
CH44 4EB,1.2
CH44 4ED,1.2
CH44 4EE,1.2
CH44 4EF,1.2
CH44 4EG,1.2
CH44 4EH,1.2
CH44 4EJ,1.2
CH44 4EL,1.2
CH44 4EN,1.2
CH44 4EP,1.2
CH44 4EQ,1.2
CH44 4ER,1.2
CH44 4ES,1.2
CH44 4ET,3.2
CH44 4EU,3.2
CH44 4EW,3.2
CH44 4EX,3.2
CH44 4HD,1.2
CH44 4HG,1.2
CH44 4HS,1.2
CH44 4SA,1.1
CH44 4SB,1.1
CH44 4SD,1.1
CH44 4SE,1.1
CH44 4SF,1.1
CH44 4SG,1.1
CH44 4SH,1.1
CH44 4SJ,1.1
CH44 4SL,1.1
CH44 8BQ,1.2
CH44 8BR,1.2
CH44 8BS,1.2
CH44 8BT,1.1
CH44 8BU,1.1
CH44 8BW,1.2
CH44 8BX,1.1
CH44 8BY,1.1
CH44 8BZ,1.1
CH44 8DA,1.1
CH44 8DB,1.1
CH44 8DD,1.1
CH44 8DF,1.2
CH44 8DJ,1.1
CH44 8DL,1.1
CH44 8DN,1.1
CH44 8DP,1.1
CH44 8DR,1.1
CH44 8DS,1.1
CH44 8DT,1.1
CH44 8DU,1.1
CH44 8DW,1.1
CH44 8DY,1.1
CH44 8ED,1.1
CH44 4SN,1.1
CH44 4SP,1.2
CH44 4SQ,1.1
CH44 4SR,1.1
CH44 4SS,1.1
CH44 4ST,1.1
CH44 4SU,1.1
CH44 4SW,1.1
CH44 4SX,1.1
CH44 4SY,1.1
CH44 4SZ,1.1
CH44 4TA,1.1
CH44 4TB,1.1
CH44 4TD,1.1
CH44 5AA,1.2
CH44 5AB,1.2
CH44 5RA,1.1
CH44 5RB,1.1
CH44 5RD,1.1
CH44 5RE,0.1
CH44 5RF,0.1
CH44 5RG,0.1
CH44 5RH,0.1
CH44 5RJ,0.1
CH44 5RL,0.1
CH44 5RN,1.2
CH44 5RP,0.1
CH44 5RQ,0.1
CH44 5RR,0.1
CH44 5RS,1.2
CH44 5RT,0.1
CH44 5RU,0.1
CH44 5RW,1.2
CH44 5RX,0.1
CH44 5RY,1.2
CH44 5RZ,1.2
CH44 5SA,1.2
CH44 5SB,1.2
CH44 5SD,1.2
CH44 5SE,1.2
CH44 5SF,1.2
CH44 5SG,1.2
CH44 5SH,3.2
CH44 5SJ,1.2
CH44 5SL,1.2
CH44 5SN,1.2
CH44 5SP,1.2
CH44 5SQ,1.2
CH44 5SR,1.2
CH44 5SS,1.2
CH44 5SU,1.2
CH44 5SW,3.2
CH44 5SX,1.2
CH44 5SY,1.2
CH44 5SZ,1.2
CH44 5TA,1.2
CH44 5TB,1.2
CH44 5TE,1.2
CH44 5TF,1.2
CH44 5TG,1.2
CH44 5TH,1.2
CH44 5TL,1.2
CH44 5TN,1.2
CH44 5TP,1.2
CH44 5TQ,1.2
CH44 5TX,1.2
CH44 5TY,1.2
CH44 5UA,1.2
CH44 5UB,1.2
CH44 5UD,1.2
CH44 5UE,1.2
CH44 5UF,1.2
CH44 5UG,1.2
CH44 5UH,1.2
CH44 5UJ,1.2
CH44 5UL,1.2
CH44 5UN,1.2
CH44 5UP,1.2
CH44 5UQ,1.2
CH44 5UR,1.2
CH44 5US,1.2
CH44 5UT,1.2
CH44 5UU,1.2
CH44 5UW,1.2
CH44 5UX,1.2
CH44 5UY,1.1
CH44 5UZ,0.1
CH44 5XA,0.1
CH44 5XB,1.1
CH44 5XD,1.1
CH44 5XE,1.2
CH44 5XF,1.2
CH44 5XG,0.1
CH44 5XH,1.1
CH44 5XN,1.2
CH44 5XQ,0.1
CH44 5XT,1.2
CH44 5XU,1.2
CH44 1BP,3.1
CH44 1BQ,1.2
CH44 1BR,1.2
CH44 1BS,3.1
CH44 1BT,1.2
CH44 1BU,1.2
CH44 1BW,1.2
CH44 1BX,1.2
CH44 1BY,1.2
CH44 1BZ,1.2
CH44 1DA,1.2
CH44 1DD,1.2
CH44 1DE,1.2
CH44 1DG,1.2
CH44 1DH,1.2
CH44 1DJ,1.2
CH44 1DL,1.2
CH44 1DN,1.2
CH44 1DP,1.2
CH44 1DQ,1.2
CH44 1DR,1.2
CH44 1DS,1.2
CH44 1DT,1.2
CH44 1DU,1.2
CH44 1DW,1.2
CH44 1DY,1.2
CH44 1EA,1.2
CH44 1EB,1.2
CH44 1ED,1.2
CH44 1EE,1.2
CH44 1EF,1.2
CH44 1EH,1.2
CH44 1EJ,1.2
CH44 1EL,1.2
CH44 1EQ,1.2
CH44 2AA,1.1
CH44 2AB,0.1
CH44 2AD,0.1
CH44 2AE,1.1
CH44 2AF,0.1
CH44 2AG,0.1
CH44 2AQ,1.1
CH44 2AR,0.1
CH44 2AS,3.2
CH44 2AT,1.1
CH44 2AU,3.2
CH44 2AX,0.1
CH44 2AY,0.1
CH44 2AZ,0.1
CH44 2BA,0.1
CH44 2BD,0.1
CH44 2BE,0.1
CH44 2BG,0.1
CH44 2BH,0.1
CH44 2BJ,0.1
CH44 2BL,0.1
CH44 2BN,0.1
CH44 2BP,0.1
CH44 2BQ,0.1
CH44 2BR,0.1
CH44 2BS,0.1
CH44 2BT,0.1
CH44 2BU,0.1
CH44 2BW,0.1
CH44 2BX,1.1
CH44 2BY,1.1
CH44 2BZ,0.1
CH44 2DA,1.1
CH44 2DB,0.1
CH44 2DD,0.1
CH44 2DE,0.1
CH44 2DF,0.1
CH44 2DG,0.1
CH44 2DH,0.1
CH44 2DJ,1.1
CH44 2DL,0.1
CH44 2DN,0.1
CH44 2DP,0.1
CH44 2DQ,0.1
CH44 2DR,0.1
CH44 2DS,0.1
CH44 5XW,1.2
CH44 5XX,1.2
CH44 5YS,1.2
CH44 6JA,1.1
CH44 6JB,1.1
CH44 6JD,1.1
CH44 6JF,1.1
CH44 6JG,1.1
CH44 6JJ,1.1
CH44 6JL,1.1
CH44 6JP,1.1
CH44 6JQ,1.1
CH44 6JX,1.1
CH44 6JY,1.1
CH44 6JZ,1.1
CH44 2DT,0.1
CH44 2DU,0.1
CH44 2DW,0.1
CH44 2DX,0.1
CH44 2DY,0.1
CH44 2DZ,0.1
CH44 2EA,0.1
CH44 2EB,0.1
CH44 2ED,0.1
CH44 2EE,0.1
CH44 2EF,0.1
CH44 2EG,0.1
CH44 2EH,0.1
CH44 2EJ,0.1
CH44 2EL,0.1
CH44 2EN,0.1
CH44 2EP,0.1
CH44 2EQ,0.1
CH44 2ER,0.1
CH44 2ES,3.2
CH44 2ET,0.1
CH44 2EU,0.1
CH44 2EW,0.1
CH44 2EY,0.1
CH44 2HE,1.1
CH44 2HQ,0.1
CH44 2HR,1.2
CH44 3AA,0.1
CH44 3AB,0.1
CH44 3AD,0.1
CH44 3AE,0.1
CH44 3AF,0.1
CH44 3AG,3.2
CH44 3AH,0.1
CH44 3AJ,0.1
CH44 3AL,3.2
CH44 3AN,0.1
CH44 3AP,3.2
CH44 3AQ,0.1
CH44 3AR,3.2
CH44 3AS,3.2
CH44 3AT,3.2
CH44 3AU,3.2
CH44 3AW,0.1
CH44 3AX,3.2
CH44 3AY,3.2
CH44 3AZ,3.2
CH44 3BB,3.2
CH44 3BD,3.2
CH44 3BE,3.2
CH44 3BG,3.2
CH44 3BH,0.1
CH44 3BJ,3.2
CH44 3BL,1.2
CH44 3BN,0.1
CH44 3BP,3.2
CH44 3BQ,3.2
CH44 3BR,0.1
CH44 3BS,0.1
CH44 3BT,0.1
CH44 3BU,0.1
CH44 3BW,0.1
CH44 3BX,0.1
CH44 3BY,3.2
CH44 3BZ,0.1
CH44 3DA,3.2
CH44 3DB,3.2
CH44 3DD,3.2
CH44 3DE,3.2
CH44 3DF,0.1
CH44 3DG,3.2
CH44 3DH,3.2
CH44 3DJ,0.1
CH44 3DL,3.2
CH44 3DN,3.2
CH44 3DP,3.2
CH44 3DQ,3.2
CH44 3DR,3.2
CH44 3DS,3.2
CH44 3DT,3.2
CH44 3DU,3.2
CH44 3DW,3.2
CH44 3DX,3.2
CH44 3DY,3.2
CH44 3DZ,3.2
CH44 3EA,3.2
CH44 3EB,0.1
CH44 3ED,0.1
CH44 3EE,3.2
CH44 3EF,0.1
CH44 3EG,0.1
CH44 3EH,3.2
CH44 3EJ,3.2
CH44 3EQ,3.2
CH44 3HS,3.2
CH44 4AA,1.2
CH44 4AD,3.2
CH44 4AE,1.2
CH43 9SQ,0.1
CH43 9SR,1.1
CH43 9SS,1.1
CH43 9ST,1.1
CH43 9SU,1.1
CH43 9SW,0.1
CH43 9SX,3.2
CH43 9SY,1.1
CH43 9SZ,1.1
CH43 9TA,3.2
CH43 9TB,3.2
CH43 9TD,3.2
CH43 9TE,3.2
CH43 9TF,3.2
CH43 9TG,3.2
CH43 9TH,3.2
CH43 9TJ,3.2
CH43 9TL,3.2
CH43 9TN,3.2
CH43 9TP,3.2
CH43 9TQ,3.2
CH43 9TS,3.2
CH43 9TT,3.2
CH43 9TU,3.2
CH43 9TW,3.2
CH43 9TX,3.2
CH43 9TY,1.1
CH43 9TZ,3.2
CH43 9UA,3.3
CH43 9UB,3.3
CH43 9UD,3.3
CH43 9UE,3.2
CH43 9UF,3.2
CH43 9UG,3.3
CH43 9UH,0.1
CH43 9UJ,0.1
CH43 9UL,3.2
CH43 9UN,3.2
CH43 9UP,1.1
CH43 9UQ,3.3
CH43 9UR,1.1
CH43 9US,1.1
CH43 9UT,1.1
CH43 9UU,1.1
CH43 9UW,3.2
CH43 9UX,1.1
CH43 9UY,1.1
CH43 9UZ,1.1
CH43 9WF,1.1
CH43 9WG,1.1
CH43 9WH,3.2
CH43 9WL,0.1
CH43 9WN,3.2
CH43 9WQ,1.1
CH43 9WU,0.1
CH43 9WX,3.2
CH43 9XB,1.1
CH43 9XD,1.1
CH43 9XE,1.1
CH43 9XF,1.1
CH43 9XG,1.1
CH43 9XH,1.2
CH43 9XJ,1.2
CH43 9XL,1.2
CH43 9XN,1.1
CH43 9XP,1.1
CH43 9XQ,1.1
CH43 9XR,1.1
CH43 9XS,1.1
CH43 9XT,1.2
CH43 9XU,1.1
CH43 9XW,1.1
CH43 9XX,1.1
CH43 9XY,1.1
CH43 9XZ,0.1
CH43 9YA,3.2
CH43 9YB,1.1
CH43 9YD,3.2
CH43 9YE,3.2
CH43 9YF,3.2
CH43 9YG,3.2
CH43 9YH,1.1
CH43 9YL,3.2
CH43 9YN,3.2
CH43 9YP,1.1
CH43 9YQ,3.2
CH43 9YR,1.1
CH43 9YS,1.1
CH44 4AF,3.2
CH44 4AG,1.2
CH44 4AH,1.2
CH44 4AJ,1.2
CH44 4AL,1.2
CH44 4AN,1.2
CH44 4AP,1.2
CH44 4AQ,1.2
CH44 4AR,1.2
CH44 4AS,1.2
CH43 9YT,1.1
CH43 9YU,1.1
CH43 9YW,3.2
CH43 9YX,1.1
CH43 9YZ,1.1
CH44 0AA,3.1
CH44 0AB,3.1
CH44 0AD,3.1
CH44 0AG,3.1
CH44 0AH,3.1
CH44 0AJ,3.1
CH44 0AL,1.2
CH44 0AN,3.1
CH44 0AP,3.1
CH44 0AQ,3.1
CH44 0AR,1.2
CH44 0AS,1.2
CH44 0AT,3.1
CH44 0AU,1.2
CH44 0AW,3.1
CH44 0AX,3.1
CH44 0AY,3.1
CH44 0AZ,1.2
CH44 0BA,3.1
CH44 0BB,3.1
CH44 0BD,3.1
CH44 0BE,3.1
CH44 0BG,1.2
CH44 0BH,1.2
CH44 0BJ,1.2
CH44 0BL,1.2
CH44 0BN,1.2
CH44 0BP,1.2
CH44 0BQ,1.2
CH44 0BR,1.2
CH44 0BS,1.2
CH44 0BW,1.2
CH44 0BY,1.2
CH44 0BZ,1.2
CH44 0DB,1.2
CH44 0DD,1.2
CH44 0DE,1.2
CH44 0DF,1.2
CH44 0DG,1.2
CH44 0DN,1.2
CH44 0DP,1.2
CH44 0DQ,1.2
CH44 0DR,3.1
CH44 0DS,1.2
CH44 0DT,1.2
CH44 0DU,1.2
CH44 0DW,1.2
CH44 0DX,3.1
CH44 0DY,1.2
CH44 0DZ,1.2
CH44 0EA,1.2
CH44 0EB,3.1
CH44 0ED,3.1
CH44 0EE,1.2
CH44 0EH,1.2
CH44 0EJ,1.2
CH44 0EL,1.2
CH44 0EN,1.2
CH44 0EP,1.2
CH44 0ER,1.2
CH44 0ES,1.2
CH44 0ET,1.2
CH44 0EU,1.2
CH44 0EW,1.2
CH44 0EZ,1.2
CH44 0FD,1.2
CH44 0HN,1.2
CH44 1AA,1.1
CH44 1AB,1.1
CH44 1AD,1.1
CH44 1AE,1.1
CH44 1AG,1.2
CH44 1AJ,1.2
CH44 1AL,1.2
CH44 1AN,1.2
CH44 1AP,1.2
CH44 1AQ,1.2
CH44 1AR,1.2
CH44 1AS,3.1
CH44 1AT,1.2
CH44 1AU,3.1
CH44 1AW,1.2
CH44 1AX,3.1
CH44 1AY,3.1
CH44 1AZ,1.2
CH44 1BA,3.1
CH44 1BB,1.2
CH44 1BD,1.2
CH44 1BE,1.2
CH44 1BG,3.1
CH44 1BH,1.2
CH43 7SS,1.1
CH43 7ST,1.1
CH43 7SU,1.1
CH43 7SX,1.1
CH43 7TE,1.2
CH43 7TF,1.2
CH43 7TT,1.2
CH43 7UA,1.2
CH43 7UQ,1.2
CH43 7WA,0.1
CH43 7XD,1.1
CH43 7XE,3.3
CH43 7XG,1.2
CH43 7XH,1.2
CH43 7XJ,1.2
CH43 7XL,3.3
CH43 7XN,3.3
CH43 7XP,3.3
CH43 7XQ,1.2
CH43 7XR,3.3
CH43 7XS,3.3
CH43 7XT,1.2
CH43 7XU,1.2
CH43 7XW,3.3
CH43 7XX,1.2
CH43 7XY,1.2
CH43 7YB,1.2
CH43 7YE,3.3
CH43 7YG,1.2
CH43 7YH,1.2
CH43 7YJ,1.2
CH43 7YL,1.2
CH43 7YN,1.2
CH43 7YP,1.2
CH43 7YQ,1.2
CH43 7YR,1.2
CH43 7YS,1.2
CH43 7YU,1.2
CH43 7YW,1.2
CH43 7YX,1.2
CH43 7YZ,3.3
CH43 7ZA,3.3
CH43 7ZB,1.2
CH43 7ZD,1.2
CH43 7ZE,1.2
CH43 7ZF,1.2
CH43 7ZG,1.2
CH43 7ZH,1.2
CH43 7ZJ,1.2
CH43 7ZL,1.2
CH43 7ZN,1.2
CH43 7ZP,1.2
CH43 7ZQ,1.2
CH43 7ZR,1.2
CH43 7ZS,1.2
CH43 7ZT,1.2
CH43 7ZU,1.2
CH43 7ZW,1.2
CH43 7ZX,1.2
CH43 7ZY,1.2
CH43 8SA,3.1
CH43 8SB,3.1
CH43 8SD,3.2
CH43 8SE,3.1
CH43 8SF,3.1
CH43 8SG,3.1
CH43 8SH,3.1
CH43 8SJ,3.1
CH43 8SL,3.1
CH43 8SN,3.1
CH43 8SP,3.2
CH43 8SQ,3.1
CH43 8SR,3.2
CH43 8SS,3.2
CH43 8ST,3.1
CH43 8SU,3.2
CH43 8SW,3.1
CH43 8SX,3.2
CH43 8SY,3.2
CH43 8SZ,3.2
CH43 8TA,3.2
CH43 8TB,3.2
CH43 8TD,3.2
CH43 8TE,3.2
CH43 8TF,3.2
CH43 8TG,3.2
CH43 8TH,3.2
CH43 8TJ,3.2
CH43 8TL,0.1
CH43 8TN,3.2
CH43 8TP,3.2
CH43 8TQ,3.2
CH43 8TR,3.1
CH43 8TW,3.2
CH43 9AA,1.1
CH44 1BJ,1.2
CH44 1BL,1.2
CH44 1BN,3.1
CH43 5TR,0.1
CH43 5TS,0.1
CH43 5TT,0.1
CH43 5TU,0.1
CH43 9AB,1.1
CH43 9AD,1.1
CH43 9AE,1.1
CH43 9AF,1.1
CH43 9AG,1.1
CH43 9AH,1.1
CH43 9AJ,1.1
CH43 9AL,1.1
CH43 9AN,0.1
CH43 9AQ,1.1
CH43 9EA,3.2
CH43 9EB,3.2
CH43 9ED,3.2
CH43 9EE,3.2
CH43 9EF,3.2
CH43 9HA,3.2
CH43 9HB,3.2
CH43 9HD,3.2
CH43 9HE,3.2
CH43 9HF,3.2
CH43 9HG,0.1
CH43 9HH,3.2
CH43 9HJ,3.2
CH43 9HL,3.2
CH43 9HN,3.2
CH43 9HP,3.2
CH43 9HQ,3.2
CH43 9HR,3.2
CH43 9HS,3.2
CH43 9HT,1.1
CH43 9HU,0.1
CH43 9HW,3.2
CH43 9HX,1.1
CH43 9HY,3.2
CH43 9HZ,3.2
CH43 9JA,0.1
CH43 9JB,0.1
CH43 9JD,1.1
CH43 9JE,3.2
CH43 9JF,3.2
CH43 9JG,0.1
CH43 9JH,3.2
CH43 9JJ,3.2
CH43 9JL,3.2
CH43 9JN,3.2
CH43 9JR,1.1
CH43 9JT,1.1
CH43 9JU,1.1
CH43 9JW,3.2
CH43 9JX,1.1
CH43 9JY,1.1
CH43 9LB,1.2
CH43 9LG,1.1
CH43 9QA,1.1
CH43 9QN,3.2
CH43 9QP,3.2
CH43 9QQ,3.2
CH43 9QR,0.1
CH43 9QS,1.1
CH43 9QT,3.2
CH43 9QW,3.2
CH43 9QX,3.2
CH43 9QY,3.2
CH43 9QZ,3.2
CH43 9RA,0.1
CH43 9RB,0.1
CH43 9RD,3.3
CH43 9RE,0.1
CH43 9RF,0.1
CH43 9RG,1.1
CH43 9RH,3.3
CH43 9RJ,0.1
CH43 9RL,1.1
CH43 9RN,1.1
CH43 9RP,0.1
CH43 9RQ,3.3
CH43 9RR,0.1
CH43 9RS,0.1
CH43 9RT,0.1
CH43 9RU,0.1
CH43 9RW,1.1
CH43 9RX,0.1
CH43 9RY,0.1
CH43 9RZ,0.1
CH43 9SA,0.1
CH43 9SB,0.1
CH43 9SD,0.1
CH43 9SE,0.1
CH43 9SF,0.1
CH43 9SG,0.1
CH43 9SH,0.1
CH43 9SJ,0.1
CH43 9SL,0.1
CH43 9SN,0.1
CH43 9SP,0.1
CH43 5TW,0.1
CH43 5TX,0.1
CH43 5TY,0.1
CH43 5TZ,0.1
CH43 5UA,0.1
CH43 5UB,0.1
CH43 5UD,0.1
CH43 5UE,0.1
CH43 5UF,0.1
CH43 5UG,0.1
CH43 5UH,0.1
CH43 5UJ,0.1
CH43 5UL,0.1
CH43 5UN,0.1
CH43 5UP,0.1
CH43 5UQ,0.1
CH43 5UR,0.1
CH43 5US,0.1
CH43 5UT,0.1
CH43 5UU,0.1
CH43 5UW,0.1
CH43 5UX,0.1
CH43 5UY,0.1
CH43 5UZ,0.1
CH43 5XA,0.1
CH43 5XB,0.1
CH43 5XD,0.1
CH43 5XE,0.1
CH43 5XF,0.1
CH43 5XG,0.1
CH43 5XH,1.1
CH43 5XJ,0.1
CH43 5XP,0.1
CH43 5XQ,0.1
CH43 5XU,0.1
CH43 6TA,0.2
CH43 6TB,0.2
CH43 6TD,0.2
CH43 6TE,0.2
CH43 6TF,3.1
CH43 6TG,3.1
CH43 6TH,3.2
CH43 6TJ,3.2
CH43 6TL,3.2
CH43 6TN,3.2
CH43 6TP,3.2
CH43 6TQ,3.2
CH43 6TR,3.2
CH43 6TS,3.3
CH43 6TT,3.2
CH43 6TU,0.1
CH43 6TW,3.3
CH43 6TX,0.1
CH43 6TY,0.1
CH43 6TZ,0.1
CH43 6UA,0.1
CH43 6UB,0.1
CH43 6UD,0.1
CH43 6UE,0.1
CH43 6UF,0.1
CH43 6UG,0.1
CH43 6UH,3.2
CH43 6UJ,0.2
CH43 6UL,3.2
CH43 6UN,0.2
CH43 6UP,3.2
CH43 6UQ,0.1
CH43 6UR,3.2
CH43 6US,3.2
CH43 6UT,3.2
CH43 6UU,3.2
CH43 6UW,0.2
CH43 6UX,3.2
CH43 6UY,3.1
CH43 6UZ,3.1
CH43 6WF,3.2
CH43 6XA,3.1
CH43 6XB,3.1
CH43 6XD,3.2
CH43 6XE,3.2
CH43 6XF,3.2
CH43 6XG,3.2
CH43 6XJ,3.2
CH43 6XN,0.1
CH43 6XP,0.2
CH43 6XQ,3.3
CH43 6XS,3.2
CH43 6XU,0.2
CH43 6YA,0.1
CH43 7AA,1.1
CH43 7FD,3.3
CH43 7FE,1.1
CH43 7FF,1.1
CH43 7FJ,3.3
CH43 7LN,1.2
CH43 7NB,1.1
CH43 2NS,3.2
CH43 2NT,0.1
CH43 2NU,3.2
CH43 2NW,3.2
CH43 2NX,0.1
CH43 2NZ,0.1
CH43 2WB,0.1
CH43 3AA,0.1
CH43 3AD,1.2
CH43 3AE,1.2
CH43 3AF,0.1
CH43 7ND,1.1
CH43 7NG,3.3
CH43 7NH,3.3
CH43 7NJ,3.3
CH43 7NL,3.3
CH43 7NN,3.3
CH43 7NP,3.3
CH43 7NQ,3.3
CH43 7NR,3.3
CH43 7NS,1.1
CH43 7NT,3.3
CH43 7NU,1.1
CH43 7NW,3.3
CH43 7NX,1.1
CH43 7NY,1.1
CH43 7NZ,1.1
CH43 7PA,3.3
CH43 7PB,3.3
CH43 7PD,0.1
CH43 7PE,0.1
CH43 7PF,0.1
CH43 7PG,1.1
CH43 7PH,1.1
CH43 7PJ,0.1
CH43 7PL,3.3
CH43 7PN,3.3
CH43 7PP,3.3
CH43 7PQ,1.1
CH43 7PR,3.3
CH43 7PS,3.3
CH43 7PT,3.3
CH43 7PU,3.3
CH43 7PW,3.3
CH43 7PX,3.3
CH43 7PY,3.3
CH43 7PZ,3.3
CH43 7QA,1.1
CH43 7QB,1.1
CH43 7QD,1.1
CH43 7QE,3.3
CH43 7QF,3.3
CH43 7QG,3.3
CH43 7QH,1.1
CH43 7QJ,1.1
CH43 7QL,3.3
CH43 7QN,3.3
CH43 7QP,1.2
CH43 7QQ,3.3
CH43 7QR,3.3
CH43 7QS,1.2
CH43 7QT,1.2
CH43 7QU,3.3
CH43 7QW,3.3
CH43 7QX,1.2
CH43 7QY,1.2
CH43 7QZ,1.2
CH43 7RA,1.2
CH43 7RB,1.2
CH43 7RD,1.2
CH43 7RE,1.2
CH43 7RF,1.2
CH43 7RG,1.2
CH43 7RH,1.2
CH43 7RJ,1.1
CH43 7RL,1.1
CH43 7RN,1.1
CH43 7RP,1.1
CH43 7RQ,1.2
CH43 7RR,1.1
CH43 7RS,1.1
CH43 7RT,1.1
CH43 7RU,1.1
CH43 7RW,1.1
CH43 7RX,1.1
CH43 7RY,3.3
CH43 7RZ,1.2
CH43 7SA,1.1
CH43 7SB,1.1
CH43 7SD,1.1
CH43 7SE,1.1
CH43 7SF,1.1
CH43 7SG,1.1
CH43 7SH,1.1
CH43 7SJ,1.1
CH43 7SL,1.1
CH43 7SN,1.1
CH43 7SP,1.1
CH43 7SQ,1.1
CH43 7SR,1.1
CH43 3AG,1.2
CH43 3AJ,0.1
CH43 3AL,0.1
CH43 3AN,0.1
CH43 3AP,0.1
CH43 3AQ,0.1
CH43 3AR,0.1
CH43 3AS,0.1
CH43 3AT,0.1
CH43 3AU,0.1
CH43 3AW,0.1
CH43 3AX,0.1
CH43 3AY,0.1
CH43 3AZ,0.1
CH43 3BA,0.1
CH43 3BB,0.1
CH43 3BD,0.1
CH43 3BE,0.1
CH43 3BG,0.1
CH43 3BH,3.3
CH43 3BJ,1.2
CH43 3BL,1.2
CH43 3BN,3.3
CH43 3BP,1.2
CH43 3BQ,0.1
CH43 3BR,1.2
CH43 3BS,1.2
CH43 3BT,1.2
CH43 3BU,1.2
CH43 3BW,3.3
CH43 3BX,1.2
CH43 3BY,0.1
CH43 3BZ,1.2
CH43 3DA,1.2
CH43 3DB,1.2
CH43 3DD,1.2
CH43 3DE,1.2
CH43 3DF,1.2
CH43 3DG,1.2
CH43 3DH,1.2
CH43 3DJ,1.2
CH43 3DL,1.2
CH43 3DN,1.2
CH43 3DP,1.2
CH43 3DQ,1.2
CH43 3DR,0.1
CH43 3DS,0.1
CH43 3DT,0.1
CH43 3DU,0.1
CH43 3DW,1.2
CH43 3DY,3.3
CH43 3DZ,0.1
CH43 3EA,0.1
CH43 3ER,1.2
CH43 3ES,1.2
CH43 3ET,0.1
CH43 3EW,3.3
CH43 3EX,0.1
CH43 3EY,0.1
CH43 3EZ,0.1
CH43 3HA,0.1
CH43 3HE,0.1
CH43 3HF,0.1
CH43 3HG,0.1
CH43 3HQ,0.1
CH43 4JE,1.1
CH43 4SY,1.1
CH43 4TA,1.1
CH43 4TF,1.1
CH43 4TG,1.1
CH43 4TL,1.1
CH43 4TN,1.1
CH43 4TP,1.1
CH43 4TQ,1.1
CH43 4TR,1.1
CH43 4TS,1.1
CH43 4TT,1.1
CH43 4TU,1.1
CH43 4TW,1.1
CH43 4TX,1.1
CH43 4TY,1.1
CH43 4TZ,1.1
CH43 4UA,1.1
CH43 4UB,1.1
CH43 4UD,1.1
CH43 4UE,1.1
CH43 4UF,1.1
CH43 4UG,1.1
CH43 4UH,1.1
CH43 4UJ,1.1
CH43 4UL,1.1
CH43 4UN,1.1
CH43 4UP,1.1
CH43 4UQ,1.1
CH43 4UR,1.1
CH43 4US,1.1
CH43 4UT,1.1
CH43 4UU,1.1
CH43 4UW,1.1
CH43 0TT,0.1
CH43 0TU,0.1
CH43 0TW,0.1
CH43 0TX,0.1
CH43 0TY,0.1
CH43 0TZ,0.1
CH43 0UA,0.1
CH43 0UB,0.1
CH43 0UD,0.1
CH43 0UE,0.1
CH43 0UF,0.1
CH43 0UG,0.1
CH43 0UH,0.1
CH43 0UJ,0.1
CH43 0UL,0.1
CH43 0UN,0.1
CH43 0UP,0.1
CH43 0UQ,0.1
CH43 4UX,1.1
CH43 4UY,1.1
CH43 4UZ,1.1
CH43 4XA,1.1
CH43 4XB,1.1
CH43 4XD,1.1
CH43 4XE,1.1
CH43 4XF,1.1
CH43 4XG,1.1
CH43 4XH,1.1
CH43 4XJ,1.1
CH43 4XL,1.1
CH43 4XN,1.1
CH43 4XP,1.1
CH43 4XQ,1.1
CH43 4XR,1.1
CH43 4XS,1.1
CH43 4XT,1.1
CH43 4XU,1.1
CH43 4XW,1.1
CH43 4XX,1.1
CH43 4XY,1.1
CH43 4XZ,1.1
CH43 4YD,1.1
CH43 4YE,1.1
CH43 4YF,1.1
CH43 4YG,1.1
CH43 4YH,1.1
CH43 4YJ,1.1
CH43 4YS,1.1
CH43 4YT,1.1
CH43 4YU,1.1
CH43 5RB,1.1
CH43 5RD,1.1
CH43 5RE,1.1
CH43 5RF,1.1
CH43 5RG,1.1
CH43 5RH,1.1
CH43 5RJ,1.1
CH43 5RL,1.1
CH43 5RN,1.1
CH43 5RP,0.2
CH43 5RQ,1.1
CH43 5RR,0.2
CH43 5RS,0.2
CH43 5RT,0.2
CH43 5RU,0.1
CH43 5RW,1.1
CH43 5RX,1.1
CH43 5RY,0.1
CH43 5RZ,0.1
CH43 5SA,1.1
CH43 5SB,1.1
CH43 5SD,0.1
CH43 5SE,1.1
CH43 5SF,1.1
CH43 5SG,0.1
CH43 5SH,0.1
CH43 5SJ,0.1
CH43 5SL,0.1
CH43 5SN,0.1
CH43 5SP,1.1
CH43 5SQ,0.1
CH43 5SR,0.1
CH43 5SS,0.1
CH43 5ST,0.1
CH43 5SU,0.1
CH43 5SW,0.1
CH43 5SX,0.1
CH43 5SY,0.1
CH43 5SZ,0.1
CH43 5TA,0.1
CH43 5TB,0.1
CH43 5TD,1.1
CH43 5TE,0.1
CH43 5TF,0.1
CH43 5TG,1.1
CH43 5TH,0.1
CH43 5TJ,1.1
CH43 5TL,0.1
CH43 5TN,0.1
CH43 5TQ,0.1
CH43 0UR,0.1
CH43 0US,0.1
CH43 0UT,0.1
CH43 0UU,0.1
CH43 0UW,0.1
CH43 0UX,0.1
CH43 0UY,0.1
CH43 0UZ,0.1
CH43 0XA,0.1
CH43 0XB,0.1
CH43 0XD,0.1
CH43 0XE,0.1
CH43 0XF,0.1
CH43 0XG,0.1
CH43 0XH,0.1
CH43 0XQ,0.1
CH43 1BA,1.1
CH43 1SX,1.1
CH43 1SZ,3.1
CH43 1TA,1.1
CH43 1TB,1.1
CH43 1TD,3.1
CH43 1TE,3.1
CH43 1TF,3.1
CH43 1TG,3.1
CH43 1TH,0.1
CH43 1TJ,1.1
CH43 1TL,1.1
CH43 1TN,3.1
CH43 1TP,3.1
CH43 1TQ,3.1
CH43 1TR,3.1
CH43 1TS,3.1
CH43 1TT,3.1
CH43 1TU,3.1
CH43 1TW,3.1
CH43 1TX,3.1
CH43 1TY,3.1
CH43 1TZ,3.1
CH43 1UA,3.1
CH43 1UB,3.1
CH43 1UD,3.1
CH43 1UE,3.1
CH43 1UF,3.1
CH43 1UG,3.1
CH43 1UH,3.1
CH43 1UJ,3.1
CH43 1UL,3.1
CH43 1UN,3.1
CH43 1UP,3.1
CH43 1UQ,3.1
CH43 1UR,1.1
CH43 1US,3.1
CH43 1UT,1.1
CH43 1UU,0.1
CH43 1UW,3.1
CH43 1UX,0.2
CH43 1UY,0.2
CH43 1UZ,3.1
CH43 1XA,3.1
CH43 1XB,0.2
CH43 1XD,0.2
CH43 1XE,0.2
CH43 1XF,0.2
CH43 1XG,3.1
CH43 1XH,0.2
CH43 1XJ,3.1
CH43 1XL,0.2
CH43 1XN,0.2
CH43 1XP,0.1
CH43 1XQ,0.2
CH43 1XR,3.1
CH43 1XS,0.2
CH43 1XT,1.1
CH43 1XU,0.2
CH43 1XW,3.1
CH43 1XX,1.1
CH43 1XZ,1.1
CH43 1YA,3.1
CH43 1YB,0.1
CH43 1YF,0.2
CH43 1YG,1.1
CH43 1YJ,1.1
CH43 1YQ,1.1
CH43 1YR,3.1
CH43 2DA,0.2
CH43 2EY,0.1
CH43 2GA,0.1
CH43 2GB,3.2
CH43 2GE,3.2
CH43 2GG,3.2
CH43 2GJ,3.2
CH43 2GL,3.2
CH43 2GN,3.2
CH43 2GP,3.2
CH43 2GQ,3.2
CH43 2GR,3.2
CH43 2GS,3.2
CH42 8LW,3.3
CH42 8LX,3.3
CH42 8LY,1.1
CH42 8LZ,1.1
CH42 8NA,3.3
CH42 8NB,3.3
CH42 8ND,3.3
CH42 8NE,3.3
CH42 8NF,3.3
CH42 8NG,3.3
CH42 8NH,3.3
CH42 8NJ,1.1
CH42 8NL,1.1
CH42 8NN,1.1
CH42 8NP,3.3
CH42 8NQ,3.3
CH42 8NR,1.1
CH42 8NS,1.1
CH42 8NT,1.1
CH42 8NU,1.1
CH42 8NW,1.1
CH42 8NX,1.1
CH42 8NY,1.1
CH42 8NZ,1.1
CH42 8PA,1.1
CH43 2GT,0.1
CH43 2GW,3.2
CH43 2HA,0.1
CH43 2HB,0.1
CH43 2HD,0.1
CH43 2HE,0.1
CH43 2HF,0.1
CH43 2HG,0.1
CH43 2HH,0.1
CH43 2HJ,0.1
CH43 2HL,0.1
CH43 2HN,0.1
CH43 2HP,0.1
CH43 2HQ,0.1
CH43 2HR,0.1
CH43 2HS,0.1
CH43 2HT,0.1
CH43 2HU,0.1
CH43 2HW,0.1
CH43 2HX,0.1
CH43 2HY,3.1
CH43 2HZ,0.2
CH43 2JA,0.2
CH43 2JB,0.2
CH43 2JD,0.2
CH43 2JE,0.2
CH43 2JF,0.1
CH43 2JG,0.2
CH43 2JH,0.1
CH43 2JJ,0.2
CH43 2JL,0.2
CH43 2JN,0.2
CH43 2JP,0.2
CH43 2JQ,0.1
CH43 2JR,0.2
CH43 2JS,0.1
CH43 2JT,0.1
CH43 2JU,0.1
CH43 2JW,0.2
CH43 2JX,0.1
CH43 2JY,0.2
CH43 2JZ,0.2
CH43 2LA,0.1
CH43 2LB,0.1
CH43 2LD,0.1
CH43 2LE,0.1
CH43 2LF,0.1
CH43 2LG,3.2
CH43 2LH,3.2
CH43 2LJ,0.1
CH43 2LL,0.1
CH43 2LN,0.1
CH43 2LP,0.1
CH43 2LQ,0.1
CH43 2LR,0.1
CH43 2LS,0.1
CH43 2LT,0.1
CH43 2LU,0.1
CH43 2LW,0.1
CH43 2LX,0.1
CH43 2LY,0.1
CH43 2LZ,0.1
CH43 2NA,0.1
CH43 2NB,0.1
CH43 2ND,0.1
CH43 2NE,0.1
CH43 2NF,0.1
CH43 2NG,0.1
CH43 2NH,0.1
CH43 2NJ,0.1
CH43 2NL,0.1
CH43 2NN,0.1
CH43 2NP,3.2
CH43 2NQ,0.1
CH43 2NR,3.2
CH42 8PB,3.3
CH42 8PD,3.3
CH42 8PE,3.3
CH42 8PF,3.3
CH42 8PG,0.1
CH42 8PH,3.3
CH42 8PJ,3.3
CH42 8PL,3.3
CH42 8PN,3.3
CH42 8PP,3.3
CH42 8PQ,0.1
CH42 8PR,3.3
CH42 8PS,3.3
CH42 8PT,3.3
CH42 8PU,3.3
CH42 8PW,3.3
CH42 8PX,3.3
CH42 8PY,3.3
CH42 8PZ,0.1
CH42 8QA,0.1
CH42 8QD,3.3
CH42 8QE,3.3
CH42 8QR,1.1
CH42 8QX,3.3
CH42 9GF,3.3
CH42 9JA,1.1
CH42 9JB,1.1
CH42 9JD,0.2
CH42 9JE,1.1
CH42 9JF,0.2
CH42 9JG,0.2
CH42 9JH,0.2
CH42 9JJ,0.2
CH42 9JL,1.1
CH42 9JN,0.2
CH42 9JP,0.2
CH42 9JR,0.2
CH42 9JS,0.2
CH42 9JT,0.2
CH42 9JU,0.2
CH42 9JW,0.2
CH42 9JX,0.2
CH42 9JY,0.2
CH42 9JZ,0.2
CH42 9LA,0.2
CH42 9LB,0.1
CH42 9LD,0.2
CH42 9LE,0.1
CH42 9LG,1.1
CH42 9LH,0.2
CH42 9LJ,0.2
CH42 9LL,0.2
CH42 9LN,0.1
CH42 9LP,0.2
CH42 9LQ,0.2
CH42 9LR,0.1
CH42 9LS,0.1
CH42 9LU,0.2
CH42 9LW,1.1
CH42 9LX,0.2
CH42 9LY,0.2
CH42 9LZ,0.2
CH42 9NA,0.2
CH42 9NE,0.2
CH42 9NF,0.2
CH42 9NG,0.2
CH42 9NH,0.2
CH42 9NJ,0.2
CH42 9NL,0.2
CH42 9NN,0.2
CH42 9NP,0.1
CH42 9NQ,0.2
CH42 9NR,0.2
CH42 9NS,0.2
CH42 9NT,0.2
CH42 9NU,0.2
CH42 9NW,0.2
CH42 9NX,3.3
CH42 9NY,3.3
CH42 9NZ,3.3
CH42 9PA,3.3
CH42 9PB,3.3
CH42 9PD,0.2
CH42 9PE,3.3
CH42 9PF,3.3
CH42 9PG,3.3
CH42 9PH,0.2
CH42 9PJ,0.2
CH42 9PL,0.2
CH42 9PN,0.2
CH42 9PP,3.3
CH42 9PQ,3.3
CH42 9PR,0.2
CH42 9PS,0.2
CH42 9PT,0.2
CH42 9PU,0.2
CH42 5LB,1.1
CH42 5LD,1.1
CH42 5LE,1.1
CH42 5LF,1.1
CH42 5LG,1.1
CH42 5LH,1.1
CH42 5LJ,1.1
CH42 5LL,1.1
CH42 5LN,1.1
CH42 5LP,1.1
CH42 5LQ,1.1
CH42 5LR,1.1
CH42 5LS,1.1
CH42 5LT,1.1
CH42 5LU,1.1
CH42 5LW,1.1
CH42 5LX,1.1
CH42 5LY,1.1
CH42 5LZ,1.1
CH42 5NA,1.1
CH42 5NB,1.1
CH42 5ND,1.1
CH42 5NH,1.1
CH42 5NJ,1.1
CH42 5NL,1.1
CH42 5NN,1.1
CH42 5NP,1.1
CH42 5NR,1.1
CH42 5NS,1.1
CH42 5NT,1.1
CH42 5NU,1.1
CH42 5NW,1.1
CH42 9PW,0.2
CH42 9PX,0.2
CH42 9PY,0.2
CH42 9PZ,0.2
CH42 9QA,1.1
CH42 9QB,0.2
CH42 9QE,0.1
CH42 9QF,0.1
CH42 9QG,0.2
CH42 9QH,0.2
CH42 9QJ,0.2
CH42 9QL,0.2
CH42 9QQ,0.1
CH43 0QY,0.1
CH43 0RA,1.2
CH43 0RB,3.3
CH43 0RD,3.3
CH43 0RE,3.3
CH43 0RF,1.2
CH43 0RG,1.2
CH43 0RH,3.3
CH43 0RJ,3.3
CH43 0RL,3.3
CH43 0RN,3.3
CH43 0RP,3.3
CH43 0RQ,1.2
CH43 0RR,3.3
CH43 0RS,3.3
CH43 0RT,0.1
CH43 0RU,0.1
CH43 0RW,3.3
CH43 0RX,0.1
CH43 0RY,0.1
CH43 0RZ,0.1
CH43 0SA,0.1
CH43 0SB,0.1
CH43 0SD,0.1
CH43 0SE,0.1
CH43 0SF,0.1
CH43 0SG,0.1
CH43 0SH,0.1
CH43 0SJ,0.1
CH43 0SL,0.1
CH43 0SN,0.1
CH43 0SP,0.1
CH43 0SQ,0.1
CH43 0SR,0.1
CH43 0SS,0.1
CH43 0ST,0.1
CH43 0SU,0.1
CH43 0SW,0.1
CH43 0SX,0.1
CH43 0SY,0.1
CH43 0SZ,0.1
CH43 0TA,0.1
CH43 0TB,0.1
CH43 0TD,0.1
CH43 0TE,1.2
CH43 0TF,0.1
CH43 0TG,0.1
CH43 0TH,1.2
CH43 0TJ,0.1
CH43 0TL,0.1
CH43 0TN,0.1
CH43 0TP,0.1
CH43 0TQ,0.1
CH43 0TR,0.1
CH43 0TS,0.1
CH42 5NX,1.1
CH42 5NY,1.1
CH42 5NZ,1.1
CH42 5PA,1.1
CH42 5PB,1.1
CH42 5PD,1.1
CH42 5PE,1.1
CH42 5PF,1.1
CH42 5PG,1.1
CH42 5PH,1.1
CH42 5PJ,1.1
CH42 5PL,1.1
CH42 5PN,1.1
CH42 5PP,1.1
CH42 5PQ,1.1
CH42 5PR,1.1
CH42 5PS,1.1
CH42 5PT,1.1
CH42 5PU,1.1
CH42 5PW,1.1
CH42 5PX,1.1
CH42 5PY,1.1
CH42 5PZ,1.1
CH42 5QA,1.1
CH42 6PA,1.1
CH42 6PB,1.1
CH42 6PD,1.1
CH42 6PE,1.1
CH42 6PF,1.1
CH42 6PG,1.1
CH42 6PH,1.1
CH42 6PJ,1.1
CH42 6PL,1.1
CH42 6PN,0.1
CH42 6PP,1.1
CH42 6PQ,1.1
CH42 6PR,0.1
CH42 6PS,0.1
CH42 6PU,0.1
CH42 6PW,0.1
CH42 6PX,0.1
CH42 6PY,0.1
CH42 6PZ,0.1
CH42 6QA,0.1
CH42 6QB,0.1
CH42 6QD,0.1
CH42 6QE,0.1
CH42 6QF,0.1
CH42 6QG,0.2
CH42 6QH,0.1
CH42 6QJ,0.1
CH42 6QL,0.1
CH42 6QN,1.1
CH42 6QP,0.1
CH42 6QQ,1.1
CH42 6QR,1.1
CH42 6QS,0.1
CH42 6QT,0.1
CH42 6QU,0.1
CH42 6QW,1.1
CH42 6QX,0.1
CH42 6QY,0.1
CH42 6QZ,0.1
CH42 6RA,0.1
CH42 6RB,0.1
CH42 6RD,0.1
CH42 6RE,0.1
CH42 6RF,0.1
CH42 6RG,0.1
CH42 6RH,0.1
CH42 6RJ,0.1
CH42 6RL,0.1
CH42 6RN,0.1
CH42 6RP,0.1
CH42 6RQ,0.1
CH42 6RR,1.1
CH42 6RS,0.1
CH42 6RT,0.1
CH42 6RU,0.1
CH42 6RW,1.1
CH42 6RX,0.1
CH42 6RY,1.1
CH42 6RZ,1.1
CH42 6SA,1.1
CH42 6SB,1.1
CH42 6SD,1.1
CH42 6SE,1.1
CH42 6SF,1.1
CH42 6SG,1.1
CH42 6SH,0.1
CH42 6SQ,1.1
CH42 6SY,1.1
CH42 7HA,1.1
CH42 7HB,1.1
CH42 7HD,1.1
CH42 7HE,1.1
CH42 7HF,1.1
CH42 7HG,1.1
CH42 7HH,1.1
CH42 1RU,1.2
CH42 1RW,1.1
CH42 1RY,1.1
CH42 1RZ,1.1
CH42 1SD,1.1
CH42 2AD,1.1
CH42 2AE,1.1
CH42 2AF,1.2
CH42 2AG,1.1
CH42 2AJ,1.2
CH42 2AL,1.2
CH42 2AQ,1.1
CH42 2AR,1.1
CH42 2AS,1.1
CH42 2AT,1.1
CH42 2AU,1.1
CH42 2AW,1.1
CH42 2BF,1.1
CH42 2BH,1.1
CH42 2BJ,1.1
CH42 2BL,1.1
CH42 2BN,1.1
CH42 2BP,1.1
CH42 2BQ,1.1
CH42 2BR,1.1
CH42 2BS,1.1
CH42 2BT,1.1
CH42 2BU,1.1
CH42 2BW,1.1
CH42 2BX,1.1
CH42 2BY,1.1
CH42 2BZ,1.1
CH42 2DA,1.1
CH42 7HJ,1.1
CH42 7HL,1.1
CH42 7HN,1.1
CH42 7HP,1.1
CH42 7HQ,1.1
CH42 7HR,1.1
CH42 7HS,1.1
CH42 7HT,1.1
CH42 7HU,1.1
CH42 7HW,1.1
CH42 7HX,1.1
CH42 7HY,1.1
CH42 7HZ,1.1
CH42 7JA,1.1
CH42 7JB,1.1
CH42 7JD,1.1
CH42 7JE,1.1
CH42 7JF,1.1
CH42 7JG,1.1
CH42 7JH,1.1
CH42 7JJ,1.1
CH42 7JL,1.1
CH42 7JN,1.1
CH42 7JP,1.1
CH42 7JQ,1.1
CH42 7JR,1.1
CH42 7JS,1.1
CH42 7JT,1.1
CH42 7JU,1.1
CH42 7JW,1.1
CH42 7JX,1.1
CH42 7JY,1.1
CH42 7JZ,1.1
CH42 7LA,1.1
CH42 7LB,1.1
CH42 7LD,1.1
CH42 7LE,1.1
CH42 7LG,1.1
CH42 7LH,1.1
CH42 7LJ,1.1
CH42 7LP,1.1
CH42 7LQ,1.1
CH42 7LX,1.1
CH42 8JS,3.3
CH42 8JZ,3.3
CH42 8LA,3.3
CH42 8LB,3.3
CH42 8LD,3.3
CH42 8LE,3.3
CH42 8LF,3.3
CH42 8LG,3.3
CH42 8LH,3.3
CH42 8LJ,3.3
CH42 8LL,3.3
CH42 8LN,3.3
CH42 8LP,3.3
CH42 8LQ,3.3
CH42 8LR,3.3
CH42 8LS,3.3
CH42 8LT,3.3
CH42 8LU,3.3
CH42 2DB,1.1
CH42 2DD,1.1
CH42 2DE,1.1
CH42 2DF,1.1
CH42 2DG,1.1
CH42 2DH,1.1
CH42 2DJ,1.1
CH42 2DL,1.1
CH42 2DN,1.1
CH42 2DP,1.1
CH42 2DQ,1.1
CH42 2DR,1.1
CH42 2DS,1.1
CH42 2DT,1.1
CH42 2DU,1.1
CH42 2DW,1.1
CH42 2DX,1.1
CH42 2DY,1.1
CH42 2DZ,1.1
CH42 2EA,1.1
CH42 2EB,1.1
CH42 2ED,1.2
CH42 2EF,1.1
CH42 2EG,1.1
CH42 2EP,1.1
CH42 2EU,1.1
CH42 3QA,1.1
CH42 3SZ,1.1
CH42 3TA,1.1
CH42 3TB,1.1
CH42 3TD,1.1
CH42 3TF,1.1
CH42 3TL,1.1
CH42 3UN,1.1
CH42 3UP,1.1
CH42 3UR,1.1
CH42 3UX,1.1
CH42 3UY,1.1
CH42 3UZ,1.1
CH42 3XD,1.1
CH42 3XE,1.1
CH42 3XF,1.1
CH42 3XH,1.1
CH42 3XJ,1.1
CH42 3XL,1.1
CH42 3XN,1.1
CH42 3XP,1.1
CH42 3XQ,1.1
CH42 3XR,1.1
CH42 3XS,1.1
CH42 3XT,1.1
CH42 3XU,1.1
CH42 3XW,1.1
CH42 3XX,1.1
CH42 3XY,1.1
CH42 3XZ,1.1
CH42 3YA,1.1
CH42 3YB,1.1
CH42 3YD,1.1
CH42 3YE,1.1
CH42 3YF,1.1
CH42 3YG,1.1
CH42 3YH,1.1
CH42 3YJ,1.1
CH42 3YL,1.1
CH42 3YN,1.1
CH42 3YP,1.1
CH42 3YQ,1.1
CH42 3YR,1.1
CH42 3YS,1.1
CH42 3YW,1.1
CH42 3YX,1.1
CH42 4LY,1.1
CH42 4LZ,1.1
CH42 4NA,1.1
CH42 4NB,1.1
CH42 4ND,1.1
CH42 4NE,1.1
CH42 4NF,1.1
CH42 4NG,1.1
CH42 4NH,1.1
CH42 4NJ,1.1
CH42 4NL,1.1
CH42 4NN,1.1
CH42 4NP,1.1
CH42 4NQ,1.1
CH42 4NR,1.1
CH42 4NS,1.1
CH42 4NT,1.1
CH42 4NU,1.1
CH42 4NW,1.1
CH42 4NX,1.1
CH42 4NY,1.1
CH42 4NZ,1.1
CH42 4PA,1.1
CH42 4PB,1.1
CH42 4PD,1.1
CH42 4PE,1.1
CH41 9DH,1.1
CH41 9DJ,1.1
CH41 9DL,1.1
CH41 9DN,1.1
CH41 9DP,1.1
CH41 9DQ,1.1
CH41 9DR,1.1
CH41 9DS,1.1
CH41 9DT,1.1
CH41 9DU,1.1
CH41 9DW,1.1
CH41 9DX,1.1
CH41 9DY,1.1
CH41 9DZ,1.1
CH41 9EA,1.1
CH41 9EB,1.1
CH41 9ED,1.1
CH41 9EG,1.1
CH41 9EH,1.1
CH41 9EJ,1.1
CH41 9EL,1.1
CH41 9EN,1.1
CH41 9EP,1.1
CH41 9EQ,1.1
CH41 9ER,1.1
CH41 9ES,1.1
CH41 9ET,1.1
CH41 9EU,1.1
CH41 9EW,1.1
CH41 9EY,1.1
CH41 9FD,1.1
CH41 9HA,1.1
CH41 9HB,1.1
CH41 9HD,1.1
CH41 9HE,1.1
CH41 9HH,1.1
CH41 9HJ,1.1
CH41 9HP,1.1
CH41 9HQ,1.1
CH41 9HS,1.1
CH41 9HT,1.1
CH41 9HU,1.1
CH41 9HX,1.1
CH42 0BG,1.1
CH42 0HA,1.1
CH42 0HB,1.1
CH42 4PF,1.1
CH42 4PG,1.1
CH42 4PH,1.1
CH42 4PJ,1.1
CH42 4PL,1.1
CH42 4PN,1.1
CH42 4PP,1.1
CH42 4PQ,1.1
CH42 4PR,1.1
CH42 4PS,1.1
CH42 4PT,1.1
CH42 4PU,0.1
CH42 4PW,1.1
CH42 4PX,0.1
CH42 4PY,0.1
CH42 4PZ,1.1
CH42 4QA,1.1
CH42 4QB,0.1
CH42 4QD,0.1
CH42 4QE,1.1
CH42 4QF,0.1
CH42 4QG,1.1
CH42 4QH,1.1
CH42 4QJ,0.1
CH42 4QL,0.1
CH42 4QN,1.1
CH42 4QP,1.1
CH42 4QQ,1.1
CH42 4QR,1.1
CH42 4QS,1.1
CH42 4QT,0.1
CH42 4QU,0.1
CH42 4QW,1.1
CH42 4QX,1.1
CH42 4QY,1.1
CH42 4QZ,1.1
CH42 4RA,1.1
CH42 4RB,1.1
CH42 4RD,1.1
CH42 4RE,1.1
CH42 4RF,1.1
CH42 4RG,1.1
CH42 4RH,1.1
CH42 4RJ,1.1
CH42 4RL,1.1
CH42 4RN,1.1
CH42 4RP,1.1
CH42 4RQ,1.1
CH42 4RT,1.1
CH42 4SB,1.1
CH42 5LA,1.1
CH42 0HD,1.1
CH42 0HH,1.1
CH42 0HJ,1.1
CH42 0HL,1.1
CH42 0HN,1.1
CH42 0HP,1.1
CH42 0HR,1.1
CH42 0HS,1.1
CH42 0HT,1.1
CH42 0HU,1.1
CH42 0HW,1.1
CH42 0HX,1.1
CH42 0HY,1.1
CH42 0HZ,1.1
CH42 0JA,1.1
CH42 0JB,1.1
CH42 0JD,1.1
CH42 0JE,1.1
CH42 0JF,1.1
CH42 0JG,1.1
CH42 0JH,1.1
CH42 0JJ,1.1
CH42 0JL,1.1
CH42 0JN,1.1
CH42 0JP,1.1
CH42 0JQ,1.1
CH42 0JR,1.1
CH42 0JS,1.1
CH42 0JT,1.1
CH42 0JU,1.1
CH42 0JW,1.1
CH42 0JX,1.1
CH42 0JY,1.1
CH42 0JZ,1.1
CH42 0LA,1.1
CH42 0LB,1.1
CH42 0LD,1.1
CH42 0LE,1.1
CH42 0LH,1.1
CH42 0LJ,1.1
CH42 0LL,0.1
CH42 0LN,1.1
CH42 0LP,1.1
CH42 0LQ,1.1
CH42 0LR,1.1
CH42 0LS,1.1
CH42 0LU,1.1
CH42 0LW,1.1
CH42 0LX,1.1
CH42 0LY,1.1
CH42 0LZ,1.1
CH42 0NA,1.1
CH42 0ND,1.1
CH42 0NE,1.1
CH42 0NF,0.1
CH42 0NG,1.1
CH42 0NH,1.1
CH42 0NJ,1.1
CH42 0NN,1.1
CH42 0NP,1.1
CH42 0NQ,1.1
CH42 0NR,1.1
CH42 0NS,1.1
CH42 0PB,1.1
CH42 0PF,1.1
CH42 0PG,1.1
CH42 0PH,1.1
CH42 0PQ,1.1
CH42 1LB,1.1
CH42 1LE,1.1
CH42 1LG,1.1
CH42 1LH,1.1
CH42 1LJ,1.1
CH42 1LL,1.1
CH42 1LQ,1.1
CH42 1LR,1.1
CH42 1LS,1.1
CH42 1LT,1.1
CH42 1LU,1.1
CH42 1LW,1.1
CH42 1LY,1.1
CH42 1NB,1.1
CH42 1NF,1.1
CH42 1NG,1.1
CH42 1NH,1.1
CH42 1NS,1.1
CH42 1NT,1.1
CH42 1NW,1.1
CH42 1NX,1.1
CH42 1NY,1.1
CH42 1NZ,1.1
CH42 1PA,1.1
CH42 1PB,1.1
CH42 1PD,1.1
CH42 1PE,1.1
CH42 1PF,1.1
CH42 1PG,1.1
CH41 6SE,1.1
CH41 6SE,1.1
CH41 7AA,1.1
CH41 7AB,1.1
CH41 7AF,1.1
CH41 7AG,1.1
CH41 7AJ,1.1
CH41 7AL,1.1
CH41 7AP,1.1
CH41 7AZ,1.1
CH41 7BE,1.1
CH41 7BG,1.1
CH41 7BH,1.1
CH41 7BJ,1.1
CH41 7BL,1.1
CH41 7BN,1.1
CH41 7BP,1.1
CH41 7BQ,1.1
CH41 7BS,1.1
CH41 7BT,1.1
CH41 7BU,1.1
CH41 7BW,1.1
CH41 7BX,1.1
CH41 7BY,1.1
CH41 7BZ,1.1
CH41 7DA,1.1
CH41 7DB,1.1
CH41 7DD,1.1
CH41 7DE,1.1
CH41 7DF,1.1
CH41 7DG,1.1
CH41 7DH,1.1
CH41 7DJ,1.1
CH41 7DL,1.1
CH41 7DN,1.1
CH41 7DP,1.1
CH41 7DQ,1.1
CH41 7DR,1.1
CH41 7DS,1.1
CH41 7DU,1.1
CH41 7DW,1.1
CH41 7DZ,1.1
CH41 7EA,1.1
CH41 7ED,1.1
CH41 7EE,1.1
CH41 7EF,1.1
CH41 7EG,1.1
CH41 7EJ,1.1
CH41 7EL,1.1
CH41 7EP,1.1
CH41 7EQ,1.1
CH41 7EW,1.1
CH42 1PH,1.1
CH42 1PJ,1.1
CH42 1PL,1.1
CH42 1PN,1.2
CH42 1PP,1.1
CH42 1PQ,1.1
CH42 1PR,1.1
CH42 1PS,1.2
CH42 1PT,1.1
CH42 1PU,1.1
CH42 1PW,1.1
CH42 1PX,1.2
CH42 1PY,1.1
CH42 1PZ,1.2
CH42 1QA,1.2
CH42 1QB,1.1
CH42 1QD,1.2
CH42 1QE,1.2
CH42 1QF,1.2
CH42 1QG,1.2
CH42 1QH,1.2
CH42 1QJ,1.2
CH42 1QL,1.2
CH42 1QN,1.1
CH42 1QP,1.2
CH42 1QR,1.2
CH42 1QS,1.2
CH42 1QT,1.2
CH42 1QU,1.1
CH42 1QX,1.2
CH42 1QY,1.1
CH42 1QZ,1.2
CH42 1RA,1.2
CH42 1RB,1.2
CH42 1RD,1.1
CH42 1RE,1.2
CH42 1RF,1.2
CH42 1RG,1.2
CH42 1RH,1.1
CH42 1RJ,1.2
CH42 1RL,1.2
CH42 1RN,1.2
CH42 1RP,1.1
CH42 1RQ,1.2
CH42 1RR,1.2
CH42 1RS,1.1
CH42 1RT,1.1
CH41 7FB,1.1
CH41 7HF,1.1
CH41 7HF,1.1
CH41 8AA,3.1
CH41 8AB,1.1
CH41 8AB,1.1
CH41 8AD,1.1
CH41 8AD,1.1
CH41 8AE,1.1
CH41 8AE,1.1
CH41 8AF,1.1
CH41 8AF,1.1
CH41 8AG,1.1
CH41 8AG,1.1
CH41 8AH,1.1
CH41 8AH,1.1
CH41 8AJ,1.1
CH41 8AJ,1.1
CH41 8AL,1.1
CH41 8AL,1.1
CH41 8AP,1.1
CH41 8AP,1.1
CH41 8AQ,1.1
CH41 8AQ,1.1
CH41 8AR,1.1
CH41 8AR,1.1
CH41 8AS,1.1
CH41 8AS,1.1
CH41 8AT,1.1
CH41 8AT,1.1
CH41 8AU,1.1
CH41 8AX,3.1
CH41 8AZ,1.1
CH41 8BA,1.1
CH41 8BA,1.1
CH41 8BB,1.1
CH41 8BE,1.1
CH41 8BG,1.1
CH41 8BG,1.1
CH41 8BL,1.1
CH41 8BL,1.1
CH41 8BN,1.1
CH41 8BN,1.1
CH41 8BP,1.1
CH41 8BQ,1.1
CH41 8BR,1.1
CH41 8BS,1.1
CH41 8BT,1.1
CH41 8BT,1.1
CH41 8BU,1.1
CH41 8BU,1.1
CH41 8BW,1.1
CH41 8BX,1.1
CH41 8BX,1.1
CH41 8BY,1.1
CH41 8BY,1.1
CH41 8BZ,1.1
CH41 8BZ,1.1
CH41 8DA,1.1
CH41 8DA,1.1
CH41 8DB,1.1
CH41 8DB,1.1
CH41 8DD,1.1
CH41 8DD,1.1
CH41 8DE,1.1
CH41 8DE,1.1
CH41 8DF,1.1
CH41 8DG,1.1
CH41 8DG,1.1
CH41 8DH,1.1
CH41 8DH,1.1
CH41 8DJ,1.1
CH41 8DJ,1.1
CH41 8DN,1.1
CH41 8DN,1.1
CH41 8DQ,1.1
CH41 8DQ,1.1
CH41 8DT,1.1
CH41 8DT,1.1
CH41 8DU,1.1
CH41 8DU,1.1
CH41 8DX,1.1
CH41 8DX,1.1
CH41 8DZ,1.1
CH41 8DZ,1.1
CH41 8EA,1.1
CH41 8EA,1.1
CH41 8EB,1.1
CH41 8EB,1.1
CH41 8ED,1.1
CH41 8ED,1.1
CH41 8EE,1.1
CH41 8EF,1.1
CH41 8EF,1.1
CH41 8EG,1.1
CH41 8EL,1.1
CH41 8EN,1.1
CH41 8EN,1.1
CH41 8EP,1.1
CH41 8EQ,1.1
CH41 8EQ,1.1
CH41 8ER,1.1
CH41 8ES,1.1
CH41 8ES,1.1
CH41 8EW,1.1
CH41 8EW,1.1
CH41 8FA,1.1
CH41 8FA,1.1
CH41 8FE,1.1
CH41 8FF,1.1
CH41 8FJ,1.1
CH41 8FJ,1.1
CH41 8FL,1.1
CH41 8FN,1.1
CH41 8FN,1.1
CH41 8FP,1.1
CH41 8FP,1.1
CH41 8FZ,1.1
CH41 8FZ,1.1
CH41 8HL,1.1
CH41 8HL,1.1
CH41 8HP,1.1
CH41 8HR,1.1
CH41 8HW,1.1
CH41 8HX,1.1
CH41 8HY,1.1
CH41 8HZ,1.1
CH41 8JE,1.1
CH41 8JF,1.1
CH41 8JG,1.1
CH41 8JJ,1.1
CH41 8JL,1.1
CH41 8JN,1.1
CH41 8JQ,1.1
CH41 8JR,1.1
CH41 8JR,1.1
CH41 8JS,1.1
CH41 8JS,1.1
CH41 8JT,1.1
CH41 8JT,1.1
CH41 4HS,1.1
CH41 4HS,1.1
CH41 4HT,1.1
CH41 4HT,1.1
CH41 4HU,1.1
CH41 4HU,1.1
CH41 4HW,1.1
CH41 4HX,1.1
CH41 4HX,1.1
CH41 4HY,1.1
CH41 4HZ,1.1
CH41 4HZ,1.1
CH41 4JA,1.1
CH41 4JA,1.1
CH41 4JB,1.1
CH41 4JD,1.1
CH41 4JD,1.1
CH41 4JF,1.1
CH41 4JG,1.1
CH41 4JH,1.1
CH41 4JJ,1.1
CH41 4JN,1.1
CH41 4JQ,1.1
CH41 4JW,1.1
CH41 4JY,1.1
CH41 4JZ,1.1
CH41 4LA,1.1
CH41 4LB,1.1
CH41 4LE,1.1
CH41 4LG,1.1
CH41 4LQ,1.1
CH41 4LR,1.1
CH41 4LW,1.1
CH41 4LX,1.1
CH41 4LY,1.1
CH41 4LZ,1.1
CH41 4NA,1.1
CH41 4NB,1.1
CH41 4NF,1.1
CH41 4NG,1.1
CH41 4NH,1.1
CH41 4NT,1.1
CH41 4NX,1.1
CH41 4NY,1.1
CH41 4NZ,1.1
CH41 4PA,1.1
CH41 4PA,1.1
CH41 4PB,1.1
CH41 4PE,1.1
CH41 4PF,1.1
CH41 4PG,1.1
CH41 4PJ,1.1
CH41 4PN,1.1
CH41 4PN,1.1
CH41 4PP,1.1
CH41 4PP,1.1
CH41 4PQ,1.1
CH41 5AA,1.1
CH41 5AA,1.1
CH41 5AD,1.1
CH41 5AD,1.1
CH41 5AE,1.1
CH41 5AE,1.1
CH41 5AR,1.1
CH41 5AR,1.1
CH41 5AS,1.1
CH41 5AS,1.1
CH41 5AT,1.1
CH41 5AT,1.1
CH41 5AZ,1.1
CH41 5BD,1.1
CH41 5BD,1.1
CH41 5BN,1.1
CH41 5BN,1.1
CH41 5BP,1.1
CH41 5BP,1.1
CH41 8JU,1.1
CH41 8JY,1.1
CH41 8JY,1.1
CH41 9AA,1.1
CH41 9AB,1.1
CH41 9AD,1.1
CH41 9AE,1.1
CH41 9AF,1.1
CH41 9AG,1.1
CH41 9AH,1.1
CH41 9AJ,1.1
CH41 9AL,1.1
CH41 9AN,1.1
CH41 9AP,1.1
CH41 9AQ,1.1
CH41 9AR,1.1
CH41 9AS,1.1
CH41 9AT,1.1
CH41 9AU,1.1
CH41 9AW,1.1
CH41 9AX,1.1
CH41 9AY,1.1
CH41 9AZ,1.1
CH41 9BG,1.1
CH41 9BJ,1.1
CH41 9BN,1.1
CH41 9BP,1.1
CH41 9BQ,1.1
CH41 9BU,1.1
CH41 9BW,1.1
CH41 9BX,1.1
CH41 9BY,1.1
CH41 9BZ,1.1
CH41 9DA,1.1
CH41 9DB,1.1
CH41 9DD,1.1
CH41 9DE,1.1
CH41 9DF,1.1
CH41 9DG,1.1
CH41 5BR,1.1
CH41 5BR,1.1
CH41 5BS,1.1
CH41 5BS,1.1
CH41 5BT,1.1
CH41 5BT,1.1
CH41 5BU,1.1
CH41 5BU,1.1
CH41 5BX,1.1
CH41 5BX,1.1
CH41 5DA,1.1
CH41 5DD,1.1
CH41 5DD,1.1
CH41 5DE,1.1
CH41 5DE,1.1
CH41 5DJ,1.1
CH41 5DL,1.1
CH41 5DL,1.1
CH41 5DQ,1.1
CH41 5DQ,1.1
CH41 5EA,1.1
CH41 5EA,1.1
CH41 5EB,1.1
CH41 5EB,1.1
CH41 5ED,1.1
CH41 5ED,1.1
CH41 5EE,1.1
CH41 5EF,1.1
CH41 5EF,1.1
CH41 5EG,1.1
CH41 5EG,1.1
CH41 5EH,1.1
CH41 5EH,1.1
CH41 5EJ,1.1
CH41 5EJ,1.1
CH41 5EN,1.1
CH41 5EN,1.1
CH41 5EP,1.1
CH41 5EP,1.1
CH41 5EQ,1.1
CH41 5EQ,1.1
CH41 5ER,1.1
CH41 5ER,1.1
CH41 5ES,1.1
CH41 5ES,1.1
CH41 5ET,1.1
CH41 5ET,1.1
CH41 5EU,1.1
CH41 5EU,1.1
CH41 5EX,1.1
CH41 5EX,1.1
CH41 5EY,1.1
CH41 5EY,1.1
CH41 5FD,1.1
CH41 5FD,1.1
CH41 5FQ,1.1
CH41 5HA,1.1
CH41 5HA,1.1
CH41 5HB,1.1
CH41 5HB,1.1
CH41 5HJ,1.1
CH41 5HJ,1.1
CH41 5HL,1.1
CH41 5HL,1.1
CH41 5HN,1.1
CH41 5HN,1.1
CH41 5HU,1.1
CH41 5HW,1.1
CH41 5HW,1.1
CH41 5HY,1.1
CH41 5JA,1.1
CH41 5JF,1.1
CH41 5JF,1.1
CH41 5JH,1.1
CH41 5JU,1.1
CH41 5LB,1.1
CH41 5LB,1.1
CH41 5LD,1.1
CH41 5LD,1.1
CH41 5LH,1.1
CH41 5LS,1.1
CH41 5LS,1.1
CH41 5WA,1.1
CH41 5WA,1.1
CH41 5WE,1.1
CH41 5WE,1.1
CH41 6AA,1.1
CH41 6AA,1.1
CH41 6AB,1.1
CH41 6AB,1.1
CH41 6AD,1.1
CH41 6AD,1.1
CH41 6AE,1.1
CH41 6AE,1.1
CH41 6AF,1.1
CH41 6AF,1.1
CH41 6AG,1.1
CH41 6AG,1.1
CH41 6AH,1.1
CH41 6AH,1.1
CH41 6AJ,1.1
CH41 6AJ,1.1
CH41 6AN,1.1
CH41 6AN,1.1
CH41 6AP,1.1
CH41 6AP,1.1
CH41 6AR,1.1
CH41 6AR,1.1
CH41 6AU,1.1
CH41 6AU,1.1
CH41 6AW,1.1
CH41 6AW,1.1
CH41 6AX,1.1
CH41 6AX,1.1
CH41 6AY,1.1
CH41 6AY,1.1
CH41 6AZ,1.1
CH41 6AZ,1.1
CH41 6BU,1.1
CH41 6BU,1.1
CH41 6DA,1.1
CH41 6DA,1.1
CH41 6DJ,1.1
CH41 6DJ,1.1
CH41 6DL,1.1
CH41 6DL,1.1
CH41 6DU,1.1
CH41 6DU,1.1
CH41 6DY,1.1
CH41 6DY,1.1
CH41 6EA,1.1
CH41 6EB,1.1
CH41 6EJ,1.1
CH41 6EL,1.1
CH41 6EN,1.1
CH41 6EP,1.1
CH41 6ES,1.1
CH41 6EX,1.1
CH41 6EY,1.1
CH41 6HA,1.1
CH41 6HA,1.1
CH41 6HB,1.1
CH41 6HB,1.1
CH41 6HG,1.1
CH41 6HH,1.1
CH41 6HH,1.1
CH41 6HT,1.1
CH41 6HT,1.1
CH41 2TE,1.1
CH41 2TF,1.1
CH41 2TG,1.1
CH41 2TH,1.1
CH41 2TJ,1.1
CH41 2TL,1.1
CH41 2TN,1.1
CH41 2TP,1.1
CH41 2TQ,1.1
CH41 2TS,1.1
CH41 2TW,1.1
CH41 2TX,1.1
CH41 2TZ,1.1
CH41 2UD,1.1
CH41 2UE,1.1
CH41 2UF,1.1
CH41 2UG,1.1
CH41 2UJ,1.1
CH41 2UL,1.1
CH41 2UP,1.1
CH41 2UQ,1.1
CH41 2US,1.1
CH41 2UT,1.1
CH41 2UU,1.1
CH41 2UW,1.1
CH41 2UZ,1.1
CH41 2XB,1.1
CH41 2XE,1.1
CH41 2XF,1.1
CH41 2XJ,1.1
CH41 2XN,1.1
CH41 2XP,1.1
CH41 2XU,1.1
CH41 2XX,1.1
CH41 2XY,1.1
CH41 2XZ,1.1
CH41 2YA,1.1
CH41 2YB,1.1
CH41 2YH,1.1
CH41 2YJ,1.1
CH41 2YL,1.1
CH41 2YN,1.1
CH41 2YP,1.1
CH41 2YQ,1.1
CH41 2YW,1.1
CH41 2ZA,1.1
CH41 2ZB,1.1
CH41 2ZD,1.1
CH41 2ZE,1.1
CH41 2ZL,1.1
CH41 3AB,1.1
CH41 3AB,1.1
CH41 3HT,1.1
CH41 3HU,1.1
CH41 3HX,1.1
CH41 3HY,1.1
CH41 3HZ,1.1
CH41 3JA,1.1
CH41 3JD,1.1
CH41 3JE,1.1
CH41 3JP,1.1
CH41 3JR,1.1
CH41 3JU,1.1
CH41 3JU,1.1
CH41 6HY,1.1
CH41 6JA,1.1
CH41 6JA,1.1
CH41 6JB,1.1
CH41 6JB,1.1
CH41 6JD,1.1
CH41 6JD,1.1
CH41 6JE,1.1
CH41 6JE,1.1
CH41 6JN,1.1
CH41 6JN,1.1
CH41 6LA,1.1
CH41 6LA,1.1
CH41 6LE,1.1
CH41 6LE,1.1
CH41 6LF,1.1
CH41 6LF,1.1
CH41 6LH,1.1
CH41 6LH,1.1
CH41 6LL,1.1
CH41 6LL,1.1
CH41 6LP,1.1
CH41 6LP,1.1
CH41 6LT,1.1
CH41 6LT,1.1
CH41 6LW,1.1
CH41 6LW,1.1
CH41 6LZ,1.1
CH41 6LZ,1.1
CH41 6ND,1.1
CH41 6ND,1.1
CH41 6NX,1.1
CH41 6NX,1.1
CH41 6NZ,1.1
CH41 6PN,1.1
CH41 6PN,1.1
CH41 6PX,1.1
CH41 6PX,1.1
CH41 6RN,1.1
CH41 6RN,1.1
CH41 6RR,1.1
CH41 6RR,1.1
CH41 6RT,1.1
CH41 6RX,1.1
CH41 6RX,1.1
CH41 6RY,1.1
CH41 6SA,1.1
CH41 6SA,1.1
CH41 3JY,1.1
CH41 3JY,1.1
CH41 3JZ,1.1
CH41 3LE,1.1
CH41 3LF,1.1
CH41 3LH,1.1
CH41 3LH,1.1
CH41 3LL,1.1
CH41 3LP,1.1
CH41 3LQ,1.1
CH41 3LU,1.1
CH41 3LU,1.1
CH41 3LY,1.1
CH41 3LY,1.1
CH41 3NE,1.1
CH41 3NE,1.1
CH41 3NG,1.1
CH41 3NJ,1.1
CH41 3NJ,1.1
CH41 3NL,1.1
CH41 3NL,1.1
CH41 3NP,1.1
CH41 3NP,1.1
CH41 3NT,1.1
CH41 3NU,1.1
CH41 3NU,1.1
CH41 3NW,1.1
CH41 3NX,1.1
CH41 3NY,1.1
CH41 3NY,1.1
CH41 3PB,1.1
CH41 3PB,1.1
CH41 3PD,1.1
CH41 3PD,1.1
CH41 3PF,1.1
CH41 3PF,1.1
CH41 3PG,1.1
CH41 3PG,1.1
CH41 3PH,1.1
CH41 3PH,1.1
CH41 3PQ,1.1
CH41 3PQ,1.1
CH41 3PR,1.1
CH41 3PR,1.1
CH41 3PS,1.1
CH41 3PS,1.1
CH41 3PX,1.1
CH41 3PY,1.1
CH41 3PY,1.1
CH41 3PZ,1.1
CH41 3PZ,1.1
CH41 3QB,1.1
CH41 3QB,1.1
CH41 3QD,1.1
CH41 3QD,1.1
CH41 3QE,1.1
CH41 3QE,1.1
CH41 3QF,1.1
CH41 3QF,1.1
CH41 3QG,1.1
CH41 3QG,1.1
CH41 3QH,1.1
CH41 3QH,1.1
CH41 3QJ,1.1
CH41 3QJ,1.1
CH41 3QL,1.1
CH41 3QQ,1.1
CH41 3QQ,1.1
CH41 3QT,1.1
CH41 3QT,1.1
CH41 3QZ,1.1
CH41 3QZ,1.1
CH41 3RB,1.1
CH41 3RB,1.1
CH41 3RF,1.1
CH41 3RF,1.1
CH41 3RG,1.1
CH41 3RH,1.1
CH41 3RH,1.1
CH41 3RJ,1.1
CH41 3RJ,1.1
CH41 3RL,1.1
CH41 3RP,1.1
CH41 3RQ,1.1
CH41 3RS,1.1
CH41 3RT,1.1
CH41 3RT,1.1
CH41 3RU,1.1
CH41 3RU,1.1
CH41 3RW,1.1
CH41 3RX,1.1
CH41 3RX,1.1
CH41 3RY,1.1
CH41 3RY,1.1
CH41 3RZ,1.1
CH41 3SD,1.1
CH41 3SD,1.1
CH41 3SE,1.1
CH41 3SE,1.1
CH41 3SG,1.1
CH41 3SG,1.1
CH41 3SJ,1.1
CH41 3SJ,1.1
CH41 3SL,1.1
CH41 3SN,1.1
CH41 3SP,1.1
CH41 3SR,1.1
CH41 4AA,1.1
CH41 4AA,1.1
CH41 4AF,1.1
CH41 4AG,1.1
CH41 4AH,1.1
CH41 4AN,1.1
CH41 4AP,1.1
CH41 4AQ,1.1
CH41 4AR,1.1
CH41 4AU,1.1
CH41 4AW,1.1
CH41 4BB,1.1
CH41 4BD,1.1
CH41 4BE,1.1
CH41 4BG,1.1
CH41 4BH,1.1
CH41 4BJ,1.1
CH41 4BL,1.1
CH41 4BQ,1.1
CH41 4BR,1.1
CH41 4BS,1.1
CH41 4BW,1.1
CH41 4BX,1.1
CH41 4BY,1.1
CH41 4BZ,1.1
CH41 4DA,1.1
CH41 4DB,1.1
CH41 4DF,1.1
CH41 4DP,1.1
CH41 4DR,1.1
CH41 0AA,1.1
CH41 0AB,1.1
CH41 0AD,1.1
CH41 0AE,1.1
CH41 0AF,1.1
CH41 0AG,1.1
CH41 0AH,1.1
CH41 0AJ,1.1
CH41 0AL,1.1
CH41 0AN,1.1
CH41 0AP,1.1
CH41 0AQ,1.1
CH41 0AR,1.1
CH41 0AS,1.1
CH41 0AT,1.1
CH41 0AU,1.1
CH41 0AW,1.1
CH41 0AX,1.1
CH41 0AY,1.1
CH41 0AZ,1.1
CH41 0BA,1.1
CH41 0BB,1.1
CH41 0BD,1.1
CH41 0BE,1.1
CH41 0BG,1.1
CH41 0BH,1.1
CH41 0BJ,1.1
CH41 0BL,3.1
CH41 0BN,1.1
CH41 0BP,0.1
CH41 0BQ,1.1
CH41 0BR,1.1
CH41 0BS,1.1
CH41 0BT,3.1
CH41 0BU,3.1
CH41 0BW,1.1
CH41 0BX,3.1
CH41 0BY,0.1
CH41 0BZ,3.1
CH41 0DA,3.1
CH41 0DB,3.1
CH41 0DD,3.1
CH41 0DE,3.1
CH41 0DF,3.2
CH41 0DG,0.1
CH41 0DH,3.2
CH41 0DJ,3.2
CH41 0DL,0.1
CH41 0DN,3.2
CH41 0DP,3.2
CH41 0DQ,0.1
CH41 0DR,0.1
CH41 0DS,0.1
CH41 0DT,0.1
CH41 0DU,0.1
CH41 0DW,3.2
CH41 0DX,0.1
CH41 0DY,0.1
CH41 0DZ,0.1
CH41 0EA,0.1
CH41 0EB,0.1
CH41 0ED,0.1
CH41 0EE,0.1
CH41 0EF,0.1
CH41 0EG,0.1
CH41 0EH,3.2
CH41 4DS,1.1
CH41 4DT,1.1
CH41 4DU,1.1
CH41 4DX,1.1
CH41 4DY,1.1
CH41 4EZ,1.1
CH41 4EZ,1.1
CH41 4FD,1.1
CH41 4FD,1.1
CH41 4FF,1.1
CH41 4FG,1.1
CH41 4FH,1.1
CH41 4FN,1.1
CH41 4FP,1.1
CH41 4FQ,1.1
CH41 4FT,1.1
CH41 4FU,1.1
CH41 4HA,1.1
CH41 4HA,1.1
CH41 4HB,1.1
CH41 4HB,1.1
CH41 4HD,1.1
CH41 4HE,1.1
CH41 4HF,1.1
CH41 4HG,1.1
CH41 4HH,1.1
CH41 4HJ,1.1
CH41 4HL,1.1
CH41 4HL,1.1
CH41 4HN,1.1
CH41 4HQ,1.1
CH41 4HQ,1.1
CH41 0EJ,0.1
CH41 0EL,3.2
CH41 0EN,0.1
CH41 0EP,0.1
CH41 0EQ,0.1
CH41 0ER,0.1
CH41 0EW,0.1
CH41 0HA,0.1
CH41 0HB,0.1
CH41 1AD,1.1
CH41 1AD,1.1
CH41 1AE,1.2
CH41 1AG,1.1
CH41 1AG,1.1
CH41 1AH,1.1
CH41 1AH,1.1
CH41 1AL,1.1
CH41 1AL,1.1
CH41 1AN,1.1
CH41 1AN,1.1
CH41 1AP,1.1
CH41 1AP,1.1
CH41 1AQ,1.2
CH41 1AR,1.1
CH41 1AR,1.1
CH41 1AS,1.1
CH41 1AS,1.1
CH41 1AT,1.1
CH41 1AT,1.1
CH41 1AW,1.1
CH41 1AW,1.1
CH41 1AY,1.1
CH41 1AY,1.1
CH41 1BD,1.1
CH41 1BD,1.1
CH41 1BG,1.1
CH41 1BG,1.1
CH41 1BJ,1.1
CH41 1BJ,1.1
CH41 1BN,1.1
CH41 1BN,1.1
CH41 1BP,1.1
CH41 1BQ,1.1
CH41 1BQ,1.1
CH41 1BR,1.1
CH41 1BY,1.1
CH41 1DB,1.1
CH41 1DF,1.2
CH41 1DL,1.2
CH41 1DN,1.2
CH41 1DP,1.2
CH41 1DQ,1.2
CH41 1DR,1.2
CH41 1DT,1.2
CH41 1DY,1.2
CH41 1EB,1.1
CH41 1EL,1.1
CH41 1EL,1.1
CH41 1EP,1.1
CH41 1EP,1.1
CH41 1ET,1.1
CH41 1ET,1.1
CH41 1EU,1.1
CH41 1EU,1.1
CH41 1EW,1.1
CH41 1EW,1.1
CH41 1EY,1.1
CH41 1FB,1.1
CH41 1FD,1.2
CH41 1FE,1.1
CH41 1FF,1.1
CH41 1FF,1.1
CH41 1FH,1.1
CH41 1FH,1.1
CH41 1FL,1.2
CH41 1FN,1.1
CH41 1FN,1.1
CH41 1HB,1.1
CH41 1HE,1.1
CH41 1HE,1.1
CH41 1HN,1.1
CH41 1HN,1.1
CH41 1HQ,1.1
CH41 1HQ,1.1
CH41 1HW,1.2
CH41 1JH,1.2
CH41 1JJ,1.2
CH41 1JW,1.2
CH41 1LB,1.1
CH41 1LD,1.1
CH41 1LD,1.1
CH41 1LF,1.1
CH41 1LF,1.1
CH41 1LG,1.2
CH41 1LJ,1.1
CH41 1LJ,1.1
CH41 1LT,1.2
CH41 1LU,1.1
CH41 1LU,1.1
CH41 1LX,1.1
CH41 1LX,1.1
CH41 1LY,1.1
CH41 1LY,1.1
CH41 1ND,1.1
CH41 1ND,1.1
CH41 2PF,1.1
CH41 2PH,1.1
CH41 2PZ,1.1
CH41 2PZ,1.1
CH41 2QH,1.1
CH41 2QH,1.1
CH41 2QJ,1.1
CH41 2QQ,1.1
CH41 2QR,1.1
CH41 2QS,1.1
CH41 2QX,1.1
CH41 2RA,1.1
CH41 2RB,1.1
CH41 2RD,1.1
CH41 2RG,1.1
CH41 2RH,1.1
CH41 2RL,1.1
CH41 2RN,1.1
CH41 2RQ,1.1
CH41 2SB,1.1
CH41 2SD,1.1
CH41 2SE,1.1
CH41 2SF,1.1
CH41 2SG,1.1
CH41 2SH,1.1
CH41 2SJ,1.1
CH41 2SL,1.1
CH41 2SN,1.1
CH41 2SP,1.1
CH41 2SQ,1.1
CH41 2SR,1.1
CH41 2SS,1.1
CH41 2ST,1.1
CH41 2SU,1.1
CH41 2SW,1.1
CH41 2SX,1.1
CH41 2SY,1.1
CH41 2SZ,1.1
CH41 2TA,1.1
CH41 2TB,1.1
CH41 2TD,1.1
CH30 9BQ,1.1
CH31 9AS,0.1
CH32 9AX,1.1
CH32 9BD,1.1
CH32 9BN,1.1
CH32 9DW,1.1
CH32 9EA,1.1
CH30 9AE,1.1
CH25 9BJ,1.1
CH25 9BJ,1.1
CH27 9BT,1.1
CH27 9BX,1.1
CH27 9DT,1.1
CH27 9DY,1.1
CH27 9DZ,1.1
CH27 9EJ,1.1
CH27 9SA,1.1
CH27 9ZU,1.1
CH27 9ZX,1.1
CH27 9ZY,1.1
CH27 9ZZ,1.1
CH28 9AE,3.2
CH29 9BJ,3.2
CH29 9DN,3.2
L19 2HL,0.1
WA7 3BW,3.3
CH41 5AL,1.1
CH41 5AL,1.1
L28 1AB,1.2
CH25 9ER,1.1
CH25 9ER,1.1
CH27 9FN,1.1
CH27 9SB,1.1
CH29 9DY,3.2
CH29 9EF,3.2
CH29 9ET,3.2
CH29 9EZ,3.2
CH31 9ES,0.1
CH31 9FB,0.1
CH31 9FD,0.1
CH32 9EG,1.1
CH32 9FH,1.1
CH41 1AU,1.1
CH41 1AU,1.1
CH41 3JQ,1.1
CH41 3PE,1.1
CH41 3PE,1.1
CH41 3PJ,1.1
CH41 3PJ,1.1
CH41 3PU,1.1
CH41 3QA,1.1
CH41 3QA,1.1
CH41 4DD,1.1
CH41 5EW,1.1
CH41 5EW,1.1
CH41 5FE,1.1
CH41 5FE,1.1
CH41 5JW,1.1
CH41 8DP,1.1
CH41 8DP,1.1
CH41 8HG,1.1
CH41 8HG,1.1
CH41 8HH,1.1
CH41 8HH,1.1
CH41 8HJ,1.1
CH41 8HJ,1.1
CH41 8HN,1.1
CH41 8HN,1.1
CH42 0AA,1.1
CH42 1QQ,1.1
CH42 2AN,1.1
CH42 3TE,1.1
CH42 3YT,1.1
CH42 5AB,1.1
CH42 9QP,0.2
CH43 1AB,0.2
CH43 5WD,0.1
CH43 7AB,0.1
CH43 7AD,1.1
CH43 7NA,1.2
CH43 7SY,3.3
CH43 7SZ,3.3
CH43 9YY,1.1
CH44 0AE,1.2
CH44 0FA,1.2
CH44 0FB,1.2
CH44 0GA,1.2
CH44 4EY,1.2
CH44 4EZ,1.2
CH44 5TD,1.2
CH44 5TJ,1.2
CH44 7HU,1.1
CH45 2NB,1.1
CH45 2PB,1.1
CH45 3LS,1.1
CH45 3LT,1.1
CH45 9AA,1.1
CH46 7TF,1.1
CH46 9AL,1.2
CH46 9SP,1.1
CH46 9SQ,1.2
CH47 3BF,3.1
CH47 3DU,3.1
CH47 5BJ,3.1
CH49 5PL,3.2
CH49 7DE,1.1
CH49 7NY,1.1
CH49 9BZ,1.1
CH49 9EA,1.1
CH49 9EB,1.1
CH49 9ED,1.1
CH49 9EE,1.1
CH49 9EG,1.1
CH49 9EH,1.1
CH61 6AA,3.2
CH62 0DD,3.2
CH62 0DF,3.2
CH62 0DH,3.2
CH62 1BN,1.1
CH62 2FD,0.1
CH62 3AD,0.1
CH62 3AE,0.1
CH62 3PA,0.1
CH62 3RQ,0.1
CH62 3RR,0.1
CH62 4LP,0.1
CH62 4LP,0.1
CH62 4RZ,0.1
CH62 4RZ,0.1
CH62 5AF,1.1
CH62 7BF,1.1
CH62 7JP,0.1
CH62 8BF,1.2
CH63 3AJ,3.2
CH63 7NG,0.1
CH63 8AB,3.2
CH63 8AE,0.1
CH63 8PU,3.2
CH63 9AY,3.3
WA10 1FZ,1.1
WA10 1GB,1.2
WA10 1QT,1.1
WA10 1SJ,1.2
WA10 1SL,1.2
WA10 1UD,1.1
WA10 2BF,1.1
WA10 2ED,1.1
WA10 2EH,1.2
WA10 2UF,3.2
WA10 2UG,3.2
WA10 2UH,3.2
WA10 2US,3.2
WA10 4BZ,0.1
WA10 4DS,0.1
WA10 4FQ,0.1
WA10 4FS,0.1
WA10 4FT,0.1
WA10 4FW,1.2
WA10 4GA,0.1
WA10 4PQ,0.1
WA10 5BF,3.2
WA10 5NA,3.3
WA10 5PL,3.3
WA10 5PN,3.3
WA10 5PR,3.3
WA10 5QT,3.3
WA10 5RG,3.3
WA10 9EZ,1.1
WA10 9GA,1.1
WA10 9GF,1.1
WA10 9TA,1.2
WA10 9TB,1.2
WA10 9TD,1.2
WA10 9TE,1.2
WA10 9TF,1.2
WA10 9TG,1.2
WA10 9TH,1.2
WA11 0AF,1.2
WA11 0TE,1.1
WA11 0UP,3.2
WA11 0WN,0.1
WA11 7AN,3.2
WA11 8AA,3.3
WA11 8FY,3.2
WA11 8GF,3.2
WA11 8SZ,3.3
WA11 9DB,1.2
WA11 9WE,1.1
WA12 0AA,3.3
WA12 0HS,3.3
WA12 0HW,1.2
WA12 0NR,3.1
WA12 0NS,1.2
WA12 8AA,0.1
WA12 8AD,1.2
WA12 8AE,0.1
WA12 8AF,0.1
WA12 8AG,0.1
WA12 8AH,1.2
WA12 8AJ,1.2
WA12 8AL,1.2
WA12 8AQ,0.1
WA12 8EG,1.1
WA12 8NJ,0.1
WA12 8NN,0.1
WA12 8NQ,0.1
WA12 8NR,0.1
WA12 8NS,3.2
WA12 9EP,1.1
WA12 9FU,1.1
WA12 9FX,3.1
WA12 9FY,3.1
WA12 9GP,3.1
WA12 9GQ,3.1
WA12 9GS,3.1
WA12 9PB,1.1
WA12 9TY,3.1
WA12 9UE,3.1
WA12 9US,3.1
WA4 4AA,3.3
WA4 4AS,3.3
WA4 4FW,3.3
WA7 1DT,3.3
WA7 1DW,1.1
WA7 1EA,3.3
WA7 1EB,3.3
WA7 1FY,3.3
WA7 1FZ,3.3
WA7 1GS,1.1
WA7 1GT,1.1
WA7 1JA,1.1
WA7 1QU,3.3
WA7 1UQ,3.3
WA7 2AA,1.2
WA7 2GL,1.2
WA7 2JH,1.2
WA7 2PL,1.2
WA7 2SS,1.2
WA7 2ST,1.2
WA7 2XE,1.2
WA7 2XF,1.2
WA7 2XG,1.2
WA7 2XH,1.2
WA7 2XL,1.2
WA7 2XP,1.1
WA7 2YL,1.2
WA7 3BN,3.3
WA7 3GG,3.3
WA7 3GJ,3.3
WA7 4BF,3.2
WA7 4EA,1.2
WA7 4EB,3.2
WA7 4HG,1.2
WA7 4NH,3.2
WA7 5AB,1.2
WA7 5AD,1.2
WA7 5PD,1.2
WA7 5QR,1.2
WA7 6AQ,1.1
WA7 6GH,3.3
WA7 9BE,1.2
WA7 9BX,1.2
WA7 9BZ,1.2
WA8 0BF,1.1
WA8 0GX,1.1
WA8 0GY,1.1
WA8 0QQ,1.1
WA8 0WR,1.1
WA8 0ZA,1.1
WA8 2BP,1.1
WA8 2BZ,1.1
WA8 3AB,0.1
WA8 3AD,0.1
WA8 3AE,0.1
WA8 3AF,0.1
WA8 3AG,0.1
WA8 3AH,0.1
WA8 3AJ,0.1
WA8 3AL,0.1
WA8 3AP,0.1
WA8 5AB,3.3
WA8 5AE,3.3
WA8 5AF,3.3
WA8 5BJ,3.3
WA8 5BL,3.3
WA8 5BN,3.3
WA8 5BP,3.3
WA8 5DY,3.3
WA8 5DZ,3.3
WA8 5EA,3.3
WA8 6PR,1.1
WA8 7AJ,1.1
WA8 7WT,1.1
WA8 8AA,0.1
WA8 9AY,3.3
WA8 9BB,0.1
WA8 9BD,3.3
WA8 9DZ,3.3
WA8 9LB,1.2
WA8 9NG,1.2
WA8 9NH,1.2
WA8 9NN,1.2
WA88 1AA,1.1
WA88 1AF,1.1
WA88 1AQ,1.1
WA9 1BT,1.2
WA9 1BU,1.2
WA9 1EB,1.1
WA9 1EG,1.1
WA9 1ES,1.1
WA9 1ET,1.1
WA9 1HL,1.2
WA9 2DE,1.2
WA9 2HY,1.2
WA9 3FY,1.1
WA9 3FZ,1.1
WA9 3GP,1.2
WA9 3GS,1.1
WA9 3RW,1.2
WA9 3ZP,1.1
WA9 3ZQ,1.1
WA9 3ZR,1.1
WA9 4QD,1.1
WA9 4UJ,1.2
WA9 4YN,1.2
WA9 5DF,1.1
WA9 5DY,1.1
WA9 5GS,0.1
WA9 5GT,0.1
WA9 5GU,0.1
WA9 5GW,0.1
WA9 5GX,0.1
WA9 5GY,0.1
WA9 5NT,0.1
WA9 5PB,0.1
WA9 5QJ,0.1
WA9 5RF,1.1
WA9 5RG,0.1
WA9 5TF,0.1
WA9 5TG,1.2
WA9 5TJ,0.1
WA9 5TP,1.1
WA9 5TQ,1.1
WA9 5WQ,1.2
WA9 5XF,0.1
WN4 0AD,3.2
L1 0AA,1.1
L1 0AA,1.1
L1 0AE,0.2
L1 0AE,0.2
L1 0AG,1.1
L1 0AG,1.1
L1 0DA,1.1
L1 0DA,1.1
L1 1FS,0.2
L1 4AE,1.1
L1 4AP,1.1
L1 4AT,0.2
L1 4AX,1.1
L1 4BG,1.1
L1 4BG,1.1
L1 5BD,0.2
L1 5BD,0.2
L1 5DR,1.1
L1 5JR,1.1
L1 5JR,1.1
L1 6BR,1.2
L1 6RA,1.1
L1 8DA,0.2
L1 8DA,0.2
L1 8DB,0.2
L1 8DB,0.2
L1 8DE,0.2
L1 8DE,0.2
L1 8DW,0.2
L1 8DW,0.2
L1 8DX,0.2
L1 8DX,0.2
L1 9AH,1.1
L1 9AH,1.1
L1 9BE,1.1
L1 9BE,1.1
L1 9BR,1.1
L1 9BT,1.1
L1 9BU,1.1
L1 9DB,1.1
L1 9DH,1.1
L11 1AA,1.1
L11 1AA,1.1
L11 1AE,1.1
L11 1AE,1.1
L11 1AF,1.1
L11 1AF,1.1
L11 1AG,1.1
L11 1AG,1.1
L11 1AW,1.2
L11 1EY,1.1
L11 1EY,1.1
L11 1FD,1.1
L11 1FD,1.1
L11 1FE,1.1
L11 1FE,1.1
L11 1HT,1.1
L11 1HT,1.1
L11 1HY,1.1
L11 1HY,1.1
L11 2AA,1.1
L11 2AA,1.1
L11 2AB,1.1
L11 2AB,1.1
L11 2AD,1.1
L11 2AD,1.1
L11 2AE,1.1
L11 2AE,1.1
L11 2AF,1.1
L11 2AF,1.1
L11 2AG,1.1
L11 2AG,1.1
L11 2AH,1.2
L11 2AJ,1.1
L11 2AJ,1.1
L11 2AL,1.1
L11 2AN,1.1
L11 2AP,1.1
L11 2AQ,1.2
L11 2AR,1.1
L11 2AS,1.1
L11 2AS,1.1
L11 2AT,1.1
L11 2AT,1.1
L11 2AU,1.2
L11 2AW,1.1
L11 2AW,1.1
L11 2BB,1.2
L11 2BD,1.2
L11 2US,1.2
L11 2ZA,1.1
L11 2ZA,1.1
L11 4AB,1.2
L11 4AD,1.2
L11 9AX,1.2
L11 9BF,1.2
L12 0RH,0.1
L12 1NN,0.1
L12 1NP,3.2
L12 7LE,3.1
L12 7LU,3.2
L13 1XB,1.1
L13 4AT,0.1
L13 7BF,0.1
L14 0AA,1.1
L14 0AB,1.1
L14 0AD,1.1
L14 0AE,1.1
L14 0AF,1.1
L14 0AG,1.1
L14 2ES,1.1
L14 3AB,3.2
L14 3AD,3.2
L14 4DF,1.2
L14 5PN,1.1
L14 7AA,0.1
L14 7AB,0.1
L14 7AD,0.1
L14 7AE,0.1
L14 7AF,0.1
L14 7AG,0.1
L14 7AH,0.1
L14 7AJ,0.1
L14 7AL,0.1
L14 7AN,0.1
L14 7AP,0.1
L14 7AQ,0.1
L14 7AS,0.1
L14 7AT,0.1
L14 7AU,0.1
L14 7AW,0.1
L14 9AA,1.1
L14 9QE,1.1
L15 6ST,3.1
L15 6WT,3.3
L15 8AA,1.2
L15 8GL,1.2
L17 3AW,1.1
L17 3WU,1.1
L17 5AN,3.1
L17 6XA,1.1
L18 1BW,0.2
L18 1XD,0.1
L18 3XA,0.1
L18 8AE,3.1
L18 8AF,3.2
L18 8BF,3.2
L18 8WB,0.1
L18 9AD,3.2
L18 9WE,0.1
L19 0QA,0.1
L19 0WD,0.1
L19 2HN,0.1
L19 2HP,0.1
L19 2HR,0.1
L19 3WD,0.1
L19 4AB,3.2
L19 4AE,3.2
L19 4AF,3.2
L19 5PL,1.1
L19 8AA,1.2
L19 8HG,1.1
L19 8HN,1.1
L19 8LZ,1.1
L2 1AB,0.2
L2 1AB,0.2
L2 5QW,1.1
L2 7SR,0.2
L2 7SR,0.2
L20 1AR,1.1
L20 1DB,1.1
L20 3AJ,1.2
L20 3AL,1.2
L20 3JF,1.1
L20 3JH,1.1
L20 3JN,1.1
L20 4AD,1.2
L20 4EN,1.1
L20 4QN,1.1
L20 6BY,3.2
L20 6DG,1.1
L20 6FA,3.2
L20 6FB,3.2
L20 6FD,3.2
L20 6FG,1.1
L20 6GA,1.1
L20 6GB,1.1
L20 6GG,1.1
L20 6GH,1.1
L20 6GJ,1.1
L20 6GL,1.1
L20 6JN,1.1
L20 6JS,3.2
L20 7AQ,1.1
L20 7AU,1.1
L20 7BP,1.2
L20 7EA,1.1
L20 7EB,1.1
L20 7ED,1.2
L20 7EF,1.2
L20 7EQ,1.2
L20 7ER,1.2
L20 7ES,1.2
L20 7SA,1.1
L20 7SB,1.1
L20 7SD,1.1
L20 7SE,1.1
L20 7SF,1.1
L20 7SG,1.1
L20 7SH,1.1
L20 7SJ,1.1
L20 7SL,1.1
L20 7SN,1.1
L20 7SP,1.1
L20 7SQ,1.1
L20 7SR,1.1
L20 7SS,1.1
L20 7ST,1.1
L20 7SU,1.1
L20 7SW,1.1
L20 7SX,1.1
L20 7SY,1.1
L20 7SZ,1.1
L20 7TA,1.1
L20 7TB,1.1
L20 7TD,1.1
L20 7TE,1.1
L20 7TF,1.1
L20 7TG,1.1
L20 7WA,1.1
L20 7YX,1.1
L20 8HN,1.1
L20 9PQ,3.2
L21 4AB,1.1
L21 6AD,1.1
L21 6PD,1.1
L21 8LR,3.2
L21 8LT,3.2
L22 0QH,3.1
L22 0QW,3.1
L22 5AB,1.1
L23 0AB,3.2
L23 1TF,0.1
L23 4UP,1.1
L23 7WD,0.2
L23 8AA,0.1
L23 8RA,3.3
L23 8WR,0.2
L23 9AB,0.1
L23 9AE,0.1
L23 9AF,0.1
L24 0RB,1.1
L24 1AB,1.2
L24 1AD,1.2
L24 1WA,1.2
L24 1WD,1.2
L24 1WF,1.2
L24 1XZ,1.2
L24 1YQ,1.1
L24 8RQ,1.1
L24 9AB,0.1
L24 9AD,0.1
L24 9LT,0.1
L24 9NA,0.1
L24 9PQ,1.2
L25 0QP,1.1
L25 0QT,1.1
L25 1LN,1.1
L25 2NA,1.1
L25 2NB,1.1
L25 2ND,1.1
L25 2NE,1.1
L25 9AB,1.2
L25 9TA,1.2
L26 0AB,1.1
L26 0AD,1.1
L26 0AE,1.1
L26 6AD,3.3
L26 9AB,1.1
L26 9AD,1.1
L26 9AE,1.1
L26 9SE,1.1
L27 4AB,1.2
L27 4AD,1.2
L27 4AE,1.2
L28 1RR,1.2
L29 8AA,0.1
L3 0AH,1.2
L3 1AF,0.2
L3 1AF,0.2
L3 1BP,0.2
L3 1BP,0.2
L3 1DG,0.2
L3 1DG,0.2
L3 1EA,0.2
L3 1EA,0.2
L3 1EE,0.2
L3 1EE,0.2
L3 1EH,0.2
L3 1EH,0.2
L3 1EN,0.2
L3 1EN,0.2
L3 1ER,0.2
L3 1ER,0.2
L3 1PZ,0.2
L3 1PZ,0.2
L3 2AF,1.2
L3 3BF,1.1
L3 4BT,0.2
L3 4GE,0.2
L3 4GF,0.2
L3 4GG,0.2
L3 4XX,0.2
L3 5AD,1.1
L3 5AE,1.1
L3 5PF,1.1
L3 5QD,1.1
L3 5RR,1.1
L3 5UE,1.1
L3 5UE,1.1
L3 6AH,1.2
L3 7BX,1.2
L3 8AF,1.1
L3 8EF,1.1
L3 8EG,1.1
L3 8HD,1.1
L3 9AF,0.2
L3 9AF,0.2
L3 9AF,0.2
L3 9AF,0.2
L30 1RA,3.2
L30 2AA,1.1
L30 3RW,1.1
L30 4AB,1.2
L30 4TW,1.1
L30 4TX,1.1
L30 4TZ,1.1
L30 4WN,1.1
L30 4YE,1.1
L30 9TA,1.1
L30 9TG,1.1
L31 1WW,0.1
L31 2WW,0.1
L31 3WD,0.1
L31 8ET,0.1
L31 8EU,0.1
L32 0QY,1.2
L32 1AB,1.2
L32 1AD,1.2
L32 1AE,1.2
L32 1AF,1.2
L32 1BU,1.2
L32 2AT,1.1
L32 4UW,1.2
L32 5AB,1.2
L32 7WA,1.1
L32 8XX,1.1
L32 9RR,1.2
L32 9RX,1.2
L33 4WH,1.1
L33 5YS,1.2
L33 6XH,1.2
L33 6YA,1.2
L33 6YG,1.2
L33 7AA,1.1
L33 7AD,1.1
L33 7SZ,1.1
L33 7UA,1.2
L33 7UB,1.2
L33 7UP,1.1
L33 7WG,1.1
L33 8XD,1.2
L34 0JS,3.2
L34 1JZ,0.1
L34 1QH,1.1
L34 1QH,1.1
L34 5AB,1.1
L34 5AB,1.1
L34 5AD,1.1
L34 5AD,1.1
L34 5AE,1.1
L34 5AE,1.1
L34 5AF,1.1
L34 5AF,1.1
L34 5AG,1.1
L34 5AG,1.1
L34 5AH,1.1
L34 5AH,1.1
L34 5NB,1.1
L34 5NB,1.1
L34 5NE,1.1
L34 5NE,1.1
L34 5NG,1.1
L34 5NG,1.1
L34 5NH,1.1
L34 5NH,1.1
L34 5NL,1.1
L34 5NL,1.1
L34 5NN,1.1
L34 5NN,1.1
L34 5RH,1.1
L34 5RH,1.1
L35 4AB,0.1
L35 4AD,3.2
L35 4LX,3.2
L35 7HJ,3.3
L35 7HN,3.3
L35 7JF,0.1
L35 8ND,0.1
L35 8QH,0.1
L35 8QJ,3.2
L35 9AA,0.1
L35 9AB,0.1
L36 2AB,1.1
L36 2AD,1.2
L36 3XR,1.2
L36 3XS,1.1
L36 4JP,3.3
L36 5AH,1.1
L36 6AS,1.1
L36 6FD,1.1
L36 6FE,1.1
L36 6FG,1.1
L36 6FJ,1.1
L36 6FQ,1.1
L36 6LY,3.2
L36 7AB,1.2
L36 7YN,1.2
L36 7ZB,1.2
L36 7ZD,1.2
L36 8AB,1.2
L36 8AB,3.2
L36 8AG,1.2
L36 8AG,3.2
L36 8AH,1.2
L36 8AH,3.2
L36 8AJ,1.2
L36 8AJ,3.2
L36 8AL,1.2
L36 8AL,3.2
L36 8DT,1.2
L36 8DT,3.2
L36 8DY,1.2
L36 8DY,3.2
L36 8FP,1.2
L36 8FP,3.2
L36 9AA,3.2
L36 9AB,3.3
L36 9AD,3.2
L36 9AE,3.2
L37 2WD,3.2
L37 3AE,3.2
L37 3PQ,3.2
L37 6BF,0.1
L37 6BX,0.1
L37 6EU,0.1
L37 6EX,0.1
L37 6EZ,0.1
L37 6FA,0.1
L37 7JA,3.2
L37 7WJ,3.2
L37 8WA,3.2
L38 0BF,2.1
L4 1AA,1.1
L4 1AA,1.1
L4 1AA,1.1
L4 1AB,1.1
L4 1AB,1.1
L4 1AB,1.1
L4 1AD,1.1
L4 1AD,1.1
L4 1AD,1.1
L4 1AE,1.1
L4 1AE,1.1
L4 1AE,1.1
L4 1AF,1.1
L4 1AF,1.1
L4 1AF,1.1
L4 1AG,1.1
L4 1AG,1.1
L4 1AG,1.1
L4 1AJ,1.1
L4 1AJ,1.1
L4 1AJ,1.1
L4 1SA,1.1
L4 1SB,1.1
L4 1SE,1.1
L4 1UG,1.1
L4 4LQ,1.1
L4 4LQ,1.1
L4 4LQ,1.1
L4 4QA,1.1
L4 5AB,1.2
L4 5UP,1.1
L4 6AA,1.1
L5 0RT,1.1
L5 1AB,1.2
L5 1AD,1.2
L5 1XN,1.2
L5 1XP,1.2
L5 2QE,1.1
L5 2RB,1.1
L5 5AF,1.1
L5 5AH,1.1
L5 5AH,1.1
L5 5AH,1.1
L5 5BA,1.1
L5 5BA,1.1
L5 5BA,1.1
L5 5EN,1.1
L5 5EN,1.1
L5 5EN,1.1
L5 5FA,1.1
L5 5FA,1.1
L5 5FA,1.1
L5 5FB,1.1
L5 5FB,1.1
L5 5FB,1.1
L5 6AB,1.2
L5 6AD,1.2
L5 6QG,1.2
L5 6RD,1.2
L5 6RT,1.2
L5 6SD,1.2
L6 1AH,1.1
L6 1HD,1.1
L6 1HE,1.1
L6 1HP,1.1
L6 1HW,1.1
L6 1LS,1.1
L6 1LU,1.1
L6 2AD,1.1
L6 2AX,1.1
L6 2AY,1.1
L6 2AZ,1.1
L6 2BA,1.1
L6 2BE,1.1
L6 2BF,1.1
L6 2BH,1.1
L6 4EY,1.2
L6 4EZ,1.2
L6 5AP,1.1
L6 5AR,1.1
L6 5AS,1.1
L6 5DF,1.1
L6 5DG,1.1
L6 9AA,1.1
L69 1BY,1.2
L69 1TD,0.2
L69 2BJ,0.2
L69 2EE,0.2
L69 2NX,0.2
L69 2PE,0.2
L69 2PJ,0.2
L69 3AQ,0.2
L69 3DU,0.2
L69 3ED,0.2
L69 3EY,0.2
L69 3EZ,0.2
L69 3FQ,0.2
L69 3FR,0.2
L69 3FW,0.2
L69 3FZ,0.2
L69 3GG,1.1
L69 3HU,0.2
L69 3JF,0.2
L69 3JL,0.2
L69 3QB,0.2
L69 3SA,0.2
L69 3XN,0.2
L69 7BE,1.1
L69 7EB,0.2
L69 8BW,0.2
L69 9AA,0.2
L69 9AD,0.2
L69 9AE,0.2
L69 9AF,0.2
L69 9AG,0.2
L69 9AH,0.2
L69 9AJ,0.2
L69 9AL,0.2
L69 9AP,0.2
L69 9AQ,0.2
L69 9AZ,0.2
L69 9BA,0.2
L69 9ZW,0.2
L7 0LY,1.1
L7 1PG,1.1
L7 1PW,1.1
L7 1QL,1.1
L7 1QQ,1.1
L7 1QR,1.1
L7 1QT,1.1
L7 1RB,1.1
L7 1RH,1.1
L7 2AB,1.1
L7 2GB,1.1
L7 2PW,1.1
L7 3EL,1.1
L7 3EX,1.1
L7 5NB,1.1
L7 6AL,1.1
L7 6AL,1.1
L7 6AL,1.1
L7 6AL,1.1
L7 6LS,1.1
L7 6LT,1.1
L7 6LT,1.1
L7 6LT,1.1
L7 6LT,1.1
L7 6LU,1.1
L7 7AE,1.1
L7 7AJ,1.1
L7 7ED,1.1
L7 8SX,1.1
L7 8TN,1.1
L7 8UH,1.1
L7 9PR,1.1
L75 1AZ,1.1
L75 1WX,0.2
L8 1TQ,1.2
L8 1UT,1.1
L8 2XZ,1.1
L8 2YH,1.1
L8 5AA,1.1
L8 5AA,1.1
L8 5RT,0.2
L8 5RZ,0.2
L8 5SP,1.1
L8 5SP,1.1
L8 5SR,0.2
L8 5TE,0.2
L8 5TQ,0.2
L8 5UD,1.1
L8 6AB,1.1
L8 6AD,1.1
L8 6AE,1.1
L8 6AF,1.1
L8 6AG,1.1
L8 6AH,1.1
L8 6AL,1.1
L8 6AN,1.1
L8 6QD,1.1
L8 6SA,0.2
L8 7AB,1.1
L8 7AB,1.1
L8 7AB,1.1
L8 7AB,1.1
L8 7BL,1.1
L80 4WF,1.1
L9 6BF,1.2
L9 6ER,1.1
L9 6EU,1.1
L9 6EW,1.1
L9 7BB,1.1
L9 7BF,1.1
L9 7BH,1.1
PR8 1AX,1.1
PR8 1AX,1.1
PR8 2FF,3.3
PR8 3FD,3.1
PR8 3FE,3.1
PR8 3FG,3.1
PR8 4AH,0.1
PR8 4AU,0.1
PR8 5AS,3.1
PR8 5BF,0.1
PR8 5ER,3.1
PR8 5LA,0.1
PR8 5WT,0.1
PR8 6DZ,0.1
PR8 6PH,0.1
PR8 6QS,0.1
PR8 6RS,0.1
PR8 6TN,0.1
PR8 9PD,0.1
PR8 9PJ,0.1
PR8 9PW,0.1
PR8 9PX,0.1
PR8 9PY,0.1
PR8 9PZ,0.1
PR9 0BP,1.1
PR9 0BT,1.2
PR9 7DG,3.2
PR9 7GW,0.1
PR9 9DF,1.2
PR9 9DH,3.2
PR9 9DJ,0.1
PR9 9DQ,0.1
CH41 1FG,1.1
CH41 5HP,1.1
CH41 5HP,1.1
CH42 2EE,1.1
CH43 3DX,1.2
CH43 4WA,1.1
CH43 6WA,3.3
CH43 6WB,3.2
CH43 6WD,3.2
CH45 8NA,1.2
CH49 4ND,1.2
CH60 4TH,0.1
CH62 4SW,0.1
CH62 4SW,0.1
CH62 4YD,0.1
CH63 8QX,3.2
L1 4LH,0.2
L1 5AB,1.1
L1 5AB,1.1
L1 5DX,0.2
L1 5DX,0.2
L1 8AG,0.2
L1 9AJ,1.1
L1 9AJ,1.1
L1 9AN,0.2
L11 1AL,1.1
L11 1AL,1.1
L13 5YX,1.1
L13 8DQ,1.2
L14 2EA,1.1
L14 4AZ,1.2
L14 7AR,0.1
L18 1HW,0.1
L18 1HW,0.2
L18 1HW,0.1
L18 1HW,0.2
L3 5UH,1.1
L3 6AU,0.2
L3 6AU,0.2
L3 6AU,0.2
L3 6AU,0.2
L3 6BB,1.2
L3 6DJ,1.2
L3 7DH,1.2
L3 8AH,1.1
L3 8AJ,1.1
L3 9AH,0.2
L3 9AH,0.2
L3 9UL,0.2
L3 9UL,0.2
L3 9UL,0.2
L3 9UL,0.2
L30 1ST,3.2
L1 0AQ,1.1
L1 0AQ,1.1
L1 0AT,1.1
L1 0AT,1.1
L1 0DG,1.1
L1 0DG,1.1
L1 1NT,1.1
L1 2SD,1.1
L1 2SD,1.1
L1 2TD,1.1
L1 2TD,1.1
L1 4BT,1.1
L1 4BU,1.1
L1 4EW,1.1
L1 4EY,1.1
L1 4LB,1.1
L1 4LE,1.1
L11 1JQ,1.1
L11 1JQ,1.1
L17 7EF,1.1
L18 8AX,3.2
L18 8DE,3.2
L18 8ED,3.2
L19 8HU,1.1
L19 9EG,0.1
L20 5AD,1.1
L20 6NR,3.2
L20 6NT,3.2
L20 7AW,1.2
L21 1WY,1.1
L21 9LZ,3.1
L21 9ND,1.1
L23 8AB,3.3
L24 1WB,1.2
L24 1WE,1.2
L27 7AS,1.1
L25 2TD,1.2
L3 0AD,1.2
L3 0AQ,1.2
L3 0AY,1.2
L3 0BA,1.2
L3 0BB,1.2
L3 1AH,0.2
L3 1AH,0.2
L3 1AX,0.2
L3 1AX,0.2
L3 1AX,0.2
L3 1AX,0.2
L3 1AY,0.2
L3 1AY,0.2
L3 1AY,0.2
L3 1AY,0.2
L35 1QT,0.1
L30 6YW,3.2
L31 1BB,0.1
L31 1BB,0.1
L31 2NZ,0.1
L31 8BZ,0.1
L34 2UN,1.1
L34 2UN,1.1
L34 5RT,1.1
L34 5RT,1.1
L37 0AD,3.3
L37 2FE,3.2
L37 2FG,3.2
L37 2NA,3.2
L4 4AL,1.1
L4 4BN,1.1
L4 4BN,1.1
L4 4BN,1.1
L6 4AE,1.1
L6 0BE,1.2
L6 1AG,1.1
L6 1AJ,1.1
L6 3BH,1.1
L69 3HJ,0.2
L69 3HT,0.2
L69 3PU,0.2
L69 3RA,0.2
L69 3RF,0.2
L69 3SB,0.2
L69 3SE,0.2
L69 3SH,0.2
L69 3SL,0.2
L69 3SN,0.2
L69 3SQ,0.2
L69 3SR,0.2
L69 3SS,0.2
L69 3SU,0.2
L69 3SW,0.2
L69 3SX,0.2
L69 3SY,0.2
L69 3TB,0.2
L69 3TE,0.2
L69 3TF,0.2
L69 3TJ,0.2
L69 3TL,0.2
L69 3TN,0.2
L69 3TP,0.2
L69 3TQ,0.2
L69 3TR,0.2
L69 1SG,0.2
L69 1SL,0.2
L69 3BA,0.2
L69 3EH,0.2
L69 3TT,0.2
L69 3TY,0.2
L69 3UA,0.2
L69 3UB,0.2
L69 3UJ,0.2
L69 3UP,0.2
L69 3UR,0.2
L69 3US,0.2
L69 3UU,0.2
L69 3UW,0.2
L69 3UX,0.2
L69 3WQ,0.2
L69 3XG,0.2
L69 3YD,0.2
L69 3YG,0.2
L69 3YP,0.2
L69 3YS,0.2
L69 3ZX,0.2
L7 9NN,1.1
L7 9NR,1.1
L8 1UR,1.1
L8 1UR,1.1
L8 2XJ,1.2
L8 5RB,1.1
L8 5ST,0.2
L8 8DQ,1.1
L9 1BA,1.1
L9 1BR,1.1
L9 1DF,1.1
L9 1DN,1.1
L9 1ET,1.1
L9 2AQ,1.1
L9 8BW,0.1
L9 9EJ,0.1
PR8 5DS,0.1
PR8 5DT,0.1
PR8 6DB,0.1
PR8 6RJ,0.1
PR8 6RL,0.1
PR8 9PU,0.1
PR9 7AX,3.2
PR9 9AU,1.2
PR9 9EA,0.1
WA10 3UP,1.2
WA10 3UY,1.2
WA10 2EJ,1.1
WA10 2EN,1.1
WA12 9NQ,0.1
WA12 9NQ,1.1
WA12 9SS,1.1
WA12 9YH,0.1
WA12 9YH,1.1
WA12 9AF,1.1
WA12 9AG,1.1
WA12 9AL,1.1
WA12 9AP,0.1
WA12 9AP,1.1
WA12 9AR,0.1
WA12 9AR,1.1
WA12 9AW,1.1
WA12 9DS,0.1
WA12 9DS,1.1
WA12 9DT,0.1
WA12 9DT,1.1
WA12 9JJ,1.1
WA12 9LP,1.1
WA12 9LY,1.1
WA12 9NG,0.1
WA12 9NG,1.1
WA4 6FA,3.3
WA4 6TU,3.3
WA7 6SA,0.1
WA7 1JW,1.1
WA7 1TH,3.3
WA7 2DD,1.2
WA7 2DP,1.2
WA7 2DR,1.2
WA7 2DW,1.2
WA7 2PT,1.2
WA7 2RX,1.2
WA7 2RY,1.2
WA7 2SY,1.2
WA7 2TR,1.2
WA7 2TS,1.2
WA7 2UU,1.2
WA7 2UW,1.2
WA7 2XQ,1.2
WA7 2YN,1.2
WA9 3BB,1.1
WA9 3DF,1.1
WA9 3EA,1.1
WA9 4AU,3.3
WA9 4AU,3.1
WA9 4AX,3.3
WA9 4AX,3.1
WA9 4AZ,3.3
WA9 4AZ,3.1
WA9 4BP,3.3
WA9 4BP,3.1
WA8 7AN,0.1
WA8 7AS,1.1
WA8 7FL,1.2
WA8 8PA,1.1
WA8 9BE,1.2
WA8 9BF,0.1
WA8 9BG,0.1
WA8 9BQ,0.1
WA8 9BS,1.2
WA8 9BT,0.1
WA8 9BU,1.2
WA8 9BW,0.1
WA8 9BX,0.1
WA8 9BY,1.2
WA8 9BZ,1.2
WA8 9FN,3.3
WA9 1DL,1.1
WA9 1HW,1.1
WA9 4EG,3.3
WA9 4EG,3.1
WA9 4EJ,1.1
WA9 4EQ,3.3
WA9 4EQ,3.1
WA9 4FB,3.3
WA9 4FB,3.1
WA9 4PN,0.1
WA9 4XY,1.1
WA8 3AN,0.1
WA8 5BY,3.3
WA8 8GN,1.1
WA8 8GP,1.1
WA9 2AF,1.2
CH27 9FP,1.1
CH27 9FQ,1.1
CH29 9FE,3.2
CH41 1AA,1.1
CH41 1LH,1.1
CH41 1LH,1.1
CH46 6BD,1.1
PR8 9QA,0.1
PR9 8QZ,3.2
L1 4BF,1.1
L1 4BP,1.1
L11 2AZ,1.2
L13 7JN,1.1
L19 3WF,0.1
L21 1DF,1.1
L27 1AB,1.1
L30 1WP,1.1
L35 4AA,0.1
L69 7ZY,1.1
L69 7ZY,1.1
L7 1AD,1.1
L7 8TX,1.1
L8 6AJ,1.1
WA10 2UJ,3.2
WA10 5AA,3.3
WA10 5FJ,3.3
WA10 9HJ,1.1
WA11 7BF,1.2
WA12 8AP,0.1
PR9 9DW,3.2
WA9 5XB,0.1
PR8 6UX,0.1
PR8 6RF,0.1
PR8 6RQ,0.1
WA9 5TT,0.1
PR8 3BF,0.1
L38 0AA,2.1
WA8 8GJ,0.1
L36 9UT,3.3
L36 9ZW,1.1
WA8 7AA,0.1
WA8 6FS,1.1
L36 0WW,3.2
L35 7AA,3.3
WA8 2ZZ,1.1
WA8 3AQ,0.1
WA8 0WT,1.1
WA7 9DA,1.2
WA8 0AA,1.1
WA8 0BY,1.1
L35 3WD,1.1
L35 3WD,1.1
L33 2AE,1.2
L32 5YX,1.1
L31 3AA,3.2
L30 7RY,0.1
WA7 1XW,3.3
WA7 1GX,3.3
L3 6AX,0.2
L3 6AX,0.2
L3 6AX,0.2
L3 6AX,0.2
L3 0YX,0.2
L27 1AA,1.1
L25 9RP,1.2
L25 8AA,0.1
L25 7WN,0.1
L24 9QA,1.1
L23 2AA,0.1
L22 8WB,0.2
L22 8YX,0.2
L21 7RJ,1.1
L21 3AB,1.1
L21 3AD,1.1
L9 6ES,1.1
L9 6ET,1.1
L20 7ZX,1.1
L18 1XE,0.1
L15 4AA,1.1
L15 4AA,1.1
L15 4AA,1.1
L15 4AA,1.1
L15 4AB,1.1
L15 4AB,1.1
L15 4AB,1.1
L15 4AB,1.1
L14 9AE,1.1
L14 7AX,0.1
L13 1UX,1.1
L13 1UY,1.1
L13 1UZ,1.1
L11 2AX,1.1
L11 2AY,1.1
L11 2AY,1.1
L11 2BA,1.1
L11 2BA,1.1
L10 7AA,1.1
L10 1AB,3.2
L1 4AW,0.2
L8 6SD,1.1
L8 6SF,1.1
CH27 9ZW,1.1
CH41 4EA,1.1
CH41 4EA,1.1
CH41 6AQ,1.1
CH41 6AQ,1.1
CH41 6AS,1.1
CH41 6AS,1.1
CH41 9BA,1.1
CH42 6AA,0.1
CH42 6SJ,0.1
CH45 1LB,0.2
CH47 3BG,3.3
CH62 0DG,3.2
CH62 8FA,1.2
CH63 7AA,3.1
WA12 8AN,1.2
WA11 9WH,1.1
L7 9PW,1.1
L7 7AW,1.1
L7 1AA,1.1
L7 1AB,1.1
WA10 9ZZ,1.1
WA10 5QU,3.2
WA10 2UL,3.2
WA10 2UN,3.2
WA10 2UR,3.2
L33 1AP,1.2
L33 1AR,1.2
L33 2AF,0.1
L34 1AA,0.1
L34 1WD,1.1
L34 1WD,1.1
L34 2AB,0.1
L35 6AA,3.2
L36 4AA,3.3
L37 3AA,3.2
WA7 1GZ,3.3
WA7 1HZ,3.3
L4 3TG,1.1
WA7 9DE,1.2
WA7 9DF,1.2
WA7 9DG,1.2
WA7 9DH,1.2
WA7 9DJ,1.2
WA8 0WQ,1.1
WA8 3AR,1.2
L5 3QH,1.1
L5 5FD,1.1
L5 5FD,1.1
L5 5FD,1.1
WA8 5AA,3.3
WA8 5EB,3.3
WA8 8GQ,1.1
WA8 8GR,1.1
L69 3RD,0.2
L7 0AB,1.1
L7 0AD,1.1
L7 3AA,1.1
L7 7AA,1.1
WA8 8US,0.1
WA9 2ES,1.2
L8 5SW,0.2
L8 6AA,1.1
L9 2BF,1.1
L9 3XZ,1.1
L9 8BF,0.1
L9 9BF,0.1
WA9 5TU,0.1
WA9 5XD,0.1
WA9 5XE,0.1
WA9 5XG,1.1
WA10 2UQ,3.2
WA10 5QY,3.2
WA10 6WA,1.2
WA10 6WB,1.2
WA12 9GT,0.1
WA12 9GT,1.1
WA12 9GW,0.1
WA12 9GW,1.1
WA12 9GX,0.1
WA12 9GX,1.1
WA12 9GY,0.1
WA12 9GY,1.1
CH29 9FG,3.2
PR8 5BJ,0.1
CH31 9FL,0.1
L1 0DB,1.1
L1 0DB,1.1
L1 0DF,1.1
L1 0DF,1.1
L10 0AZ,1.1
L10 4AB,0.1
L11 1BF,1.1
L11 1BF,1.1
CH41 5BQ,1.1
CH41 5BQ,1.1
CH41 5BW,1.1
CH41 5BW,1.1
L11 1JU,1.1
L11 1JU,1.1
L11 4UE,1.2
L12 0UZ,3.2
CH42 6AB,0.1
PR9 8RZ,3.2
L13 4BF,1.2
L13 6AA,1.1
L14 8AA,1.1
CH48 4LF,0.2
CH49 0WG,1.1
L17 3DB,1.1
L18 3AB,3.3
L19 7AD,1.1
CH62 4UD,0.1
CH62 4UD,0.1
CH62 4WB,0.1
CH62 4WB,0.1
L25 4AD,0.1
L25 4AE,0.1
L25 4AF,0.1
L25 4AJ,0.1
L25 4AL,0.1
L25 4UJ,0.1
L25 5QG,3.2
L25 9AA,1.2
L26 6BS,3.3
L26 6BT,0.1
L26 6BU,3.3
L26 6BW,3.3
L3 2AH,1.2
L31 4FA,3.2
L31 4WQ,0.1
L6 9AF,1.1
L6 5NG,1.1
L6 5NH,1.1
L6 5NJ,1.1
L6 5NL,1.1
L5 5AA,1.1
L5 5AA,1.1
L5 5AA,1.1
L5 3TA,1.1
L5 2BP,1.2
L5 1AG,1.2
L5 1AH,1.2
L4 1AH,1.1
L4 1AH,1.1
L4 1AH,1.1
L4 4AA,1.1
L36 6BF,1.2
L36 5AA,1.1
L36 4AB,3.3
L36 3AA,1.1
L36 3AB,1.1
L36 3AD,1.1
L33 7AE,1.2
CH62 4UG,0.1
CH62 4UG,0.1
L33 1AG,1.2
L33 1AH,1.2
L33 1AJ,1.2
L33 1AL,1.2
L33 1AN,1.2
CH62 4SS,0.1
CH62 4SS,0.1
L33 2AG,0.1
L33 1AA,1.2
CH49 0WJ,1.1
CH49 0WF,1.1
L30 7AB,1.2
L30 4AJ,1.2
CH49 0WD,1.1
L30 0AD,1.2
CH45 5BH,0.1
CH42 5QB,1.1
CH42 5QD,1.1
CH41 9EZ,1.1
CH41 1BF,1.1
CH41 1BF,1.1
CH26 9EL,0.1
L25 6AB,1.1
L23 8AD,0.1
L20 8AF,1.2
L20 8AD,1.2
L20 6GN,1.1
L14 7BA,0.1
L14 7BG,3.2
L13 4DL,1.1
L10 1AA,1.1
L11 1JN,1.2
L11 1JP,1.1
L11 1JP,1.1
L1 6AE,1.2
L1 0AZ,0.2
L1 0AZ,0.2
L1 8AD,0.2
L1 8AD,0.2
L1 3HJ,0.2
L1 3HJ,0.2
L1 0AX,0.2
L1 0AX,0.2
WA9 5WS,1.2
WA8 6TT,1.2
WA8 6TU,1.2
WA8 0WP,1.1
WA9 4FZ,0.1
WA9 2ET,1.2
WA7 3FU,3.2
WA7 1XY,3.3
WA8 0GZ,1.1
WA11 8GN,3.3
WA12 9GU,0.1
WA12 9GU,1.1
WA7 9DU,1.2
WA7 9DW,1.2
WA12 8NT,1.1
WA11 8FZ,3.2
WA10 1GJ,1.1
WA10 5QX,3.2
WA7 5TW,1.1
WA12 8AS,0.1
WA7 5FS,1.2
WA7 1DX,3.3
PR9 0BW,1.1
PR8 6DN,0.1
PR8 4AJ,0.1
L8 6RF,0.2
L8 5AF,1.1
L8 5AF,1.1
L8 0WA,1.1
L7 1AH,1.1
L7 1AJ,1.1
L17 7DS,0.1
L20 4AG,1.1
CH29 9FR,3.2
CH29 9FS,3.2
CH41 2TR,1.1
CH41 4AD,1.1
CH41 4AD,1.1
CH41 7AD,1.1
CH41 8JP,1.1
CH42 2EQ,1.1
CH42 2ER,1.1
CH42 2ES,1.1
CH42 2ET,1.1
CH46 7AA,1.1
CH46 9AD,1.2
CH46 9AE,1.2
CH46 9AF,1.2
CH47 8AB,3.3
CH48 4AB,0.2
CH49 0WN,1.1
CH49 4SA,3.2
CH60 0AS,0.1
CH60 4AA,3.3
CH61 7YB,3.2
CH62 4SX,0.1
CH62 4SX,0.1
CH62 4WA,0.1
CH62 4WA,0.1
L1 8AE,0.2
L1 8AE,0.2
L1 8AF,0.2
L1 8AF,0.2
L1 8AH,0.2
L1 8AH,0.2
L11 0EN,1.2
L11 1JL,1.2
L12 2BN,0.1
L12 7AD,3.1
L12 7NB,0.1
L1 0AS,1.1
L1 0AS,1.1
L1 2SE,1.1
L1 2SE,1.1
L1 2SG,1.1
L1 2SG,1.1
L1 5AF,1.1
L1 5AF,1.1
L1 5AJ,1.1
L13 1FA,1.1
L13 5AA,0.1
L17 7YQ,1.1
L14 7AY,0.1
L19 7AA,1.1
L19 7AB,1.1
L19 8YW,0.1
L2 2AN,0.2
L2 2AN,0.2
L2 2AN,0.2
L2 2AN,0.2
L2 2BT,1.2
L2 5AB,1.1
L2 8AA,0.2
L2 8AA,0.2
L21 2QE,1.1
L21 2QF,1.1
L22 0XA,0.2
L20 6NW,3.2
L22 8YW,0.2
L24 0AE,1.1
L24 3AB,1.2
L24 8QH,1.1
L25 4AA,0.1
L25 4AH,0.1
L25 5WH,0.1
L25 6FA,3.3
L25 6WP,0.1
L3 4DJ,0.2
L3 5AB,1.1
L3 6AS,0.2
L3 6AS,0.2
L3 6AS,0.2
L3 6AS,0.2
L3 9GW,0.2
L3 9GW,0.2
L3 9GW,0.2
L3 9GW,0.2
L30 0AA,0.1
L30 8YX,1.1
L31 1LN,0.1
L31 1LS,0.1
L31 1LT,0.1
L31 1LT,0.1
L31 3FA,3.2
L31 3FB,3.2
L33 1AQ,1.2
L33 1AS,1.2
L33 2AA,0.1
L33 2AB,0.1
L33 2AD,1.2
L33 2AH,0.1
L33 2AJ,0.1
L36 0AA,1.1
L36 0AB,1.1
L36 0AD,1.1
L36 3AE,1.1
L36 4AD,3.2
L36 4AR,1.2
L36 5AB,1.1
L36 7AA,1.2
L36 9UW,3.3
L37 1QN,3.3
L4 4AE,1.1
L4 4YX,1.1
L5 1AA,1.2
L5 1AE,1.2
L5 1AF,1.2
L5 4NA,1.1
L5 8AA,1.2
L7 1AE,1.1
L7 1AF,1.1
L7 7AP,1.1
L8 7AD,1.1
L8 7AE,1.1
L8 8AA,1.1
L9 1AH,1.1
L9 6EX,1.2
L7 8XZ,1.1
L7 8YA,1.1
L8 3AA,1.1
PR8 5QA,0.1
PR8 6UY,0.1
WA10 2UP,3.2
WA10 6AP,1.2
WA10 6WD,1.2
WA12 2DD,1.1
WA12 9GZ,0.1
WA12 9GZ,1.1
WA12 9HR,0.1
WA12 9HR,1.1
WA7 1GY,3.3
WA7 1HY,3.3
WA7 3GL,3.3
WA7 3GN,3.3
WA7 4AA,1.1
WA7 4AA,0.1
WA7 5AA,1.2
WA7 5BF,1.2
WA7 5FR,1.2
WA7 5FT,1.2
WA7 5GE,1.1
WA7 5GH,1.1
WA7 6GJ,3.3
WA8 2EJ,1.1
WA8 2EP,1.1
WA8 6FR,1.1
WA8 6TX,1.2
WA8 6TY,1.2
WA8 8ZA,1.1
WA9 3ZG,1.1
WA9 5TR,0.1
WA9 5WR,0.1
WA9 5XJ,0.1
CH32 9GE,1.1
CH43 9ZA,1.1
CH49 4SB,3.2
L1 8AA,0.2
L1 8AA,0.2
L14 7AZ,0.1
L14 7BB,0.1
L14 9AD,1.1
L15 4AD,1.1
L18 8AN,3.2
L2 8AB,0.2
L2 8AB,0.2
L2 9QF,0.2
L2 9QF,0.2
L23 1AB,0.1
L24 0AD,1.1
L30 0AE,1.2
L3 5AG,1.1
L3 5AG,1.1
L31 1LX,0.1
L31 1LX,0.1
L31 8BF,0.1
L32 3AD,1.2
L35 7AB,0.1
L35 7AE,0.1
L34 1AH,0.1
L34 1AP,0.1
L34 2AD,1.1
L34 2TJ,1.1
L36 4AJ,1.1
L36 4AN,1.1
L4 6AB,1.1
L6 5AU,1.1
L5 7TD,1.1
L7 1AG,1.1
L7 4AA,1.1
L8 3UH,1.1
L8 3UL,1.1
L8 3UN,1.1
L8 6SQ,1.1
L9 8EJ,1.1
WA10 1GL,1.1
WA10 1GN,1.1
WA10 3WD,0.2
WA11 0WP,1.1
WA12 8AT,0.1
WA7 1GU,1.1
WA8 0WU,1.1
WA8 0ZB,1.1
CH26 9ES,0.1
CH27 9FZ,1.1
CH28 9DA,3.2
CH29 9FX,3.2
CH29 9FY,3.2
CH41 4DW,1.1
CH41 7AH,1.1
CH42 4AB,1.1
CH42 4AD,1.1
CH43 7AE,1.2
CH43 9ZB,1.1
CH44 0BF,1.2
CH46 6EP,3.1
CH47 3BJ,3.1
CH49 4SD,3.2
CH60 6AB,3.2
CH61 5AA,3.2
CH62 4AE,0.1
CH62 4AE,0.1
CH62 4AF,0.1
CH62 4AF,0.1
CH62 4ST,0.1
CH62 4ST,0.1
CH62 4TD,0.1
CH62 4TD,0.1
L1 4BY,1.1
L12 1WY,3.2
L14 7BD,0.1
L14 7BF,0.1
L18 2AA,0.1
L18 8YU,0.1
L2 0AA,0.2
L2 0AA,0.2
L2 0AB,0.2
L2 0AB,0.2
L2 5AA,1.1
L2 8AD,0.2
L2 8AD,0.2
L21 1EP,1.1
L22 0AB,3.1
L23 8AE,3.3
L23 9XT,0.1
L24 0AA,1.1
L24 8AA,1.2
L25 4AB,0.1
L25 7YW,0.1
L25 9SH,1.2
L26 9YX,0.1
L27 1AF,1.1
L28 3QF,1.2
L28 3QF,3.2
L28 3QG,1.2
L28 3QG,3.2
L28 3QL,1.2
L28 3QL,3.2
L28 6AA,1.2
L3 0AB,1.2
L3 2AL,1.2
L3 5AA,1.1
L3 5GH,1.1
L31 1LP,0.1
L31 1LU,0.1
L31 1LU,0.1
L31 3AB,3.2
L31 9YT,0.1
L32 0AA,1.2
L32 1BL,1.2
L32 1BP,1.2
L32 2AY,0.1
L32 3AA,1.2
L32 3AB,1.2
L33 1AE,1.2
L33 1AF,1.2
L34 1AB,0.1
L34 1AJ,0.1
L34 1AL,0.1
L34 1AQ,0.1
L34 1AX,0.1
L34 1AZ,0.1
L34 1BF,0.1
L34 1BG,0.1
L34 1BJ,0.1
L35 7AD,0.1
L35 7AG,0.1
L36 1AA,1.1
L36 9WB,3.2
L36 9WD,3.2
L36 9WE,3.2
L37 1XQ,3.3
L37 3AB,3.2
L37 3AD,3.2
L37 6FB,0.1
L4 4AP,1.1
L5 0RU,1.1
L5 1AJ,1.2
L5 1AL,1.2
L5 3AA,1.1
L5 8AB,1.1
L5 8AB,1.1
L5 8AB,1.1
L5 8AD,1.1
L5 8AD,1.1
L5 8AD,1.1
L6 1AN,1.1
L6 1AQ,1.1
L69 2YL,0.2
L69 4YT,0.2
L7 1AL,1.1
L7 6AN,1.1
L7 6AN,1.1
L7 6AN,1.1
L7 6AN,1.1
L8 5AB,0.2
L8 5AD,0.2
L8 5AE,0.2
L8 6QS,1.1
L9 1BF,1.1
L9 7BJ,1.1
PR8 1FD,1.1
PR8 1FD,1.1
PR8 1SD,0.1
PR8 6DU,0.1
PR8 9RH,0.1
WA10 5QZ,3.3
WA11 7FS,3.2
WA11 9FS,3.2
WA12 2DG,1.1
WA12 8TA,0.1
WA12 8TB,0.1
WA12 8TD,0.1
WA12 9ZN,0.1
WA12 9ZN,1.1
WA4 4FX,3.3
WA8 2ET,1.1
WA8 6FT,1.1
WA8 6TS,1.2
WA8 8GT,1.1
WA9 1BX,1.2
WA9 3ZJ,1.1
WA9 3ZL,1.1
WA9 4FU,0.1
WA9 4YS,0.1
WA9 4YT,0.1
WA9 4YW,0.1
WA9 4YX,0.1
WA9 5FU,0.1
WA9 5XH,1.2
WA9 5XN,0.1
CH27 9GB,1.1
CH29 9GB,3.2
CH31 9FU,0.1
CH32 9GG,1.1
CH42 1AE,1.1
CH42 2AA,1.1
CH42 3AB,1.1
CH43 7YF,3.3
CH44 0AF,1.2
CH44 5XR,0.1
CH45 2PD,1.1
CH47 2EH,3.2
CH48 2AA,0.1
CH48 2LG,0.1
CH49 0WL,1.1
CH49 4SE,3.2
CH62 4AD,0.1
CH62 4AD,0.1
CH62 6EH,0.1
CH62 9AS,1.2
L1 4JL,1.1
L1 8AJ,0.2
L1 8AJ,0.2
L1 8AL,0.2
L1 8AL,0.2
L1 8AN,0.2
L1 8AN,0.2
L1 8AP,0.2
L1 8AP,0.2
L13 6AB,1.1
L13 6AD,1.1
L13 7AB,1.1
L15 4AE,1.1
L15 9WT,1.1
L16 2AA,3.3
L16 2AB,3.3
L16 2AD,3.3
L16 2AE,3.3
L16 2AF,3.3
L16 2AG,3.3
L17 7DZ,0.2
L17 7EA,0.2
L18 1XF,0.1
L18 8DU,3.2
L19 4YX,0.1
L2 2AA,0.2
L2 2AA,0.2
L2 8RA,1.1
L2 8RA,1.1
L22 7YW,0.2
L23 1AD,0.1
L23 1AE,0.1
L24 1WH,1.1
L24 1WJ,1.1
L24 1WL,1.1
L24 1WS,1.1
L24 1WT,1.1
L24 3WA,1.1
L24 7SJ,1.1
L24 7SN,1.1
L27 1AD,1.1
L27 4AA,1.2
L27 4AF,1.2
L28 3QH,1.2
L28 3QH,3.2
L28 3QJ,1.2
L28 3QJ,3.2
L3 3AG,1.1
L3 5GJ,1.1
L3 5GL,1.1
L3 8LN,1.1
L3 9AJ,0.2
L31 1FA,0.1
L31 1FF,0.1
L31 1FJ,0.1
L31 1LW,0.1
L31 1LW,0.1
L32 1BS,1.2
L32 1DA,1.2
L33 0YN,1.1
L33 1AT,1.2
L33 1AU,1.2
L33 1AW,1.2
L33 1AX,1.2
L33 1AY,1.2
L33 2AL,0.1
L33 7AH,1.2
L34 1AG,0.1
L34 1AN,0.1
L34 1AW,1.2
L34 1AY,0.1
L34 1BA,0.1
L34 1BB,0.1
L34 1BL,0.1
L34 5TJ,1.1
L34 5TJ,1.1
L34 6NP,3.3
L35 7AF,0.1
L35 7AH,0.1
L36 1AB,1.1
L36 4AG,1.1
L36 4AH,1.1
L36 4AL,1.1
L36 4AP,1.1
L36 4AT,1.2
L36 5AD,1.1
L4 2AA,1.2
L6 1AA,1.1
L7 3FA,1.1
L7 6HN,1.1
L7 6HN,1.1
L7 6HN,1.1
L7 6HN,1.1
L8 3AB,1.1
L8 3AD,1.1
L8 3AE,1.1
L8 3UT,1.1
L8 3UU,1.1
PR8 5QB,0.1
PR8 5QD,0.1
PR8 6TA,0.2
PR8 9RU,0.1
WA10 1GQ,1.1
WA10 5FN,3.3
WA10 9JF,1.1
WA10 9JG,1.1
WA10 9JH,1.1
WA11 9DT,1.1
WA12 8TE,0.1
WA12 8TF,0.1
WA12 8TG,0.1
WA7 1DY,1.1
WA7 1JB,1.1
WA7 1JD,1.1
WA7 1JD,0.1
WA7 1JX,1.1
WA7 1JX,0.1
WA7 1US,3.3
WA7 1UT,3.3
WA7 1WB,3.3
WA7 1WD,3.3
WA7 1WE,3.3
WA7 4WB,1.2
WA7 9DR,1.2
WA8 0ZF,1.1
WA8 7AX,1.1
WA8 8GS,1.1
WA9 1FJ,1.2
WA9 1FL,1.2
WA9 3ZH,1.1
WA9 4AA,1.2
WA9 4YZ,3.3
WA9 4YZ,3.1
WA9 4ZW,3.3
WA9 4ZW,3.1
WA9 5XL,0.1
WA9 5XT,1.1
CH41 3AD,1.1
CH41 8BD,1.1
CH42 1AD,1.1
CH43 0AD,3.3
CH49 2QG,3.2
CH49 4AA,3.2
CH61 8AB,3.2
CH62 7FF,0.1
CH62 7FG,0.1
CH62 7FJ,0.1
L1 4UF,1.1
L12 7AA,3.1
L13 0BF,1.1
L13 2EW,1.1
L13 7AA,1.1
L20 3WD,1.1
L23 6YU,0.2
L24 1WQ,1.1
L24 8YX,1.1
L3 5AH,1.1
L31 1FL,0.1
L32 1BZ,1.2
L33 0AB,1.1
L33 0AD,1.1
L33 0YJ,1.1
L33 1AZ,1.2
L33 1BA,1.2
L33 7AJ,1.2
L33 9YA,1.2
L34 1AU,0.1
L34 3AB,1.1
L34 3AB,1.1
L34 4AU,1.2
L34 4AX,1.2
L34 4AY,1.2
L36 4AQ,1.1
L37 4EA,3.2
L8 4ZA,1.1
L8 6AP,1.1
PR8 2FT,3.2
PR8 5ED,0.1
PR8 5QE,0.1
PR8 5QG,0.1
WA10 5FQ,1.2
WA8 0ZD,1.1
WA8 0ZE,1.1
WA8 0ZG,1.1
WA8 2EX,1.1
WA9 1FH,1.2
WA9 5XR,0.1
CH62 1EP,1.1
CH62 7FA,0.1
L12 6AB,1.1
L17 7EZ,1.1
L22 0AD,0.2
L23 8WB,0.2
L3 0AZ,1.2
L30 6AD,3.2
L31 0BF,0.1
L34 2AA,3.3
L34 4AS,1.2
L36 4AU,3.3
L38 3AB,2.1
L6 7US,1.2
L7 0LU,1.1
PR8 5FD,0.1
WA10 1GP,1.2
WA11 9FW,1.1
WA7 1UR,3.3
WA7 9DT,1.2
WA9 5XP,0.1
CH26 9EZ,0.1
CH28 9DF,3.2
CH29 9GL,3.2
CH32 9GR,1.1
CH43 3EB,0.1
CH43 8TS,3.1
CH45 2PF,1.1
CH48 6AB,1.2
CH62 1EX,1.1
CH62 7FL,0.1
CH63 4AB,2.1
CH63 6AA,3.2
L1 0BF,1.1
L1 0BF,1.1
L1 0GG,1.1
L1 0GG,1.1
L1 4FD,1.1
L1 4TW,1.1
L1 4TZ,1.1
L1 5FA,0.2
L1 5FA,0.2
L14 8AE,1.1
L14 8AF,1.1
L14 9AF,1.1
L17 8AB,1.1
L18 1YS,0.1
L19 0AA,0.1
L19 2AD,1.1
L19 8AG,1.1
L20 4YX,1.1
L23 1AF,0.1
L24 0AB,1.1
L24 1WN,1.1
L24 1WR,1.1
L25 2XR,0.1
L25 7BH,3.2
L27 1AE,1.1
L28 1AA,1.2
L28 1AD,1.2
L3 4AY,0.2
L31 1FN,0.1
L31 3AD,3.2
L31 4AG,3.2
L32 1BW,1.2
L32 4WE,1.2
L33 1BB,1.2
L33 7AL,1.2
L33 7AN,1.1
L34 1AE,0.1
L34 1AF,0.1
L34 4AZ,1.2
L34 4BE,1.2
L36 4AS,1.1
L36 5WW,3.2
L37 4YU,0.1
L4 1WA,1.1
L4 9AB,1.1
L69 4YS,0.2
L7 0AE,1.1
L8 3UP,1.1
L8 8YX,0.2
L9 9WJ,1.1
PR8 2FG,0.1
PR8 5FE,0.1
PR8 5QF,0.1
PR8 6DW,0.1
PR8 6EP,0.1
PR8 9TH,0.1
PR8 9TL,0.1
PR8 9TQ,0.1
PR8 9TS,0.1
WA10 9JT,1.1
WA11 0AA,1.1
WA7 1YH,1.2
WA7 4EL,1.2
WA7 9DY,1.2
WA7 9EA,1.2
WA8 2FE,1.1
WA8 2FF,1.1
WA8 2FG,1.1
WA8 2FH,1.1
WA9 1HN,1.1
WA9 5XU,1.1
CH25 9FN,1.1
CH25 9FN,1.1
CH32 9GS,1.1
CH32 9GU,1.1
CH41 7AU,1.1
CH41 7AW,1.1
CH47 0NP,3.3
CH61 9QL,3.2
CH62 3JP,0.1
L17 5YT,1.1
L17 8TF,1.1
L20 1BQ,1.1
L23 1AG,0.1
L23 8YX,0.2
L25 7XP,0.1
L3 8LH,1.1
L30 0AF,1.1
L34 4BA,1.2
L38 5AA,0.1
L7 1AN,1.1
L8 5WZ,0.2
PR8 5FL,0.1
PR8 9TX,0.1
PR8 9TY,0.1
PR8 9UB,0.1
PR8 9UD,0.1
WA10 6FN,3.3
WA10 9JW,1.1
WA11 9FU,1.1
WA7 1UX,3.3
WA7 1WF,1.1
WA9 1BY,1.2
WA9 1BZ,1.2
WA9 2RE,1.2
WA9 2RF,1.2
CH27 9GJ,1.1
CH29 9GP,3.2
CH41 6BB,1.1
CH41 8AN,1.1
CH43 7YD,1.2
CH49 7PH,1.1
CH49 8AB,1.1
CH49 8AD,1.1
CH62 9BF,3.2
L1 4FA,1.1
L1 8AQ,0.2
L1 8AR,0.2
L1 8AS,0.2
L1 8AU,0.2
L14 3YX,3.2
L14 8AB,1.1
L14 8AG,1.1
L14 9AG,1.1
L16 5WA,1.1
L16 6BA,3.2
L18 1YR,0.1
L18 9AB,3.3
L28 1AE,1.2
L28 1AF,1.2
L3 4FA,0.2
L3 5AJ,1.1
L31 1YW,0.1
L31 6EX,3.2
L34 1AR,0.1
L37 4YT,3.3
L37 6FW,0.1
L37 6GD,0.1
L37 6YX,3.3
L7 0AG,1.1
PR8 5FG,0.1
PR8 5FJ,0.1
WA12 8AU,0.1
WA7 1UU,3.3
WA7 1YE,1.2
WA7 3ZL,3.3
WA7 9ED,1.2
WA7 9EF,1.2
WA7 9EG,1.2
WA8 8GU,0.1
CH25 9FQ,1.1
CH25 9FQ,1.1
CH25 9RA,1.1
CH25 9RA,1.1
CH25 9RB,1.1
CH25 9RB,1.1
CH25 9RD,1.1
CH25 9RD,1.1
CH25 9RE,1.1
CH25 9RE,1.1
CH25 9RF,1.1
CH25 9RF,1.1
CH25 9RG,1.1
CH25 9RG,1.1
CH25 9RH,1.1
CH25 9RH,1.1
CH25 9RJ,1.1
CH25 9RJ,1.1
CH25 9RL,1.1
CH25 9RL,1.1
CH25 9RN,1.1
CH25 9RN,1.1
CH25 9RP,1.1
CH25 9RP,1.1
CH25 9RQ,1.1
CH25 9RQ,1.1
CH25 9RR,1.1
CH25 9RR,1.1
CH25 9RS,1.1
CH25 9RS,1.1
CH25 9RT,1.1
CH25 9RT,1.1
CH25 9RU,1.1
CH25 9RU,1.1
CH25 9RW,1.1
CH25 9RW,1.1
CH25 9RX,1.1
CH25 9RX,1.1
CH25 9RY,1.1
CH25 9RY,1.1
CH25 9RZ,1.1
CH25 9RZ,1.1
CH25 9SA,1.1
CH25 9SA,1.1
CH25 9SB,1.1
CH25 9SB,1.1
CH25 9SD,1.1
CH25 9SD,1.1
CH25 9SE,1.1
CH25 9SE,1.1
CH25 9SF,1.1
CH25 9SF,1.1
CH25 9SG,1.1
CH25 9SG,1.1
CH25 9SH,1.1
CH25 9SH,1.1
CH29 9GR,3.2
CH29 9GW,3.2
CH30 9DH,1.1
CH31 9GF,0.1
CH31 9GN,0.1
CH32 9HE,1.1
CH41 1DS,1.2
CH41 1DU,1.2
CH41 7BA,1.1
CH41 7EH,1.1
CH41 8AW,1.1
CH41 8AY,1.1
CH41 8BF,1.1
CH42 1AG,1.1
CH42 1AH,1.1
CH42 4AE,1.1
CH43 4AB,1.1
CH43 4AD,1.1
CH43 9AP,0.1
CH44 6AA,1.1
CH44 7DR,1.1
CH44 8AX,1.2
CH44 8AY,1.2
CH45 2AD,0.1
CH46 8AB,1.1
CH46 8AD,1.1
CH46 8AE,3.3
CH46 8AG,3.3
CH46 8AH,3.3
CH46 8AJ,3.3
CH46 8AN,1.1
CH46 8AP,3.3
CH49 1AD,1.1
CH49 1AF,1.1
CH49 1AH,1.1
CH62 5BN,1.1
CH62 6EN,0.1
CH62 7FH,0.1
CH62 7FN,0.1
CH62 8FB,3.2
L1 0DQ,1.1
L1 0DQ,1.1
L1 0DS,1.1
L1 0DS,1.1
L1 0DU,1.1
L1 0DU,1.1
L1 0DW,1.1
L1 0DW,1.1
L1 3AQ,0.2
L1 8AT,0.2
L10 2YW,1.1
L10 2YX,1.1
L11 2WU,3.2
L11 9DX,1.2
L11 9DY,1.2
L11 9DZ,1.2
L12 7AE,3.1
L13 6YU,1.1
L14 2AB,1.2
L14 4BF,1.2
L14 4DN,1.2
L14 7BE,0.1
L14 8AD,1.1
L14 8WE,1.1
L14 8YX,3.2
L15 0AA,1.1
L15 5AP,0.2
L17 7EH,0.1
L18 8EQ,3.2
L19 0AB,0.1
L19 2WQ,0.1
L19 2YU,0.1
L2 7NP,0.2
L2 7NP,0.2
L2 7NQ,0.2
L2 7NQ,0.2
L20 1BS,1.1
L20 6WU,1.1
L21 1ET,1.1
L21 8QS,3.2
L21 8QT,3.2
L21 8QU,3.2
L21 8QX,3.2
L21 8QY,3.2
L21 8QZ,3.2
L22 2BF,0.1
L23 1AH,0.1
L23 1AJ,0.1
L23 2YU,0.2
L23 6AE,3.2
L23 6YT,0.2
L23 8YW,0.2
L24 1AA,1.2
L24 1AE,1.2
L24 1WP,1.1
L24 1YU,1.1
L24 4YU,1.1
L24 9AE,1.1
L25 2UG,1.2
L25 5AD,0.1
L25 6YT,0.1
L25 7BF,3.2
L25 7BJ,3.2
L25 8YW,0.1
L26 0AF,3.3
L26 0AG,3.3
L26 0AP,3.3
L26 0AQ,3.3
L26 0AR,3.3
L26 5AA,0.1
L3 0BL,1.2
L3 0BP,1.2
L3 1AN,0.2
L3 1AN,0.2
L3 1AN,0.2
L3 1AN,0.2
L3 1AP,0.2
L3 1AP,0.2
L3 1AP,0.2
L3 1AP,0.2
L3 1AR,0.2
L3 1AR,0.2
L3 1AR,0.2
L3 1AR,0.2
L3 1AT,0.2
L3 1AT,0.2
L3 1AT,0.2
L3 1AT,0.2
L3 3YW,0.2
L3 5AL,1.1
L30 4AF,1.2
L31 1FG,0.1
L31 1FH,0.1
L31 1FP,0.1
L31 1FQ,0.1
L31 4AH,3.2
L31 5AB,0.1
L31 8YW,0.1
L32 1BX,1.2
L32 1BY,1.2
L32 4AB,1.2
L32 4AD,1.2
L32 4AE,1.2
L32 4AJ,1.2
L32 6AB,1.2
L33 4XU,1.1
L33 7AP,1.2
L33 7AQ,1.2
L33 7AR,1.2
L34 1AS,0.1
L34 1AT,0.1
L34 1BP,0.1
L34 1BQ,0.1
L34 2AF,1.1
L34 3AE,0.1
L34 3AN,0.1
L34 4BB,1.2
L35 1AA,3.2
L35 1AB,3.2
L35 2WY,1.1
L35 2WY,1.1
L37 1XL,3.3
L37 6FN,0.1
L37 6FQ,0.1
L37 6FS,0.1
L37 6FT,0.1
L37 6FX,0.1
L37 6FY,0.1
L37 6FZ,0.1
L37 6GA,0.1
L37 6GB,0.1
L38 0YW,3.3
L4 6AD,1.2
L4 7AB,1.2
L5 3AB,1.1
L5 3AD,1.1
L6 0BF,1.2
L6 9AN,1.1
L7 0AF,1.1
L7 0AH,1.1
L7 0AJ,1.1
L7 0AL,1.1
L7 9NP,1.1
L8 0AB,1.1
L8 5QX,0.2
L8 5QY,0.2
L9 7WN,1.1
PR8 2FU,3.2
PR8 3FF,1.2
PR8 4AL,0.1
PR8 4BF,0.1
PR8 5BW,0.1
PR8 9US,0.1
PR9 7AY,3.2
PR9 8SS,3.2
PR9 8ST,3.2
PR9 8TA,3.2
WA10 1GR,1.1
WA10 5FR,3.3
WA10 9JX,1.1
WA10 9JY,1.1
WA10 9TJ,1.2
WA10 9TL,1.2
WA11 8GP,3.2
WA11 8GQ,3.2
WA11 9FX,1.1
WA12 8AW,0.1
WA7 1UW,3.3
WA7 1YF,3.3
WA7 1YG,3.3
WA7 1YJ,1.2
WA7 1YL,1.2
WA7 5GW,1.2
WA7 5GX,1.2
WA7 5GY,3.2
WA7 5GZ,1.2
WA7 9EJ,1.2
WA7 9EL,1.2
WA7 9EP,1.2
WA7 9ET,1.2
WA8 2FP,1.1
WA9 3AA,1.1
WA9 4BY,3.3
WA9 4BY,3.1
WA9 5XQ,0.1
WA9 5XS,1.2
CH45 7AD,1.2
L18 8YR,0.1
WA12 2EB,1.1
